X.1,SIndex,FullId,Station,Time,X,Y,Z,HPE,HPEm,RMSE,SensorValu,SensorUnit,nBasic,RxDetected,nRxDetecte,RxUsed,nRxUsed,Longitude,Latitude,DateTime,DateTimeLo,habitat
8,44285,A69-1604-28093,NA,2024/06/22 03:02:55.681,5011.350000000000364,5138.449999999999818,-1,2.273600000000000,NA,0.153900000000000,NA,NA,15,488550 486914 486912 487450 484753 486916 486918,7,488550 486914 486912 487450 484753 486916,6,-88.295832000000004,30.387565500000001,2024/06/22 03:02:55.681,2024/06/21 22:02:55.681,SAV
43,44988,A69-1604-28093,NA,2024/06/22 05:23:26.613,5026.439999999999600,5147.260000000000218,-1,4.762400000000000,NA,0.196100000000000,NA,NA,9,486914 488550 486912 487450 484753 486916 486918 486919 486917,9,486914 488550 486912 487450 484753 486916,6,-88.295674899999995,30.387644999999999,2024/06/22 05:23:26.613,2024/06/22 00:23:26.613,SAV
44,45014,A69-1604-28093,NA,2024/06/22 05:28:43.301,5030.319999999999709,5150.880000000000109,-1,6.575500000000000,NA,0.128900000000000,NA,NA,9,486914 488550 484753 486912 487450 486916 486915 486919 486909,9,486914 488550 484753 486912 487450 486916,6,-88.295634500000006,30.387677600000000,2024/06/22 05:28:43.301,2024/06/22 00:28:43.301,SAV
45,45029,A69-1604-28093,NA,2024/06/22 05:31:19.638,5029.800000000000182,5152.130000000000109,-1,9.168799999999999,NA,0.182900000000000,NA,NA,3,486914 488550 484753 487450 486919,5,486914 488550 484753 487450 486919,5,-88.295640000000006,30.387689000000002,2024/06/22 05:31:19.638,2024/06/22 00:31:19.638,SAV
46,45043,A69-1604-28093,NA,2024/06/22 05:33:28.841,5026.560000000000400,5151.430000000000291,-1,7.564400000000000,NA,0.175900000000000,NA,NA,6,488550 486914 486912 484753 487450 486916 486915 486919 486909 486917,10,488550 486914 486912 484753 487450 486916,6,-88.295673600000001,30.387682600000002,2024/06/22 05:33:28.841,2024/06/22 00:33:28.841,SAV
47,54322,A69-1604-28093,NA,2024/06/23 19:30:39.521,5020.170000000000073,5155.159999999999854,-1,9.370300000000000,NA,0.217400000000000,NA,NA,4,488550 486914 487450 484753 486916 486919,6,488550 486914 487450 484753 486916 486919,6,-88.295740199999997,30.387716200000000,2024/06/23 19:30:39.521,2024/06/23 14:30:39.521,SAV
49,54538,A69-1604-28093,NA,2024/06/23 20:23:16.356,4982.479999999999563,5133.220000000000255,-1,12.394299999999999,NA,0.000000000000000,NA,NA,1,486912 488550 486914,3,486912 488550 486914,3,-88.296132299999996,30.387518400000001,2024/06/23 20:23:16.356,2024/06/23 15:23:16.356,SAV
51,54777,A69-1604-28093,NA,2024/06/23 21:25:29.927,4991.500000000000000,5137.649999999999636,-1,3.447300000000000,NA,0.237300000000000,NA,NA,14,488550 486912 486914 487450 484753 486916,6,488550 486912 486914 487450 484753 486916,6,-88.296038499999995,30.387558299999998,2024/06/23 21:25:29.927,2024/06/23 16:25:29.927,SAV
53,54862,A69-1604-28093,NA,2024/06/23 21:48:23.826,5000.989999999999782,5135.029999999999745,-1,4.172300000000000,NA,0.086800000000000,NA,NA,12,488550 486914 487450 484753 486916 486909,6,488550 486914 487450 484753 486916 486909,6,-88.295939700000005,30.387534700000000,2024/06/23 21:48:23.826,2024/06/23 16:48:23.826,SAV
54,54867,A69-1604-28093,NA,2024/06/23 21:50:45.199,5019.970000000000255,5132.710000000000036,-1,3.734700000000000,NA,0.298900000000000,NA,NA,6,486914 488550 487450 484753 486916 486919 486909,7,486914 488550 487450 484753 486916 486919,6,-88.295742200000007,30.387513700000000,2024/06/23 21:50:45.199,2024/06/23 16:50:45.199,SAV
55,54875,A69-1604-28093,NA,2024/06/23 21:53:24.332,5003.539999999999964,5135.829999999999927,-1,7.715100000000000,NA,0.000000000000000,NA,NA,1,488550 486914 487450,3,488550 486914 487450,3,-88.295913200000001,30.387541899999999,2024/06/23 21:53:24.332,2024/06/23 16:53:24.332,SAV
56,54894,A69-1604-28093,NA,2024/06/23 21:58:04.535,4986.050000000000182,5122.340000000000146,-1,8.099000000000000,NA,0.000000000000000,NA,NA,1,486912 488550 486914,3,486912 488550 486914,3,-88.296095199999996,30.387420299999999,2024/06/23 21:58:04.535,2024/06/23 16:58:04.535,SAV
98,57713,A69-1604-28093,NA,2024/06/24 10:01:13.633,4938.930000000000291,5104.420000000000073,-1,8.399300000000000,NA,0.146500000000000,NA,NA,10,486912 486915 487450 488550 486918 486917 486914 484753 486909,9,486912 486915 487450 488550 486918 486917,6,-88.296585399999998,30.387258599999999,2024/06/24 10:01:13.633,2024/06/24 05:01:13.633,SAV
99,57728,A69-1604-28093,NA,2024/06/24 10:03:44.815,4947.500000000000000,5115.649999999999636,-1,8.777100000000004,NA,0.251600000000000,NA,NA,9,486912 486915 488550 487450 486914 486918 486917 486909,8,486912 486915 488550 487450 486914 486918,6,-88.296496200000007,30.387359900000000,2024/06/24 10:03:44.815,2024/06/24 05:03:44.815,SAV
100,57741,A69-1604-28093,NA,2024/06/24 10:06:43.618,4954.289999999999964,5118.520000000000437,-1,7.470700000000000,NA,0.129500000000000,NA,NA,9,486912 486915 488550 487450 486914 486918 484753 486916 486909,9,486912 486915 488550 487450 486914 486918,6,-88.296425600000006,30.387385800000001,2024/06/24 10:06:43.618,2024/06/24 05:06:43.618,SAV
101,57751,A69-1604-28093,NA,2024/06/24 10:09:37.492,4982.310000000000400,5133.479999999999563,-1,3.706000000000000,NA,0.213000000000000,NA,NA,14,486912 488550 487450 486914 486915 484753 486918 486916 486917 486909 486919,11,486912 488550 487450 486914 486915 484753,6,-88.296133999999995,30.387520800000001,2024/06/24 10:09:37.492,2024/06/24 05:09:37.492,SAV
121,61857,A69-1604-28093,NA,2024/06/25 03:51:43.109,4968.039999999999964,5102.479999999999563,-1,4.654000000000000,NA,0.208000000000000,NA,NA,6,486912 486915 487450 484753 486909,5,486912 486915 487450 484753 486909,5,-88.296282599999998,30.387241100000001,2024/06/25 03:51:43.109,2024/06/24 22:51:43.109,SAV
178,63100,A69-1604-28093,NA,2024/06/25 08:16:21.183,5015.149999999999636,5130.220000000000255,-1,2.092900000000000,NA,0.084300000000000,NA,NA,15,488550 486914 486912 487450 484753 486916 486915 486918,8,488550 486914 486912 487450 484753 486916,6,-88.295792399999996,30.387491300000001,2024/06/25 08:16:21.183,2024/06/25 03:16:21.183,SAV
179,63110,A69-1604-28093,NA,2024/06/25 08:18:36.236,5015.140000000000327,5130.340000000000146,-1,2.098700000000000,NA,0.139200000000000,NA,NA,15,488550 486914 486912 487450 484753 486916 486918 486919 486909,9,488550 486914 486912 487450 484753 486916,6,-88.295792500000005,30.387492399999999,2024/06/25 08:18:36.236,2024/06/25 03:18:36.236,SAV
181,63156,A69-1604-28093,NA,2024/06/25 08:26:27.429,4962.189999999999600,5125.350000000000364,-1,6.554200000000000,NA,0.100500000000000,NA,NA,8,486912 488550 486915 487450 486914 484753 486918 486916 486909,9,488550 486915 487450 486914 484753,5,-88.296343399999998,30.387447300000002,2024/06/25 08:26:27.429,2024/06/25 03:26:27.429,SAV
182,63167,A69-1604-28093,NA,2024/06/25 08:28:34.313,4943.500000000000000,5113.579999999999927,-1,14.589000000000000,NA,0.132200000000000,NA,NA,7,486912 486915 487450 486918 486914 486916 486909,7,486912 486915 487450 486918 486914 486916,6,-88.296537799999996,30.387341200000002,2024/06/25 08:28:34.313,2024/06/25 03:28:34.313,SAV
183,63201,A69-1604-28093,NA,2024/06/25 08:35:29.324,4937.930000000000291,5090.500000000000000,-1,14.272900000000000,NA,0.561200000000000,NA,NA,4,487450 486918 486917 486914 486909,5,487450 486918 486917 486914 486909,5,-88.296595800000006,30.387132999999999,2024/06/25 08:35:29.324,2024/06/25 03:35:29.324,SAV
184,63214,A69-1604-28093,NA,2024/06/25 08:38:23.464,4932.850000000000364,5093.430000000000291,-1,8.448900000000000,NA,0.130600000000000,NA,NA,8,486915 486912 487450 488550 486918 486917 486914 486909 486916,9,486915 486912 487450 488550 486918 486917,6,-88.296648599999997,30.387159400000002,2024/06/25 08:38:23.464,2024/06/25 03:38:23.464,SAV
185,63244,A69-1604-28093,NA,2024/06/25 08:43:34.041,4925.100000000000364,5084.920000000000073,-1,9.615000000000000,NA,0.131500000000000,NA,NA,8,486915 486912 487450 486917 486918 488550 486909 486919,8,486915 486912 487450 486917 486918 488550,6,-88.296729299999996,30.387082700000001,2024/06/25 08:43:34.041,2024/06/25 03:43:34.041,SAV
201,63667,A69-1604-28093,NA,2024/06/25 10:06:18.571,4910.439999999999600,5080.289999999999964,-1,13.004000000000000,NA,0.062700000000000,NA,NA,7,486915 486912 486917 487450 486918 488550 486909 486914 486916 486919,10,486915 486912 486917 487450 486918 488550,6,-88.296881900000002,30.387040899999999,2024/06/25 10:06:18.571,2024/06/25 05:06:18.571,SAV
215,64060,A69-1604-28093,NA,2024/06/25 11:38:47.657,4976.329999999999927,5140.079999999999927,-1,5.997700000000000,NA,0.096100000000000,NA,NA,13,486912 488550 487450 486914 486915 484753 486918 486916 486909 486919,10,486912 488550 487450 486914 486915 484753,6,-88.296196300000005,30.387580300000000,2024/06/25 11:38:47.657,2024/06/25 06:38:47.657,SAV
216,64072,A69-1604-28093,NA,2024/06/25 11:41:45.275,4978.539999999999964,5138.289999999999964,-1,5.065000000000000,NA,0.253700000000000,NA,NA,14,486912 488550 487450 486914 486915 484753 486918 486916 486917 486909 486919,11,486912 488550 487450 486914 486915 484753,6,-88.296173199999998,30.387564099999999,2024/06/25 11:41:45.275,2024/06/25 06:41:45.275,SAV
218,64110,A69-1604-28093,NA,2024/06/25 11:49:33.212,4981.350000000000364,5144.409999999999854,-1,7.072900000000000,NA,0.424500000000000,NA,NA,9,488550 486912 486914 487450 486915 484753 486916 486918 486909 486917,10,488550 486912 486914 487450 486915 484753,6,-88.296143999999998,30.387619300000001,2024/06/25 11:49:33.212,2024/06/25 06:49:33.212,SAV
219,64120,A69-1604-28093,NA,2024/06/25 11:52:01.837,4993.010000000000218,5143.680000000000291,-1,5.425400000000000,NA,0.434700000000000,NA,NA,10,488550 486912 486914 487450 484753 486915 486916 486919,8,488550 486912 486914 487450 484753 486915,6,-88.296022699999995,30.387612699999998,2024/06/25 11:52:01.837,2024/06/25 06:52:01.837,SAV
220,64134,A69-1604-28093,NA,2024/06/25 11:54:55.246,4986.079999999999927,5139.449999999999818,-1,4.136700000000001,NA,0.328500000000000,NA,NA,13,488550 486912 486914 487450 486915 484753 486916 486909 486917,9,488550 486912 486914 487450 486915 484753,6,-88.296094800000006,30.387574499999999,2024/06/25 11:54:55.246,2024/06/25 06:54:55.246,SAV
221,64150,A69-1604-28093,NA,2024/06/25 11:57:38.623,4992.029999999999745,5143.810000000000400,-1,4.613900000000000,NA,0.133100000000000,NA,NA,11,488550 486912 486914 487450 484753 486915 486916 486918 486919 486909,10,488550 486912 486914 487450 484753 486915,6,-88.296032900000000,30.387613900000002,2024/06/25 11:57:38.623,2024/06/25 06:57:38.623,SAV
223,64172,A69-1604-28093,NA,2024/06/25 12:02:43.833,4979.449999999999818,5136.569999999999709,-1,4.605600000000000,NA,0.337700000000000,NA,NA,6,486912 488550 487450 486915 486917 486919,6,486912 488550 487450 486915 486917 486919,6,-88.296163800000002,30.387548599999999,2024/06/25 12:02:43.833,2024/06/25 07:02:43.833,SAV
224,64196,A69-1604-28093,NA,2024/06/25 12:07:42.246,4975.050000000000182,5125.399999999999636,-1,4.645200000000000,NA,0.139500000000000,NA,NA,12,486912 488550 487450 486915 486914 484753 486918 486916 486909 486919,10,486912 488550 487450 486915 486914 484753,6,-88.296209599999997,30.387447900000002,2024/06/25 12:07:42.246,2024/06/25 07:07:42.246,SAV
244,67400,A69-1604-28093,NA,2024/06/26 02:05:25.643,4950.060000000000400,5115.949999999999818,-1,13.225199999999999,NA,0.283300000000000,NA,NA,7,486912 486915 487450 486914 486918 484753 486916,7,486912 486915 487450 486914 486918 484753,6,-88.296469599999995,30.387362599999999,2024/06/26 02:05:25.643,2024/06/25 21:05:25.643,SAV
245,67426,A69-1604-28093,NA,2024/06/26 02:10:30.817,4983.890000000000327,5140.109999999999673,-1,5.360800000000000,NA,0.248100000000000,NA,NA,13,488550 486912 486914 487450 484753 486919,6,488550 486912 486914 487450 484753 486919,6,-88.296117600000002,30.387580600000000,2024/06/26 02:10:30.817,2024/06/25 21:10:30.817,SAV
246,67437,A69-1604-28093,NA,2024/06/26 02:12:51.463,4982.170000000000073,5143.909999999999854,-1,7.148900000000000,NA,0.161100000000000,NA,NA,9,488550 486912 486914 487450 484753 486916,6,488550 486912 486914 487450 484753 486916,6,-88.296135500000005,30.387614800000001,2024/06/26 02:12:51.463,2024/06/25 21:12:51.463,SAV
253,70365,A69-1604-28093,NA,2024/06/26 13:16:26.800,4961.039999999999964,5103.859999999999673,-1,4.773900000000000,NA,0.164700000000000,NA,NA,10,486912 486915 487450 488550 486918 486914 484753 486917 486916 486909 486919,11,486912 486915 487450 488550 486918 486914,6,-88.296355300000002,30.387253500000000,2024/06/26 13:16:26.800,2024/06/26 08:16:26.800,SAV
254,70377,A69-1604-28093,NA,2024/06/26 13:19:29.328,4949.449999999999818,5099.649999999999636,-1,10.440799999999999,NA,0.511400000000000,NA,NA,6,486912 486915 487450 486918 486914,5,486912 486915 487450 486918 486914,5,-88.296475999999998,30.387215600000001,2024/06/26 13:19:29.328,2024/06/26 08:19:29.328,SAV
255,70425,A69-1604-28093,NA,2024/06/26 13:31:11.507,4990.229999999999563,5138.930000000000291,-1,3.133200000000000,NA,0.264400000000000,NA,NA,10,488550 486912 487450 484753 486915 486916,6,488550 486912 487450 484753 486915 486916,6,-88.296051599999998,30.387569899999999,2024/06/26 13:31:11.507,2024/06/26 08:31:11.507,SAV
256,70445,A69-1604-28093,NA,2024/06/26 13:36:35.863,4963.710000000000036,5115.289999999999964,-1,5.409600000000000,NA,0.158900000000000,NA,NA,8,486912 488550 486915 487450 486914 484753 486909,7,488550 486915 487450 486914 484753,5,-88.296327599999998,30.387356600000000,2024/06/26 13:36:35.863,2024/06/26 08:36:35.863,SAV
257,70527,A69-1604-28093,NA,2024/06/26 13:55:51.656,4952.130000000000109,5093.229999999999563,-1,4.642500000000000,NA,0.160400000000000,NA,NA,10,486912 486915 487450 488550 486918 486917 486909,7,486912 486915 487450 488550 486918 486917,6,-88.296448100000006,30.387157699999999,2024/06/26 13:55:51.656,2024/06/26 08:55:51.656,SAV
258,70551,A69-1604-28093,NA,2024/06/26 14:00:38.395,4943.119999999999891,5091.689999999999600,-1,9.248500000000000,NA,0.396800000000000,NA,NA,8,486915 486912 487450 488550 486918 486914 486909 486916 486919,9,486915 486912 487450 488550 486918 486914,6,-88.296541800000000,30.387143800000000,2024/06/26 14:00:38.395,2024/06/26 09:00:38.395,SAV
259,70559,A69-1604-28093,NA,2024/06/26 14:02:54.607,4944.060000000000400,5092.140000000000327,-1,10.507700000000000,NA,0.050700000000000,NA,NA,4,486915 486912 487450 488550 486918,5,486915 486912 487450 488550 486918,5,-88.296531999999999,30.387147800000001,2024/06/26 14:02:54.607,2024/06/26 09:02:54.607,SAV
260,70570,A69-1604-28093,NA,2024/06/26 14:05:23.453,4956.439999999999600,5104.069999999999709,-1,5.589100000000000,NA,0.488400000000000,NA,NA,10,486912 486915 487450 488550 486918 486914 486917 486909,8,486912 486915 487450 488550 486918 486914,6,-88.296403200000000,30.387255400000001,2024/06/26 14:05:23.453,2024/06/26 09:05:23.453,SAV
261,70586,A69-1604-28093,NA,2024/06/26 14:08:17.374,4968.090000000000146,5116.409999999999854,-1,8.408099999999999,NA,0.149300000000000,NA,NA,6,486912 487450 486915 486914 484753 486918 486916 486917 486909 486919,10,487450 486915 486914 484753 486918,5,-88.296282099999999,30.387366700000001,2024/06/26 14:08:17.374,2024/06/26 09:08:17.374,SAV
262,70597,A69-1604-28093,NA,2024/06/26 14:11:01.424,4973.880000000000109,5120.939999999999600,-1,4.538200000000000,NA,0.298600000000000,NA,NA,9,486912 488550 487450 486915 486914 484753 486918 486909,8,486912 488550 487450 486915 486914 484753,6,-88.296221799999998,30.387407600000000,2024/06/26 14:11:01.424,2024/06/26 09:11:01.424,SAV
263,70605,A69-1604-28093,NA,2024/06/26 14:13:26.054,4968.039999999999964,5119.659999999999854,-1,5.175500000000000,NA,0.114900000000000,NA,NA,8,486912 488550 487450 486915 486914 484753 486918,7,488550 487450 486915 486914 484753,5,-88.296282500000004,30.387395999999999,2024/06/26 14:13:26.054,2024/06/26 09:13:26.054,SAV
264,70616,A69-1604-28093,NA,2024/06/26 14:16:11.786,4963.159999999999854,5123.609999999999673,-1,6.211200000000000,NA,0.182400000000000,NA,NA,8,486912 488550 486915 487450 486914 484753 486918 486916 486909 486919,10,488550 486915 487450 486914 484753,5,-88.296333300000001,30.387431700000000,2024/06/26 14:16:11.786,2024/06/26 09:16:11.786,SAV
268,70692,A69-1604-28093,NA,2024/06/26 14:41:44.588,4984.720000000000255,5113.659999999999854,-1,2.337000000000000,NA,0.114200000000000,NA,NA,14,486912 487450 488550 486915 486914 484753 486918 486916 486917 486909 486919,11,486912 487450 488550 486915 486914 484753,6,-88.296108899999993,30.387341899999999,2024/06/26 14:41:44.588,2024/06/26 09:41:44.588,SAV
269,70698,A69-1604-28093,NA,2024/06/26 14:44:08.768,5024.590000000000146,5151.359999999999673,-1,7.336000000000000,NA,0.352100000000000,NA,NA,6,488550 486914 486912 487450 484753 486916 486919 486909,8,488550 486914 486912 487450 484753 486916,6,-88.295694200000000,30.387682000000002,2024/06/26 14:44:08.768,2024/06/26 09:44:08.768,SAV
270,72620,A69-1604-28093,NA,2024/06/27 01:30:13.509,4958.069999999999709,5120.609999999999673,-1,11.090700000000000,NA,0.018800000000000,NA,NA,1,486912 488550 486915 487450,4,488550 486915 487450,3,-88.296386299999995,30.387404600000000,2024/06/27 01:30:13.509,2024/06/26 20:30:13.509,SAV
273,76044,A69-1604-28093,NA,2024/06/27 16:30:45.617,4926.960000000000036,5085.689999999999600,-1,12.970200000000000,NA,0.560500000000000,NA,NA,8,486915 486912 487450 486917 486918 486909,6,486915 486912 487450 486917 486918 486909,6,-88.296710000000004,30.387089599999999,2024/06/27 16:30:45.617,2024/06/27 11:30:45.617,SAV
274,76054,A69-1604-28093,NA,2024/06/27 16:33:37.619,4953.550000000000182,5100.090000000000146,-1,8.003500000000004,NA,0.191200000000000,NA,NA,7,486912 486915 487450 486916 486909,5,486912 486915 487450 486916 486909,5,-88.296433300000004,30.387219500000000,2024/06/27 16:33:37.619,2024/06/27 11:33:37.619,SAV
275,76065,A69-1604-28093,NA,2024/06/27 16:36:18.171,4952.859999999999673,5101.220000000000255,-1,10.390000000000001,NA,0.512200000000000,NA,NA,8,486912 486915 487450 486918 484753 486916 486909,7,486912 486915 487450 486918 484753 486916,6,-88.296440500000003,30.387229699999999,2024/06/27 16:36:18.171,2024/06/27 11:36:18.171,SAV
278,76111,A69-1604-28093,NA,2024/06/27 16:46:57.183,4988.470000000000255,5135.350000000000364,-1,6.307500000000000,NA,0.197900000000000,NA,NA,10,486912 487450 486914 486915 484753 486916 486919,7,486912 487450 486914 486915 484753 486916,6,-88.296069900000006,30.387537600000002,2024/06/27 16:46:57.183,2024/06/27 11:46:57.183,SAV
285,77752,A69-1604-28093,NA,2024/06/28 01:19:50.210,4977.170000000000073,5141.560000000000400,-1,9.596600000000000,NA,0.106100000000000,NA,NA,10,486912 488550 487450 486914 484753 486918,6,486912 488550 487450 486914 484753 486918,6,-88.296187599999996,30.387593599999999,2024/06/28 01:19:50.210,2024/06/27 20:19:50.210,SAV
288,77976,A69-1604-28093,NA,2024/06/28 02:09:31.050,4963.619999999999891,5124.090000000000146,-1,12.430600000000000,NA,0.292900000000000,NA,NA,2,486915 487450 486914 486916,4,486915 487450 486914 486916,4,-88.296328599999995,30.387436000000001,2024/06/28 02:09:31.050,2024/06/27 21:09:31.050,SAV
289,78002,A69-1604-28093,NA,2024/06/28 02:15:15.603,4975.520000000000437,5131.220000000000255,-1,11.319900000000001,NA,0.201900000000000,NA,NA,6,486912 487450 486914 486915 484753,5,486912 487450 486914 486915 484753,5,-88.296204700000004,30.387500299999999,2024/06/28 02:15:15.603,2024/06/27 21:15:15.603,SAV
290,78009,A69-1604-28093,NA,2024/06/28 02:17:48.925,4963.899999999999636,5122.270000000000437,-1,10.129899999999999,NA,0.070700000000000,NA,NA,6,486912 486915 487450 486914 484753 486918 486916 486909,8,486915 487450 486914 484753 486918,5,-88.296325600000003,30.387419600000001,2024/06/28 02:17:48.925,2024/06/27 21:17:48.925,SAV
293,78654,A69-1604-28093,NA,2024/06/28 05:22:07.449,4979.439999999999600,5140.250000000000000,-1,13.012700000000001,NA,0.106900000000000,NA,NA,3,488550 486912 487450 486914,4,488550 486912 487450 486914,4,-88.296164000000005,30.387581800000000,2024/06/28 05:22:07.449,2024/06/28 00:22:07.449,SAV
324,80139,A69-1604-28093,NA,2024/06/28 11:16:03.422,4971.590000000000146,5133.489999999999782,-1,6.089100000000000,NA,0.044000000000000,NA,NA,11,486912 488550 487450 486914 486915 484753 486918 486916 486917 486909 486919,11,486912 488550 487450 486914 486915 484753,6,-88.296245600000006,30.387520800000001,2024/06/28 11:16:03.422,2024/06/28 06:16:03.422,SAV
327,84247,A69-1604-28093,NA,2024/06/29 10:34:00.889,4973.180000000000291,5143.560000000000400,-1,8.022200000000000,NA,0.520600000000000,NA,NA,10,486912 488550 487450 486914 486915 484753,6,486912 488550 487450 486914 486915 484753,6,-88.296229100000005,30.387611600000000,2024/06/29 10:34:00.889,2024/06/29 05:34:00.889,SAV
328,84265,A69-1604-28093,NA,2024/06/29 10:38:22.826,4964.079999999999927,5120.770000000000437,-1,12.486100000000000,NA,0.473600000000000,NA,NA,2,486912 486915 486914 486918 486909,5,486915 486914 486918 486909,4,-88.296323799999996,30.387406100000000,2024/06/29 10:38:22.826,2024/06/29 05:38:22.826,SAV
329,84274,A69-1604-28093,NA,2024/06/29 10:40:45.842,4959.979999999999563,5121.859999999999673,-1,8.370799999999999,NA,0.240200000000000,NA,NA,4,486912 488550 486915 487450 486914,5,488550 486915 487450 486914,4,-88.296366399999997,30.387415900000001,2024/06/29 10:40:45.842,2024/06/29 05:40:45.842,SAV
330,84291,A69-1604-28093,NA,2024/06/29 10:43:28.041,4983.890000000000327,5150.510000000000218,-1,11.674099999999999,NA,0.154000000000000,NA,NA,8,488550 486912 486914 487450 484753 486916 486919,7,488550 486912 486914 487450 484753 486916,6,-88.296117600000002,30.387674300000000,2024/06/29 10:43:28.041,2024/06/29 05:43:28.041,SAV
336,86873,A69-1604-28093,NA,2024/06/30 00:04:04.072,5052.909999999999854,5129.039999999999964,-1,9.565899999999999,NA,0.046100000000000,NA,NA,2,486914 484753 487450 486916,4,486914 484753 487450 486916,4,-88.295399500000002,30.387480600000000,2024/06/30 00:04:04.072,2024/06/29 19:04:04.072,SAV
338,87471,A69-1604-28093,NA,2024/06/30 02:46:55.894,4968.800000000000182,5135.329999999999927,-1,11.211499999999999,NA,0.301500000000000,NA,NA,2,486912 488550 486915 484753,4,486912 488550 486915 484753,4,-88.296274600000004,30.387537399999999,2024/06/30 02:46:55.894,2024/06/29 21:46:55.894,SAV
341,87528,A69-1604-28093,NA,2024/06/30 03:01:31.725,4952.949999999999818,5113.989999999999782,-1,11.937799999999999,NA,0.191400000000000,NA,NA,7,486912 486915 487450 486914 486918 486917 486909,7,486912 486915 487450 486914 486918 486917,6,-88.296439500000005,30.387344899999999,2024/06/30 03:01:31.725,2024/06/29 22:01:31.725,SAV
343,92635,A69-1604-28093,NA,2024/07/01 01:01:48.846,4989.390000000000327,5137.770000000000437,-1,6.401900000000000,NA,0.069800000000000,NA,NA,3,488550 486912 486914 486916,4,488550 486912 486914 486916,4,-88.296060299999994,30.387559400000001,2024/07/01 01:01:48.846,2024/06/30 20:01:48.846,SAV
353,93054,A69-1604-28093,NA,2024/07/01 02:28:38.257,4971.090000000000146,5125.409999999999854,-1,10.731100000000000,NA,0.084600000000000,NA,NA,2,486912 488550 486915 486918 486917,5,488550 486915 486918 486917,4,-88.296250799999996,30.387447900000002,2024/07/01 02:28:38.257,2024/06/30 21:28:38.257,SAV
354,93178,A69-1604-28093,NA,2024/07/01 02:54:05.165,4943.869999999999891,5094.000000000000000,-1,6.340600000000000,NA,0.487700000000000,NA,NA,8,486915 486912 487450 488550 486918 486917 486914 484753 486916,9,486915 486912 487450 488550 486918 486917,6,-88.296533999999994,30.387164599999998,2024/07/01 02:54:05.165,2024/06/30 21:54:05.165,SAV
362,93390,A69-1604-28093,NA,2024/07/01 03:38:01.416,4957.869999999999891,5100.029999999999745,-1,6.962200000000000,NA,0.215700000000000,NA,NA,4,486912 486915 488550 486918 486917,5,486912 486915 488550 486918 486917,5,-88.296388300000004,30.387219000000002,2024/07/01 03:38:01.416,2024/06/30 22:38:01.416,SAV
363,93458,A69-1604-28093,NA,2024/07/01 03:52:12.492,4963.439999999999600,5125.779999999999745,-1,6.420000000000000,NA,0.282400000000000,NA,NA,8,486912 488550 486915 487450 486914 484753 486917 486909,8,488550 486915 487450 486914 484753,5,-88.296330400000002,30.387451299999999,2024/07/01 03:52:12.492,2024/06/30 22:52:12.492,SAV
364,93470,A69-1604-28093,NA,2024/07/01 03:54:27.531,4971.500000000000000,5117.039999999999964,-1,4.623600000000000,NA,0.156200000000000,NA,NA,8,486912 488550 487450 486915 486914 484753 486918 486917 486909,9,488550 487450 486915 486914 484753,5,-88.296246499999995,30.387372500000001,2024/07/01 03:54:27.531,2024/06/30 22:54:27.531,SAV
365,93480,A69-1604-28093,NA,2024/07/01 03:56:53.799,4979.310000000000400,5126.859999999999673,-1,8.445800000000000,NA,0.023300000000000,NA,NA,2,486912 488550 486914 486915,4,486912 488550 486914 486915,4,-88.296165299999998,30.387460999999998,2024/07/01 03:56:53.799,2024/06/30 22:56:53.799,SAV
366,93495,A69-1604-28093,NA,2024/07/01 03:59:42.788,4987.060000000000400,5130.680000000000291,-1,2.872900000000000,NA,0.213900000000000,NA,NA,14,486912 488550 487450 486914 486915 484753,6,486912 488550 487450 486914 486915 484753,6,-88.296084600000000,30.387495399999999,2024/07/01 03:59:42.788,2024/06/30 22:59:42.788,SAV
367,93533,A69-1604-28093,NA,2024/07/01 04:08:39.544,4980.789999999999964,5138.479999999999563,-1,4.823500000000000,NA,0.168400000000000,NA,NA,13,486912 488550 487450 486914 486915 484753 486918 486916,8,486912 488550 487450 486914 486915 484753,6,-88.296149900000003,30.387565800000001,2024/07/01 04:08:39.544,2024/06/30 23:08:39.544,SAV
369,93606,A69-1604-28093,NA,2024/07/01 04:24:42.201,4963.739999999999782,5128.460000000000036,-1,6.776200000000000,NA,0.271300000000000,NA,NA,9,486912 488550 487450 486915 486914 484753 486916 486917 486909 486919,10,486912 488550 487450 486915 486914 484753,6,-88.296327300000002,30.387475400000000,2024/07/01 04:24:42.201,2024/06/30 23:24:42.201,SAV
372,93785,A69-1604-28093,NA,2024/07/01 05:00:19.632,4960.239999999999782,5127.979999999999563,-1,12.090000000000000,NA,0.178500000000000,NA,NA,6,486912 486915 487450 486914 484753 486918 486916 486909 486919,9,486915 487450 486914 484753 486918,5,-88.296363700000001,30.387471099999999,2024/07/01 05:00:19.632,2024/07/01 00:00:19.632,SAV
373,93806,A69-1604-28093,NA,2024/07/01 05:05:26.246,4931.239999999999782,5110.390000000000327,-1,14.113799999999999,NA,0.433600000000000,NA,NA,6,486912 486915 488550 486918 486917 486914 486909,7,486912 486915 488550 486918 486917 486914,6,-88.296665399999995,30.387312399999999,2024/07/01 05:05:26.246,2024/07/01 00:05:26.246,SAV
378,94269,A69-1604-28093,NA,2024/07/01 06:42:49.958,4969.579999999999927,5137.739999999999782,-1,8.941300000000000,NA,0.319800000000000,NA,NA,4,486912 488550 486915 486916 486909,5,488550 486915 486916 486909,4,-88.296266500000002,30.387559199999998,2024/07/01 06:42:49.958,2024/07/01 01:42:49.958,SAV
382,94431,A69-1604-28093,NA,2024/07/01 07:15:05.441,4955.659999999999854,5132.119999999999891,-1,14.218400000000001,NA,0.247700000000000,NA,NA,6,486912 486915 487450 486914 484753 486918 486916 486917 486909,9,486915 487450 486914 484753 486918,5,-88.296411300000003,30.387508499999999,2024/07/01 07:15:05.441,2024/07/01 02:15:05.441,SAV
392,94808,A69-1604-28093,NA,2024/07/01 08:35:55.251,4960.100000000000364,5135.670000000000073,-1,12.557200000000000,NA,0.433600000000000,NA,NA,5,486912 488550 486915 486914 486918 486917 486909 486919,8,486912 488550 486915 486914 486918 486917,6,-88.296365100000003,30.387540500000000,2024/07/01 08:35:55.251,2024/07/01 03:35:55.251,SAV
406,95246,A69-1604-28093,NA,2024/07/01 10:08:18.150,4912.720000000000255,5101.390000000000327,-1,14.257899999999999,NA,0.354600000000000,NA,NA,8,486915 486912 487450 488550 486917 486918 486914 484753 486916,9,486915 486912 487450 488550 486917 486918,6,-88.296858099999994,30.387231199999999,2024/07/01 10:08:18.150,2024/07/01 05:08:18.150,SAV
409,95292,A69-1604-28093,NA,2024/07/01 10:18:29.243,4966.880000000000109,5135.659999999999854,-1,7.518300000000000,NA,0.200800000000000,NA,NA,10,486912 488550 487450 486915 486914 484753 486918 486916 486917 486909 486919,11,486912 488550 487450 486915 486914 484753,6,-88.296294599999996,30.387540399999999,2024/07/01 10:18:29.243,2024/07/01 05:18:29.243,SAV
411,98645,A69-1604-28093,NA,2024/07/02 00:41:16.275,4951.779999999999745,5105.470000000000255,-1,9.748600000000000,NA,0.155100000000000,NA,NA,8,486912 486915 487450 486918 486914 486917 484753,7,486912 486915 487450 486918 486914 486917,6,-88.296451700000006,30.387267999999999,2024/07/02 00:41:16.275,2024/07/01 19:41:16.275,SAV
415,98814,A69-1604-28093,NA,2024/07/02 01:19:01.439,4955.880000000000109,5103.029999999999745,-1,11.788800000000000,NA,0.100500000000000,NA,NA,4,486912 487450 486917 486909,4,486912 487450 486917 486909,4,-88.296408999999997,30.387246000000001,2024/07/02 01:19:01.439,2024/07/01 20:19:01.439,SAV
416,98839,A69-1604-28093,NA,2024/07/02 01:24:17.218,4980.550000000000182,5133.810000000000400,-1,5.114600000000000,NA,0.278200000000000,NA,NA,12,486912 488550 486914 484753 486916 486909,6,486912 488550 486914 484753 486916 486909,6,-88.296152399999997,30.387523699999999,2024/07/02 01:24:17.218,2024/07/01 20:24:17.218,SAV
417,98874,A69-1604-28093,NA,2024/07/02 01:29:58.248,4974.619999999999891,5122.789999999999964,-1,11.074500000000000,NA,0.279500000000000,NA,NA,4,486912 488550 487450 484753 486918 486919,6,488550 487450 484753 486918 486919,5,-88.296214000000006,30.387424299999999,2024/07/02 01:29:58.248,2024/07/01 20:29:58.248,SAV
418,98885,A69-1604-28093,NA,2024/07/02 01:32:27.117,4978.130000000000109,5121.949999999999818,-1,9.867100000000001,NA,0.430300000000000,NA,NA,5,486912 487450 486915 486914 484753,5,486912 487450 486915 486914 484753,5,-88.296177599999993,30.387416699999999,2024/07/02 01:32:27.117,2024/07/01 20:32:27.117,SAV
420,99102,A69-1604-28093,NA,2024/07/02 02:16:17.285,4979.770000000000437,5137.010000000000218,-1,13.078099999999999,NA,0.436900000000000,NA,NA,1,486912 488550 487450 486918 486909,5,486912 488550 487450,3,-88.296160499999999,30.387552500000002,2024/07/02 02:16:17.285,2024/07/01 21:16:17.285,SAV
421,99115,A69-1604-28093,NA,2024/07/02 02:18:58.545,4983.300000000000182,5129.229999999999563,-1,3.454300000000000,NA,0.096600000000000,NA,NA,14,486912 488550 487450 486914 484753 486916 486909,7,486912 488550 487450 486914 484753 486916,6,-88.296123800000004,30.387482400000000,2024/07/02 02:18:58.545,2024/07/01 21:18:58.545,SAV
422,99126,A69-1604-28093,NA,2024/07/02 02:21:17.600,4986.109999999999673,5118.789999999999964,-1,3.383800000000000,NA,0.254700000000000,NA,NA,6,486912 488550 487450 486914 486918,5,486912 488550 487450 486914 486918,5,-88.296094499999995,30.387388200000000,2024/07/02 02:21:17.600,2024/07/01 21:21:17.600,SAV
427,99246,A69-1604-28093,NA,2024/07/02 02:48:45.087,4929.029999999999745,5085.819999999999709,-1,12.276500000000000,NA,0.120300000000000,NA,NA,7,486915 486912 487450 486917 486918 486914 486909,7,486915 486912 487450 486917 486918 486914,6,-88.296688399999994,30.387090799999999,2024/07/02 02:48:45.087,2024/07/01 21:48:45.087,SAV
429,99276,A69-1604-28093,NA,2024/07/02 02:56:32.485,4918.239999999999782,5083.300000000000182,-1,14.940899999999999,NA,0.130600000000000,NA,NA,8,486915 486912 486917 487450 486918 486909 486916,7,486915 486912 486917 487450 486918 486909,6,-88.296800700000006,30.387067999999999,2024/07/02 02:56:32.485,2024/07/01 21:56:32.485,SAV
431,99303,A69-1604-28093,NA,2024/07/02 03:02:11.129,4916.449999999999818,5082.279999999999745,-1,14.983499999999999,NA,0.279200000000000,NA,NA,4,486915 486912 486917 486918 486909 486914 486916,7,486912 486917 486918 486909 486914,5,-88.296819299999996,30.387058900000000,2024/07/02 03:02:11.129,2024/07/01 22:02:11.129,SAV
434,99369,A69-1604-28093,NA,2024/07/02 03:15:40.926,4922.270000000000437,5085.409999999999854,-1,13.929399999999999,NA,0.375800000000000,NA,NA,8,486915 486912 487450 486917 486918 486909,6,486915 486912 487450 486917 486918 486909,6,-88.296758800000006,30.387087099999999,2024/07/02 03:15:40.926,2024/07/01 22:15:40.926,SAV
435,99391,A69-1604-28093,NA,2024/07/02 03:20:28.559,4924.659999999999854,5085.989999999999782,-1,13.878800000000000,NA,0.097800000000000,NA,NA,7,486915 486912 487450 486917 486918 486914 486909 486919,8,486915 486912 487450 486917 486918 486914,6,-88.296733900000007,30.387092299999999,2024/07/02 03:20:28.559,2024/07/01 22:20:28.559,SAV
439,99455,A69-1604-28093,NA,2024/07/02 03:33:49.422,4947.329999999999927,5115.859999999999673,-1,8.764500000000000,NA,0.225800000000000,NA,NA,9,486912 486915 488550 487450 486914 486918 484753 486909,8,486912 486915 488550 487450 486914 486918,6,-88.296498000000000,30.387361800000001,2024/07/02 03:33:49.422,2024/07/01 22:33:49.422,SAV
440,99464,A69-1604-28093,NA,2024/07/02 03:36:09.175,4947.510000000000218,5109.510000000000218,-1,10.521699999999999,NA,0.407900000000000,NA,NA,8,486912 486915 486918 486914 486917 486909,6,486912 486915 486918 486914 486917 486909,6,-88.296496200000007,30.387304499999999,2024/07/02 03:36:09.175,2024/07/01 22:36:09.175,SAV
441,99477,A69-1604-28093,NA,2024/07/02 03:38:44.846,4938.220000000000255,5104.989999999999782,-1,14.477000000000000,NA,0.202200000000000,NA,NA,9,486912 486915 487450 486918 486917 486914 484753 486916 486909,9,486912 486915 487450 486918 486917 486914,6,-88.296592799999999,30.387263799999999,2024/07/02 03:38:44.846,2024/07/01 22:38:44.846,SAV
450,99625,A69-1604-28093,NA,2024/07/02 04:11:25.840,4945.869999999999891,5111.479999999999563,-1,14.145200000000001,NA,0.359800000000000,NA,NA,7,486912 486915 487450 486918 486914 486909,6,486912 486915 487450 486918 486914 486909,6,-88.296513300000001,30.387322300000001,2024/07/02 04:11:25.840,2024/07/01 23:11:25.840,SAV
452,99667,A69-1604-28093,NA,2024/07/02 04:22:01.584,4939.390000000000327,5102.850000000000364,-1,11.596000000000000,NA,0.219900000000000,NA,NA,9,486912 486915 487450 488550 486918 486914 486916 486909,8,486912 486915 487450 488550 486918 486914,6,-88.296580599999999,30.387244400000000,2024/07/02 04:22:01.584,2024/07/01 23:22:01.584,SAV
453,99675,A69-1604-28093,NA,2024/07/02 04:24:19.912,4935.109999999999673,5096.069999999999709,-1,8.221700000000000,NA,0.152000000000000,NA,NA,8,486915 486912 487450 488550 486918 486917 486914 484753 486909 486916,10,486915 486912 487450 488550 486918 486917,6,-88.296625199999994,30.387183199999999,2024/07/02 04:24:19.912,2024/07/01 23:24:19.912,SAV
477,100371,A69-1604-28093,NA,2024/07/02 06:53:13.667,4948.279999999999745,5122.750000000000000,-1,14.792800000000000,NA,0.218400000000000,NA,NA,7,486912 486915 486914 486918 484753 486909 486919,7,486915 486914 486918 484753 486909,5,-88.296488100000005,30.387423999999999,2024/07/02 06:53:13.667,2024/07/02 01:53:13.667,SAV
492,101235,A69-1604-28093,NA,2024/07/02 10:06:19.669,4986.020000000000437,5149.689999999999600,-1,10.130200000000000,NA,0.230600000000000,NA,NA,8,488550 486912 486914 487450 484753 486916 486918 486919 486917,9,488550 486912 486914 487450 484753 486916,6,-88.296095500000007,30.387667000000000,2024/07/02 10:06:19.669,2024/07/02 05:06:19.669,SAV
584,104982,A69-1604-28093,NA,2024/07/03 01:28:39.557,4997.250000000000000,5125.670000000000073,-1,8.121200000000000,NA,0.000000000000000,NA,NA,1,488550 486914 486918,3,488550 486914 486918,3,-88.295978599999998,30.387450300000001,2024/07/03 01:28:39.557,2024/07/02 20:28:39.557,SAV
596,106328,A69-1604-28093,NA,2024/07/03 07:06:11.582,4969.600000000000364,5127.890000000000327,-1,7.369500000000000,NA,0.133600000000000,NA,NA,5,486912 488550 487450 486915 486914,5,486912 488550 487450 486915 486914,5,-88.296266399999993,30.387470300000000,2024/07/03 07:06:11.582,2024/07/03 02:06:11.582,SAV
597,109075,A69-1604-28093,NA,2024/07/03 19:28:52.963,5016.710000000000036,5135.000000000000000,-1,2.073700000000000,NA,0.245300000000000,NA,NA,16,488550 486914 486912 487450 484753 486918,6,488550 486914 486912 487450 484753 486918,6,-88.295776099999998,30.387534400000000,2024/07/03 19:28:52.963,2024/07/03 14:28:52.963,SAV
690,110556,A69-1604-28093,NA,2024/07/04 01:48:54.891,4992.670000000000073,5129.569999999999709,-1,3.782000000000000,NA,0.470900000000000,NA,NA,4,486912 488550 487450 486914,4,486912 488550 487450 486914,4,-88.296026299999994,30.387485399999999,2024/07/04 01:48:54.891,2024/07/03 20:48:54.891,SAV
698,112248,A69-1604-28093,NA,2024/07/04 08:31:49.712,4953.210000000000036,5111.850000000000364,-1,11.643400000000000,NA,0.929100000000000,NA,NA,6,486912 486915 487450 486914 484753 486909,6,486915 487450 486914 484753 486909,5,-88.296436799999995,30.387325600000000,2024/07/04 08:31:49.712,2024/07/04 03:31:49.712,SAV
699,112267,A69-1604-28093,NA,2024/07/04 08:34:42.896,4974.119999999999891,5126.270000000000437,-1,5.053300000000000,NA,0.180100000000000,NA,NA,9,486912 488550 487450 486915 486914 486918 486909,7,486912 488550 487450 486915 486914 486918,6,-88.296219300000004,30.387455700000000,2024/07/04 08:34:42.896,2024/07/04 03:34:42.896,SAV
700,114787,A69-1604-28093,NA,2024/07/04 19:10:42.771,5003.260000000000218,5121.720000000000255,-1,5.356600000000000,NA,0.393200000000000,NA,NA,6,488550 487450 486914 484753 486916,5,488550 487450 486914 484753 486916,5,-88.295916099999999,30.387414600000000,2024/07/04 19:10:42.771,2024/07/04 14:10:42.771,SAV
726,115537,A69-1604-28093,NA,2024/07/04 21:53:55.615,5061.850000000000364,5126.109999999999673,-1,7.084600000000000,NA,0.052600000000000,NA,NA,5,486914 484753 487450 486916 486919 486918 486909 486917,8,486914 484753 487450 486916 486919 486918,6,-88.295306499999995,30.387454200000001,2024/07/04 21:53:55.615,2024/07/04 16:53:55.615,SAV
766,116723,A69-1604-28093,NA,2024/07/05 02:02:08.450,5001.020000000000437,5131.500000000000000,-1,12.801500000000001,NA,0.000000000000000,NA,NA,1,488550 487450 484753,3,488550 487450 484753,3,-88.295939399999995,30.387502800000000,2024/07/05 02:02:08.450,2024/07/04 21:02:08.450,SAV
767,116752,A69-1604-28093,NA,2024/07/05 02:07:23.525,5012.579999999999927,5128.119999999999891,-1,2.850000000000000,NA,0.335800000000000,NA,NA,11,488550 486914 487450 484753 486916 486909,6,488550 486914 487450 484753 486916 486909,6,-88.295819100000003,30.387472400000000,2024/07/05 02:07:23.525,2024/07/04 21:07:23.525,SAV
768,116767,A69-1604-28093,NA,2024/07/05 02:10:17.434,5012.729999999999563,5139.510000000000218,-1,9.711399999999999,NA,0.000000000000000,NA,NA,1,488550 487450 484753,3,488550 487450 484753,3,-88.295817600000007,30.387575099999999,2024/07/05 02:10:17.434,2024/07/04 21:10:17.434,SAV
769,116896,A69-1604-28093,NA,2024/07/05 02:36:48.523,5010.260000000000218,5131.260000000000218,-1,6.840900000000000,NA,0.042600000000000,NA,NA,3,488550 484753 486916 486919 486909,5,488550 484753 486916 486919 486909,5,-88.295843199999993,30.387500700000000,2024/07/05 02:36:48.523,2024/07/04 21:36:48.523,SAV
770,116930,A69-1604-28093,NA,2024/07/05 02:44:07.584,5005.380000000000109,5132.170000000000073,-1,5.463400000000000,NA,0.203300000000000,NA,NA,4,488550 486914 487450 484753,4,488550 486914 487450 484753,4,-88.295894000000004,30.387508900000000,2024/07/05 02:44:07.584,2024/07/04 21:44:07.584,SAV
771,116945,A69-1604-28093,NA,2024/07/05 02:46:54.720,5006.789999999999964,5126.859999999999673,-1,3.043700000000000,NA,0.505000000000000,NA,NA,11,488550 486914 487450 484753 486916 486918 486919 486909,8,488550 486914 487450 484753 486916 486918,6,-88.295879299999996,30.387460999999998,2024/07/05 02:46:54.720,2024/07/04 21:46:54.720,SAV
773,117024,A69-1604-28093,NA,2024/07/05 03:02:45.219,5006.460000000000036,5122.409999999999854,-1,2.546400000000000,NA,0.801700000000000,NA,NA,8,488550 486912 487450 486914 486916,5,488550 486912 487450 486914 486916,5,-88.295882800000001,30.387420899999999,2024/07/05 03:02:45.219,2024/07/04 22:02:45.219,SAV
774,117070,A69-1604-28093,NA,2024/07/05 03:13:59.589,4997.109999999999673,5134.350000000000364,-1,8.274699999999999,NA,0.402700000000000,NA,NA,2,488550 487450 484753 486918,4,488550 487450 484753 486918,4,-88.295980099999994,30.387528499999998,2024/07/05 03:13:59.589,2024/07/04 22:13:59.589,SAV
775,117084,A69-1604-28093,NA,2024/07/05 03:16:59.139,4989.850000000000364,5130.979999999999563,-1,6.289700000000000,NA,0.000000000000000,NA,NA,1,486912 488550 487450,3,486912 488550 487450,3,-88.296055600000003,30.387498200000000,2024/07/05 03:16:59.139,2024/07/04 22:16:59.139,SAV
777,117180,A69-1604-28093,NA,2024/07/05 03:36:20.053,4994.890000000000327,5142.460000000000036,-1,8.069400000000000,NA,0.000000000000000,NA,NA,1,488550 486912 487450,3,488550 486912 487450,3,-88.296003200000001,30.387601700000001,2024/07/05 03:36:20.053,2024/07/04 22:36:20.053,SAV
787,118731,A69-1604-28093,NA,2024/07/05 09:25:34.386,4949.560000000000400,5135.010000000000218,-1,13.686999999999999,NA,0.167000000000000,NA,NA,3,486912 488550 486915 487450 486909,5,488550 486915 487450 486909,4,-88.296474799999999,30.387534599999999,2024/07/05 09:25:34.386,2024/07/05 04:25:34.386,SAV
789,118834,A69-1604-28093,NA,2024/07/05 09:48:26.650,4973.899999999999636,5135.829999999999927,-1,9.521699999999999,NA,0.073900000000000,NA,NA,12,486912 488550 487450 486914 484753 486918 486916,7,486912 488550 487450 486914 484753 486918,6,-88.296221599999996,30.387541899999999,2024/07/05 09:48:26.650,2024/07/05 04:48:26.650,SAV
841,123576,A69-1604-28093,NA,2024/07/06 04:54:59.619,4959.399999999999636,5102.239999999999782,-1,6.000100000000000,NA,0.224300000000000,NA,NA,9,486912 486915 487450 486918 486914 484753 486916 486909,8,486912 486915 487450 486918 486914 484753,6,-88.296372399999996,30.387238900000000,2024/07/06 04:54:59.619,2024/07/05 23:54:59.619,SAV
842,123593,A69-1604-28093,NA,2024/07/06 04:57:48.591,4943.600000000000364,5088.989999999999782,-1,12.090700000000000,NA,0.296800000000000,NA,NA,2,486915 486912 486918 486917 486909,5,486912 486918 486917 486909,4,-88.296536900000007,30.387119400000000,2024/07/06 04:57:48.591,2024/07/05 23:57:48.591,SAV
846,123955,A69-1604-28093,NA,2024/07/06 06:05:07.704,4985.909999999999854,5141.529999999999745,-1,9.294900000000000,NA,0.135600000000000,NA,NA,3,488550 486912 486914 487450,4,488550 486912 486914 487450,4,-88.296096599999998,30.387593299999999,2024/07/06 06:05:07.704,2024/07/06 01:05:07.704,SAV
847,124189,A69-1604-28093,NA,2024/07/06 06:49:22.729,4972.159999999999854,5129.819999999999709,-1,5.521500000000000,NA,0.073900000000000,NA,NA,12,486912 488550 486915 486914 484753 486909 486919,7,486912 488550 486915 486914 484753 486909,6,-88.296239600000007,30.387487700000001,2024/07/06 06:49:22.729,2024/07/06 01:49:22.729,SAV
850,124429,A69-1604-28093,NA,2024/07/06 07:35:47.322,4962.590000000000146,5126.460000000000036,-1,11.227700000000000,NA,0.268400000000000,NA,NA,6,486912 486915 487450 486914 484753 486918 486916 486917,8,486915 487450 486914 484753 486918,5,-88.296339300000000,30.387457399999999,2024/07/06 07:35:47.322,2024/07/06 02:35:47.322,SAV
852,124763,A69-1604-28093,NA,2024/07/06 08:43:17.672,5035.270000000000437,5150.229999999999563,-1,7.739300000000000,NA,0.343200000000000,NA,NA,9,486914 488550 484753 487450 486912 486916 486915 486918,8,486914 488550 484753 487450 486912 486916,6,-88.295582999999993,30.387671800000000,2024/07/06 08:43:17.672,2024/07/06 03:43:17.672,SAV
854,124843,A69-1604-28093,NA,2024/07/06 08:59:50.627,5029.970000000000255,5159.729999999999563,-1,14.493700000000000,NA,0.567800000000000,NA,NA,5,486914 488550 486912 484753 487450 486916 486918 486909 486917,9,486914 488550 486912 484753 487450 486916,6,-88.295638199999999,30.387757499999999,2024/07/06 08:59:50.627,2024/07/06 03:59:50.627,SAV
855,124922,A69-1604-28093,NA,2024/07/06 09:16:02.503,4976.489999999999782,5146.439999999999600,-1,14.805000000000000,NA,0.551200000000000,NA,NA,8,488550 486912 486914 487450 484753 486909 486919,7,488550 486912 486914 487450 484753 486909,6,-88.296194600000007,30.387637600000001,2024/07/06 09:16:02.503,2024/07/06 04:16:02.503,SAV
857,125007,A69-1604-28093,NA,2024/07/06 09:33:03.941,4934.600000000000364,5111.079999999999927,-1,10.324700000000000,NA,0.204700000000000,NA,NA,6,486912 486915 488550 487450 486918 486917 486914 484753 486916 486909,10,486912 486915 488550 487450 486918 486917,6,-88.296630500000006,30.387318600000000,2024/07/06 09:33:03.941,2024/07/06 04:33:03.941,SAV
903,130477,A69-1604-28093,NA,2024/07/07 08:02:35.085,4958.180000000000291,5122.609999999999673,-1,11.011799999999999,NA,0.154100000000000,NA,NA,6,486912 486915 487450 486914 486918 486916 486909,7,486915 487450 486914 486918 486916,5,-88.296385099999995,30.387422699999998,2024/07/07 08:02:35.085,2024/07/07 03:02:35.085,SAV
908,130586,A69-1604-28093,NA,2024/07/07 08:26:46.950,4928.649999999999636,5095.729999999999563,-1,14.780600000000000,NA,0.260100000000000,NA,NA,7,486915 486912 486918 486917 486909 486916,6,486915 486912 486918 486917 486909 486916,6,-88.296692399999998,30.387180200000000,2024/07/07 08:26:46.950,2024/07/07 03:26:46.950,SAV
910,130611,A69-1604-28093,NA,2024/07/07 08:31:21.527,4946.659999999999854,5113.890000000000327,-1,13.988799999999999,NA,0.173900000000000,NA,NA,7,486912 486915 487450 486914 486918 484753 486916 486909 486919,9,486912 486915 487450 486914 486918 484753,6,-88.296504999999996,30.387343999999999,2024/07/07 08:31:21.527,2024/07/07 03:31:21.527,SAV
918,131005,A69-1604-28093,NA,2024/07/07 09:59:03.268,4950.029999999999745,5099.180000000000291,-1,12.259499999999999,NA,2.109600000000000,NA,NA,8,486912 486915 486918 486914 486916 486909,6,486912 486915 486918 486914 486916 486909,6,-88.296469999999999,30.387211400000002,2024/07/07 09:59:03.268,2024/07/07 04:59:03.268,SAV
921,131073,A69-1604-28093,NA,2024/07/07 10:12:27.706,4976.520000000000437,5125.329999999999927,-1,4.088700000000000,NA,0.327800000000000,NA,NA,12,486912 488550 487450 486915 486914 484753 486916 486909,8,486912 488550 487450 486915 486914 484753,6,-88.296194299999996,30.387447200000000,2024/07/07 10:12:27.706,2024/07/07 05:12:27.706,SAV
923,132854,A69-1604-28093,NA,2024/07/07 17:52:32.900,5024.279999999999745,5155.609999999999673,-1,7.728800000000000,NA,0.499700000000000,NA,NA,6,488550 486914 487450 486916 486918 486919 486909,7,488550 486914 487450 486916 486918 486919,6,-88.295697399999995,30.387720300000002,2024/07/07 17:52:32.900,2024/07/07 12:52:32.900,SAV
927,134312,A69-1604-28093,NA,2024/07/08 01:32:54.608,4993.539999999999964,5138.460000000000036,-1,10.248900000000001,NA,0.122300000000000,NA,NA,7,488550 486914 487450 484753 486916,5,488550 486914 487450 484753 486916,5,-88.296017199999994,30.387565599999999,2024/07/08 01:32:54.608,2024/07/07 20:32:54.608,SAV
928,134321,A69-1604-28093,NA,2024/07/08 01:35:05.191,4980.449999999999818,5120.289999999999964,-1,5.292400000000000,NA,0.272000000000000,NA,NA,9,486912 488550 487450 484753 486916 486909,6,486912 488550 487450 484753 486916 486909,6,-88.296153500000003,30.387401700000002,2024/07/08 01:35:05.191,2024/07/07 20:35:05.191,SAV
938,136147,A69-1604-28093,NA,2024/07/08 08:17:45.101,4947.989999999999782,5111.579999999999927,-1,12.634900000000000,NA,0.169700000000000,NA,NA,7,486912 486915 487450 486918 486914 486917 486916 486909,8,486912 486915 487450 486918 486914 486917,6,-88.296491099999997,30.387323100000000,2024/07/08 08:17:45.101,2024/07/08 03:17:45.101,SAV
962,141210,A69-1604-28093,NA,2024/07/09 10:52:16.087,4981.909999999999854,5133.529999999999745,-1,12.954300000000000,NA,0.000000000000000,NA,NA,1,486912 488550 486914,3,486912 488550 486914,3,-88.296138299999996,30.387521199999998,2024/07/09 10:52:16.087,2024/07/09 05:52:16.087,SAV
970,144303,A69-1604-28093,NA,2024/07/10 04:55:55.466,4972.989999999999782,5136.489999999999782,-1,11.488500000000000,NA,0.534600000000000,NA,NA,9,486912 488550 487450 486914 484753 486916,6,486912 488550 487450 486914 484753 486916,6,-88.296231100000000,30.387547900000001,2024/07/10 04:55:55.466,2024/07/09 23:55:55.466,SAV
975,144550,A69-1604-28093,NA,2024/07/10 05:47:25.339,4986.850000000000364,5133.960000000000036,-1,4.098400000000000,NA,0.277100000000000,NA,NA,7,486912 488550 487450 484753 486916,5,486912 488550 487450 484753 486916,5,-88.296086900000006,30.387525100000001,2024/07/10 05:47:25.339,2024/07/10 00:47:25.339,SAV
976,144563,A69-1604-28093,NA,2024/07/10 05:50:08.930,4984.460000000000036,5143.869999999999891,-1,11.644500000000001,NA,0.344000000000000,NA,NA,2,488550 486912 486914 487450,4,488550 486912 486914 487450,4,-88.296111699999997,30.387614400000000,2024/07/10 05:50:08.930,2024/07/10 00:50:08.930,SAV
977,144643,A69-1604-28093,NA,2024/07/10 06:05:17.733,4948.319999999999709,5096.449999999999818,-1,8.097799999999999,NA,0.422300000000000,NA,NA,12,486912 486915 487450 486918 486916 486909,6,486912 486915 487450 486918 486916 486909,6,-88.296487700000000,30.387186600000000,2024/07/10 06:05:17.733,2024/07/10 01:05:17.733,SAV
981,144704,A69-1604-28093,NA,2024/07/10 06:18:07.342,4937.699999999999818,5090.279999999999745,-1,9.650800000000000,NA,0.210600000000000,NA,NA,8,486915 486912 487450 486918 486917 486909,6,486915 486912 487450 486918 486917 486909,6,-88.296598200000005,30.387131100000001,2024/07/10 06:18:07.342,2024/07/10 01:18:07.342,SAV
988,144900,A69-1604-28093,NA,2024/07/10 06:56:40.840,4956.199999999999818,5110.539999999999964,-1,14.111000000000001,NA,0.207700000000000,NA,NA,8,486912 486915 487450 486918 486917 486909,6,486912 486915 487450 486918 486917 486909,6,-88.296405699999994,30.387313800000001,2024/07/10 06:56:40.840,2024/07/10 01:56:40.840,SAV
1007,145424,A69-1604-28093,NA,2024/07/10 08:40:35.065,4938.100000000000364,5093.079999999999927,-1,10.478300000000001,NA,0.527700000000000,NA,NA,7,486915 486912 487450 486918 486917 486914,6,486915 486912 487450 486918 486917 486914,6,-88.296594099999993,30.387156300000001,2024/07/10 08:40:35.065,2024/07/10 03:40:35.065,SAV
1008,145454,A69-1604-28093,NA,2024/07/10 08:46:10.935,4950.140000000000327,5090.729999999999563,-1,5.134300000000000,NA,0.327700000000000,NA,NA,10,486915 486912 487450 488550 486918 484753 486916 486909,8,486915 486912 487450 488550 486918 484753,6,-88.296468800000000,30.387135099999998,2024/07/10 08:46:10.935,2024/07/10 03:46:10.935,SAV
1022,145723,A69-1604-28093,NA,2024/07/10 09:46:14.891,4949.479999999999563,5095.220000000000255,-1,7.564600000000000,NA,0.359200000000000,NA,NA,9,486912 486915 487450 486918 486917 484753 486916 486909,8,486912 486915 487450 486918 486917 484753,6,-88.296475599999994,30.387175599999999,2024/07/10 09:46:14.891,2024/07/10 04:46:14.891,SAV
1023,145738,A69-1604-28093,NA,2024/07/10 09:49:12.790,4961.710000000000036,5102.229999999999563,-1,6.389500000000000,NA,0.005800000000000,NA,NA,2,486912 486915 487450 488550,4,486912 486915 487450 488550,4,-88.296348399999999,30.387238900000000,2024/07/10 09:49:12.790,2024/07/10 04:49:12.790,SAV
1034,145943,A69-1604-28093,NA,2024/07/10 10:30:53.635,4998.779999999999745,5129.760000000000218,-1,4.275500000000000,NA,0.137700000000000,NA,NA,12,486912 487450 486914 484753 486916 486918,6,486912 487450 486914 484753 486916 486918,6,-88.295962599999996,30.387487100000001,2024/07/10 10:30:53.635,2024/07/10 05:30:53.635,SAV
1036,149137,A69-1604-28093,NA,2024/07/10 23:36:39.804,4995.750000000000000,5134.350000000000364,-1,2.466500000000000,NA,0.226700000000000,NA,NA,15,488550 486912 486914 487450 484753 486916 486918,7,488550 486912 486914 487450 484753 486916,6,-88.295994199999996,30.387528600000000,2024/07/10 23:36:39.804,2024/07/10 18:36:39.804,SAV
1037,149149,A69-1604-28093,NA,2024/07/10 23:38:58.606,4971.420000000000073,5118.489999999999782,-1,7.905900000000000,NA,0.074900000000000,NA,NA,9,486915 486914 484753 486918 486916,5,486915 486914 484753 486918 486916,5,-88.296247399999999,30.387385500000001,2024/07/10 23:38:58.606,2024/07/10 18:38:58.606,SAV
1038,149162,A69-1604-28093,NA,2024/07/10 23:41:32.603,4961.250000000000000,5108.430000000000291,-1,11.963300000000000,NA,0.000000000000000,NA,NA,1,486915 488550 486918,3,486915 488550 486918,3,-88.296353199999999,30.387294799999999,2024/07/10 23:41:32.603,2024/07/10 18:41:32.603,SAV
1039,149181,A69-1604-28093,NA,2024/07/10 23:45:41.872,4945.109999999999673,5110.590000000000146,-1,14.422400000000000,NA,0.317500000000000,NA,NA,7,486912 486915 487450 486918 486914 484753 486909,7,486912 486915 487450 486918 486914 484753,6,-88.296521100000007,30.387314199999999,2024/07/10 23:45:41.872,2024/07/10 18:45:41.872,SAV
1046,149387,A69-1604-28093,NA,2024/07/11 00:27:19.845,4927.239999999999782,5092.800000000000182,-1,14.332400000000000,NA,0.284500000000000,NA,NA,7,486915 486912 487450 486917 486918 486914,6,486915 486912 487450 486917 486918 486914,6,-88.296707100000006,30.387153800000000,2024/07/11 00:27:19.845,2024/07/10 19:27:19.845,SAV
1058,149857,A69-1604-28093,NA,2024/07/11 02:09:15.753,4968.090000000000146,5122.210000000000036,-1,5.547300000000000,NA,0.761300000000000,NA,NA,8,486912 488550 487450 486915 486914 484753 486918 486909,8,488550 487450 486915 486914 484753,5,-88.296282000000005,30.387419099999999,2024/07/11 02:09:15.753,2024/07/10 21:09:15.753,SAV
1064,152207,A69-1604-28093,NA,2024/07/11 10:24:51.589,4963.539999999999964,5124.060000000000400,-1,6.208900000000000,NA,0.166900000000000,NA,NA,8,486912 488550 486915 487450 486914 484753 486918 486916 486909,9,488550 486915 487450 486914 484753,5,-88.296329400000005,30.387435799999999,2024/07/11 10:24:51.589,2024/07/11 05:24:51.589,SAV
1089,161737,A69-1604-28093,NA,2024/07/13 03:04:06.882,4983.310000000000400,5129.890000000000327,-1,3.226200000000000,NA,0.305500000000000,NA,NA,14,486912 488550 487450 486914 486915 484753 486918 486916 486917 486909,10,486912 488550 487450 486914 486915 484753,6,-88.296123699999995,30.387488300000001,2024/07/13 03:04:06.882,2024/07/12 22:04:06.882,SAV
1090,161746,A69-1604-28093,NA,2024/07/13 03:06:19.133,4998.850000000000364,5138.119999999999891,-1,2.655500000000000,NA,0.676400000000000,NA,NA,13,488550 486912 486914 487450 484753 486915 486916 486918 486919 486909 486917,11,488550 486912 486914 487450 484753 486915,6,-88.295962000000003,30.387562500000001,2024/07/13 03:06:19.133,2024/07/12 22:06:19.133,SAV
1093,163890,A69-1604-28093,NA,2024/07/13 11:04:51.159,5061.449999999999818,5140.380000000000109,-1,12.082300000000000,NA,0.285500000000000,NA,NA,6,486914 484753 488550 487450 486916 486912 486919 486918 486909,9,484753 488550 487450 486916 486912,5,-88.295310599999993,30.387582900000002,2024/07/13 11:04:51.159,2024/07/13 06:04:51.159,SAV
1098,167937,A69-1604-28093,NA,2024/07/14 05:23:24.476,4964.060000000000400,5123.380000000000109,-1,6.065600000000000,NA,0.152200000000000,NA,NA,8,486912 488550 486915 487450 486914 484753 486918 486916 486909,9,488550 486915 487450 486914 484753,5,-88.296323900000004,30.387429600000001,2024/07/14 05:23:24.476,2024/07/14 00:23:24.476,SAV
1099,167948,A69-1604-28093,NA,2024/07/14 05:25:53.335,4986.729999999999563,5139.649999999999636,-1,5.616900000000000,NA,0.236900000000000,NA,NA,6,488550 486912 486914 484753 486916,5,488550 486912 486914 484753 486916,5,-88.296088100000006,30.387576400000000,2024/07/14 05:25:53.335,2024/07/14 00:25:53.335,SAV
1100,167958,A69-1604-28093,NA,2024/07/14 05:28:47.486,4983.000000000000000,5145.760000000000218,-1,11.918300000000000,NA,0.021200000000000,NA,NA,2,488550 486912 487450 486917,4,488550 486912 487450 486917,4,-88.296126900000004,30.387631500000001,2024/07/14 05:28:47.486,2024/07/14 00:28:47.486,SAV
1107,172434,A69-1604-28093,NA,2024/07/15 02:51:58.831,4936.810000000000400,5093.789999999999964,-1,12.717700000000001,NA,0.208100000000000,NA,NA,7,486915 486912 487450 486918 486917 484753 486909,7,486915 486912 487450 486918 486917 484753,6,-88.296607399999999,30.387162700000001,2024/07/15 02:51:58.831,2024/07/14 21:51:58.831,SAV
1117,172699,A69-1604-28093,NA,2024/07/15 03:50:37.509,4947.489999999999782,5104.460000000000036,-1,10.496000000000000,NA,0.143800000000000,NA,NA,12,486912 486915 487450 486918 486917 486909,6,486912 486915 487450 486918 486917 486909,6,-88.296496399999995,30.387258899999999,2024/07/15 03:50:37.509,2024/07/14 22:50:37.509,SAV
1118,172718,A69-1604-28093,NA,2024/07/15 03:55:02.222,4978.300000000000182,5123.829999999999927,-1,3.541500000000000,NA,0.098800000000000,NA,NA,14,486912 488550 487450 486915 486914 484753 486918 486909,8,486912 488550 487450 486915 486914 484753,6,-88.296175700000006,30.387433699999999,2024/07/15 03:55:02.222,2024/07/14 22:55:02.222,SAV
1119,172732,A69-1604-28093,NA,2024/07/15 03:57:28.978,4975.750000000000000,5124.229999999999563,-1,4.425400000000000,NA,0.115000000000000,NA,NA,12,486912 488550 487450 486915 486914 484753 486918 486916 486917 486909,10,486912 488550 487450 486915 486914 484753,6,-88.296202300000004,30.387437299999998,2024/07/15 03:57:28.978,2024/07/14 22:57:28.978,SAV
1120,172746,A69-1604-28093,NA,2024/07/15 04:00:18.904,4979.699999999999818,5123.560000000000400,-1,3.460400000000000,NA,0.407600000000000,NA,NA,13,486912 488550 487450 486914 486915 484753 486918 486916 486909,9,486912 488550 487450 486914 486915 484753,6,-88.296161299999994,30.387431200000002,2024/07/15 04:00:18.904,2024/07/14 23:00:18.904,SAV
1121,172755,A69-1604-28093,NA,2024/07/15 04:02:55.032,4973.560000000000400,5117.710000000000036,-1,4.463300000000001,NA,0.131300000000000,NA,NA,8,486912 488550 487450 486915 486914 484753 486918 486916 486917 486909 486919,11,488550 487450 486915 486914 484753,5,-88.296225100000001,30.387378500000001,2024/07/15 04:02:55.032,2024/07/14 23:02:55.032,SAV
1122,172773,A69-1604-28093,NA,2024/07/15 04:07:17.407,4993.329999999999927,5128.840000000000146,-1,3.613200000000000,NA,0.038200000000000,NA,NA,4,486912 488550 486914 486919,4,486912 488550 486914 486919,4,-88.296019400000006,30.387478900000001,2024/07/15 04:07:17.407,2024/07/14 23:07:17.407,SAV
1124,172831,A69-1604-28093,NA,2024/07/15 04:19:51.125,5022.899999999999636,5151.899999999999636,-1,7.645200000000000,NA,0.734500000000000,NA,NA,6,488550 486914 486912 487450 484753 486916 486915 486918 486909,9,488550 486914 486912 487450 484753 486916,6,-88.295711699999998,30.387686899999999,2024/07/15 04:19:51.125,2024/07/14 23:19:51.125,SAV
1126,186064,A69-1604-28093,NA,2024/07/17 20:20:52.862,5008.060000000000400,5138.010000000000218,-1,2.980600000000000,NA,0.296600000000000,NA,NA,12,488550 486914 487450 484753 486916 486918 486909,7,488550 486914 487450 484753 486916 486918,6,-88.295866099999998,30.387561600000002,2024/07/17 20:20:52.862,2024/07/17 15:20:52.862,SAV
1176,188470,A69-1604-28093,NA,2024/07/18 06:35:44.342,4956.729999999999563,5120.109999999999673,-1,7.392000000000000,NA,0.616200000000000,NA,NA,8,486912 488550 486915 487450 486914 486918 486916 486909 486919,9,488550 486915 487450 486914 486918,5,-88.296400199999994,30.387400199999998,2024/07/18 06:35:44.342,2024/07/18 01:35:44.342,SAV
1254,193250,A69-1604-28093,NA,2024/07/19 03:20:31.272,5006.260000000000218,5122.420000000000073,-1,2.059200000000000,NA,0.223400000000000,NA,NA,14,488550 486912 487450 486914 484753 486916 486918 486909 486917,9,488550 486912 487450 486914 484753 486916,6,-88.295884900000004,30.387421000000000,2024/07/19 03:20:31.272,2024/07/18 22:20:31.272,SAV
1258,193492,A69-1604-28093,NA,2024/07/19 04:08:21.235,4978.569999999999709,5127.229999999999563,-1,3.764300000000000,NA,0.181700000000000,NA,NA,14,486912 488550 487450 486914 486915 484753 486918 486916,8,486912 488550 487450 486914 486915 484753,6,-88.296172999999996,30.387464300000001,2024/07/19 04:08:21.235,2024/07/18 23:08:21.235,SAV
1259,193549,A69-1604-28093,NA,2024/07/19 04:20:04.146,4976.470000000000255,5132.979999999999563,-1,4.867700000000000,NA,0.195900000000000,NA,NA,10,486912 488550 487450 486914 486915 486916 486917,7,486912 488550 487450 486914 486915 486916,6,-88.296194799999995,30.387516200000000,2024/07/19 04:20:04.146,2024/07/18 23:20:04.146,SAV
1260,193568,A69-1604-28093,NA,2024/07/19 04:22:40.732,4976.500000000000000,5136.949999999999818,-1,7.220500000000000,NA,0.333800000000000,NA,NA,14,486912 488550 487450 486914 484753 486916,6,486912 488550 487450 486914 484753 486916,6,-88.296194499999999,30.387552100000001,2024/07/19 04:22:40.732,2024/07/18 23:22:40.732,SAV
1261,193589,A69-1604-28093,NA,2024/07/19 04:27:06.129,4960.770000000000437,5112.569999999999709,-1,8.613000000000000,NA,0.272700000000000,NA,NA,7,486912 486915 487450 486914 486918 486916,6,486912 486915 487450 486914 486918 486916,6,-88.296358200000000,30.387332099999998,2024/07/19 04:27:06.129,2024/07/18 23:27:06.129,SAV
1265,193647,A69-1604-28093,NA,2024/07/19 04:39:54.224,4942.869999999999891,5106.869999999999891,-1,13.396900000000000,NA,0.211200000000000,NA,NA,8,486912 486915 487450 486918 486914 486917 484753,7,486912 486915 487450 486918 486914 486917,6,-88.296544499999996,30.387280700000002,2024/07/19 04:39:54.224,2024/07/18 23:39:54.224,SAV
1270,193958,A69-1604-28093,NA,2024/07/19 05:42:00.276,4938.329999999999927,5119.529999999999745,-1,12.356100000000000,NA,0.018200000000000,NA,NA,9,486912 486915 488550 487450 486914 486918 486917 484753 486916 486909,10,486912 486915 488550 487450 486914 486918,6,-88.296591599999999,30.387394900000000,2024/07/19 05:42:00.276,2024/07/19 00:42:00.276,SAV
1276,194148,A69-1604-28093,NA,2024/07/19 06:25:06.456,4957.189999999999600,5136.119999999999891,-1,9.106400000000001,NA,0.088600000000000,NA,NA,6,486912 488550 486915 487450 486918 486916 486909,7,488550 486915 487450 486918 486916,5,-88.296395399999994,30.387544500000001,2024/07/19 06:25:06.456,2024/07/19 01:25:06.456,SAV
1281,194528,A69-1604-28093,NA,2024/07/19 07:43:40.797,4928.659999999999854,5111.739999999999782,-1,11.615700000000000,NA,0.132400000000000,NA,NA,5,486912 486915 488550 487450 486918 486917 484753 486909,8,486912 486915 488550 487450 486918 486917,6,-88.296692300000004,30.387324599999999,2024/07/19 07:43:40.797,2024/07/19 02:43:40.797,SAV
1282,194695,A69-1604-28093,NA,2024/07/19 08:26:03.041,4946.149999999999636,5125.979999999999563,-1,13.186900000000000,NA,0.259900000000000,NA,NA,11,486915 487450 486914 484753 486909 486919,6,486915 487450 486914 484753 486909 486919,6,-88.296510299999994,30.387453000000001,2024/07/19 08:26:03.041,2024/07/19 03:26:03.041,SAV
1289,194932,A69-1604-28093,NA,2024/07/19 09:24:37.030,4930.149999999999636,5114.909999999999854,-1,11.777900000000001,NA,0.418200000000000,NA,NA,5,486912 486915 488550 487450 486918 486917 484753 486916 486909 486919,10,486912 486915 488550 487450 486918 486917,6,-88.296676800000000,30.387353200000000,2024/07/19 09:24:37.030,2024/07/19 04:24:37.030,SAV
1292,203189,A69-1604-28093,NA,2024/07/21 05:10:42.770,4962.359999999999673,5108.350000000000364,-1,7.950700000000000,NA,0.231100000000000,NA,NA,7,486912 486915 487450 486914 486918 486917 486909,7,486912 486915 487450 486914 486918 486917,6,-88.296341600000005,30.387294000000001,2024/07/21 05:10:42.770,2024/07/21 00:10:42.770,SAV
1293,203218,A69-1604-28093,NA,2024/07/21 05:19:13.466,4944.579999999999927,5098.039999999999964,-1,9.343700000000000,NA,0.270500000000000,NA,NA,11,486912 486915 487450 486918 486917 486909,6,486912 486915 487450 486918 486917 486909,6,-88.296526600000007,30.387201099999999,2024/07/21 05:19:13.466,2024/07/21 00:19:13.466,SAV
1296,203269,A69-1604-28093,NA,2024/07/21 05:29:33.787,4958.800000000000182,5107.090000000000146,-1,12.512300000000000,NA,0.205900000000000,NA,NA,6,486912 486915 487450 486918 484753 486917 486916 486909,8,486912 486915 487450 486918 484753 486917,6,-88.296378700000005,30.387282700000000,2024/07/21 05:29:33.787,2024/07/21 00:29:33.787,SAV
1299,203316,A69-1604-28093,NA,2024/07/21 05:42:45.341,4952.979999999999563,5099.750000000000000,-1,7.943200000000000,NA,0.180900000000000,NA,NA,7,486912 486915 487450 486918 486917,5,486912 486915 487450 486918 486917,5,-88.296439199999995,30.387216500000001,2024/07/21 05:42:45.341,2024/07/21 00:42:45.341,SAV
1301,203358,A69-1604-28093,NA,2024/07/21 05:52:45.865,4966.310000000000400,5101.810000000000400,-1,3.556200000000000,NA,0.208600000000000,NA,NA,10,486912 486915 487450 488550 486918 486914 484753 486917 486916 486909 486919,11,486912 486915 487450 488550 486918 486914,6,-88.296300599999995,30.387235000000000,2024/07/21 05:52:45.865,2024/07/21 00:52:45.865,SAV
1302,203366,A69-1604-28093,NA,2024/07/21 05:55:22.442,4964.520000000000437,5101.979999999999563,-1,5.185400000000000,NA,0.535600000000000,NA,NA,8,486912 486915 487450 486918 486914 484753 486917 486916 486909,9,486912 486915 487450 486918 486914 484753,6,-88.296319100000005,30.387236600000001,2024/07/21 05:55:22.442,2024/07/21 00:55:22.442,SAV
1306,203523,A69-1604-28093,NA,2024/07/21 06:33:09.568,4964.960000000000036,5108.810000000000400,-1,8.093000000000000,NA,0.942300000000000,NA,NA,6,486912 486915 487450 486914 486918 484753 486916 486917 486909 486919,10,486915 487450 486914 486918 484753,5,-88.296314499999994,30.387298200000000,2024/07/21 06:33:09.568,2024/07/21 01:33:09.568,SAV
1307,203528,A69-1604-28093,NA,2024/07/21 06:35:15.492,4969.380000000000109,5114.920000000000073,-1,4.816500000000000,NA,0.090200000000000,NA,NA,8,486912 488550 487450 486915 486914 486918 484753 486916 486917,9,488550 487450 486915 486914 486918,5,-88.296268600000005,30.387353300000001,2024/07/21 06:35:15.492,2024/07/21 01:35:15.492,SAV
1308,203536,A69-1604-28093,NA,2024/07/21 06:37:23.768,4984.069999999999709,5121.359999999999673,-1,2.450300000000000,NA,0.212600000000000,NA,NA,14,486912 488550 487450 486914 486915 484753 486918 486916 486917 486909 486919,11,486912 488550 487450 486914 486915 484753,6,-88.296115700000001,30.387411400000001,2024/07/21 06:37:23.768,2024/07/21 01:37:23.768,SAV
1309,203548,A69-1604-28093,NA,2024/07/21 06:39:36.725,4994.630000000000109,5130.239999999999782,-1,2.197800000000000,NA,0.096700000000000,NA,NA,14,488550 486912 487450 486914 484753 486915 486916 486918 486909 486917,10,488550 486912 487450 486914 484753 486915,6,-88.296005899999997,30.387491499999999,2024/07/21 06:39:36.725,2024/07/21 01:39:36.725,SAV
1310,203560,A69-1604-28093,NA,2024/07/21 06:41:59.013,4992.890000000000327,5141.550000000000182,-1,7.722200000000000,NA,0.168600000000000,NA,NA,11,486912 486914 487450 484753 486916 486909,6,486912 486914 487450 484753 486916 486909,6,-88.296023899999994,30.387593500000001,2024/07/21 06:41:59.013,2024/07/21 01:41:59.013,SAV
1311,203567,A69-1604-28093,NA,2024/07/21 06:44:39.787,4993.100000000000364,5151.470000000000255,-1,9.773500000000000,NA,0.248900000000000,NA,NA,6,488550 486912 487450 486915 486918 486917,6,488550 486912 487450 486915 486918 486917,6,-88.296021800000005,30.387682999999999,2024/07/21 06:44:39.787,2024/07/21 01:44:39.787,SAV
1314,203812,A69-1604-28093,NA,2024/07/21 07:42:57.299,5018.210000000000036,5159.859999999999673,-1,12.275800000000000,NA,0.337300000000000,NA,NA,4,488550 486914 487450 484753 486918,5,488550 486914 487450 484753 486918,5,-88.295760599999994,30.387758699999999,2024/07/21 07:42:57.299,2024/07/21 02:42:57.299,SAV
1316,209039,A69-1604-28093,NA,2024/07/22 06:34:00.146,4981.670000000000073,5113.409999999999854,-1,3.318500000000000,NA,0.296300000000000,NA,NA,10,486912 487450 488550 486915 486914 486918 486916 486909,8,486912 487450 488550 486915 486914 486918,6,-88.296140699999995,30.387339600000001,2024/07/22 06:34:00.146,2024/07/22 01:34:00.146,SAV
1317,209062,A69-1604-28093,NA,2024/07/22 06:39:19.354,5009.430000000000291,5139.569999999999709,-1,2.598300000000000,NA,0.184500000000000,NA,NA,14,488550 486914 486912 487450 484753 486916 486918 486909,8,488550 486914 486912 487450 484753 486916,6,-88.295851799999994,30.387575600000002,2024/07/22 06:39:19.354,2024/07/22 01:39:19.354,SAV
1321,209139,A69-1604-28093,NA,2024/07/22 06:56:28.448,5020.239999999999782,5150.210000000000036,-1,6.514800000000000,NA,0.478500000000000,NA,NA,6,488550 486914 486912 487450 484753 486916,6,488550 486914 486912 487450 484753 486916,6,-88.295739400000002,30.387671699999999,2024/07/22 06:56:28.448,2024/07/22 01:56:28.448,SAV
1322,209150,A69-1604-28093,NA,2024/07/22 06:59:15.323,5016.850000000000364,5144.140000000000327,-1,4.142600000000000,NA,0.927800000000000,NA,NA,8,488550 486914 486912 487450 484753 486916 486919,7,488550 486914 486912 487450 484753 486916,6,-88.295774699999996,30.387616800000000,2024/07/22 06:59:15.323,2024/07/22 01:59:15.323,SAV
1323,209162,A69-1604-28093,NA,2024/07/22 07:01:45.577,5023.649999999999636,5148.359999999999673,-1,6.869800000000000,NA,0.702100000000000,NA,NA,4,488550 486914 486912 487450 486916,5,488550 486914 486912 487450 486916,5,-88.295703900000007,30.387654999999999,2024/07/22 07:01:45.577,2024/07/22 02:01:45.577,SAV
1324,209177,A69-1604-28093,NA,2024/07/22 07:04:42.274,5017.899999999999636,5141.779999999999745,-1,2.927700000000000,NA,0.395300000000000,NA,NA,13,488550 486914 486912 487450 484753 486916 486919,7,488550 486914 486912 487450 484753 486916,6,-88.295763800000003,30.387595600000001,2024/07/22 07:04:42.274,2024/07/22 02:04:42.274,SAV
1325,209193,A69-1604-28093,NA,2024/07/22 07:07:31.975,5020.859999999999673,5143.409999999999854,-1,3.448300000000000,NA,0.198100000000000,NA,NA,11,488550 486914 486912 487450 484753 486916 486915 486918,8,488550 486914 486912 487450 484753 486916,6,-88.295732999999998,30.387610200000001,2024/07/22 07:07:31.975,2024/07/22 02:07:31.975,SAV
1328,209695,A69-1604-28093,NA,2024/07/22 08:58:19.046,4989.229999999999563,5123.130000000000109,-1,2.218900000000000,NA,0.446500000000000,NA,NA,14,486912 488550 487450 486914 486915 484753,6,486912 488550 487450 486914 486915 484753,6,-88.296062100000000,30.387427299999999,2024/07/22 08:58:19.046,2024/07/22 03:58:19.046,SAV
1331,209729,A69-1604-28093,NA,2024/07/22 09:05:23.358,5007.319999999999709,5123.039999999999964,-1,2.566700000000000,NA,0.243800000000000,NA,NA,11,488550 486912 487450 486915 486918 486919 486917,7,488550 486912 487450 486915 486918 486919,6,-88.295873799999995,30.387426500000000,2024/07/22 09:05:23.358,2024/07/22 04:05:23.358,SAV
1333,209792,A69-1604-28093,NA,2024/07/22 09:18:23.238,4975.739999999999782,5131.869999999999891,-1,5.016700000000000,NA,0.279400000000000,NA,NA,12,486912 488550 486914 486915 484753 486916,6,486912 488550 486914 486915 484753 486916,6,-88.296202500000007,30.387506200000001,2024/07/22 09:18:23.238,2024/07/22 04:18:23.238,SAV
1334,209807,A69-1604-28093,NA,2024/07/22 09:20:34.772,4960.689999999999600,5127.130000000000109,-1,7.235900000000000,NA,0.267800000000000,NA,NA,10,486912 488550 486915 486914 484753 486918 486917,7,488550 486915 486914 484753 486918,5,-88.296358999999995,30.387463400000001,2024/07/22 09:20:34.772,2024/07/22 04:20:34.772,SAV
1481,224807,A69-1604-28093,NA,2024/07/25 01:46:42.681,4977.600000000000364,5135.859999999999673,-1,14.952600000000000,NA,0.000000000000000,NA,NA,1,486912 488550 487450,3,486912 488550 487450,3,-88.296182999999999,30.387542199999999,2024/07/25 01:46:42.681,2024/07/24 20:46:42.681,SAV
1552,265102,A69-1604-28093,NA,2024/08/01 02:25:39.999,5001.840000000000146,5124.670000000000073,-1,3.232000000000000,NA,0.231200000000000,NA,NA,5,488550 486912 487450 486915 486909,5,488550 486912 487450 486915 486909,5,-88.295930900000002,30.387441299999999,2024/08/01 02:25:39.999,2024/07/31 21:25:39.999,SAV
1553,265126,A69-1604-28093,NA,2024/08/01 02:30:13.864,5012.640000000000327,5142.789999999999964,-1,2.869100000000000,NA,0.326900000000000,NA,NA,14,488550 486914 486912 487450 484753 486916 486915 486918,8,488550 486914 486912 487450 484753 486916,6,-88.295818400000002,30.387604700000001,2024/08/01 02:30:13.864,2024/07/31 21:30:13.864,SAV
1557,265331,A69-1604-28093,NA,2024/08/01 03:11:27.056,5025.609999999999673,5149.909999999999854,-1,5.173100000000000,NA,0.236200000000000,NA,NA,10,488550 486914 486912 487450 484753 486918 486917,7,488550 486914 486912 487450 484753 486918,6,-88.295683499999996,30.387668900000001,2024/08/01 03:11:27.056,2024/07/31 22:11:27.056,SAV
1558,265347,A69-1604-28093,NA,2024/08/01 03:14:20.725,5019.539999999999964,5143.619999999999891,-1,5.993100000000000,NA,0.915600000000000,NA,NA,11,488550 486912 487450 484753 486918 486909,6,488550 486912 487450 484753 486918 486909,6,-88.295746699999995,30.387612200000000,2024/08/01 03:14:20.725,2024/07/31 22:14:20.725,SAV
1559,265398,A69-1604-28093,NA,2024/08/01 03:24:39.316,5021.439999999999600,5135.779999999999745,-1,2.496700000000000,NA,0.344000000000000,NA,NA,13,486914 488550 487450 486912 484753 486916 486918 486909,8,486914 488550 487450 486912 484753 486916,6,-88.295726900000005,30.387541500000001,2024/08/01 03:24:39.316,2024/07/31 22:24:39.316,SAV
1560,265424,A69-1604-28093,NA,2024/08/01 03:29:59.260,5007.619999999999891,5136.279999999999745,-1,2.248400000000000,NA,0.434700000000000,NA,NA,15,488550 486914 486912 487450 484753 486916 486918 486909,8,488550 486914 486912 487450 484753 486916,6,-88.295870699999995,30.387545899999999,2024/08/01 03:29:59.260,2024/07/31 22:29:59.260,SAV
1561,265439,A69-1604-28093,NA,2024/08/01 03:32:59.914,5018.470000000000255,5142.189999999999600,-1,3.000000000000000,NA,0.164600000000000,NA,NA,13,488550 486914 486912 487450 484753 486916 486918 486919 486909,9,488550 486914 486912 487450 484753 486916,6,-88.295757899999998,30.387599300000002,2024/08/01 03:32:59.914,2024/07/31 22:32:59.914,SAV
1562,265468,A69-1604-28093,NA,2024/08/01 03:38:49.385,5022.289999999999964,5147.319999999999709,-1,4.384100000000000,NA,0.246500000000000,NA,NA,10,488550 486914 487450 484753 486916 486918 486909,7,488550 486914 487450 484753 486916 486918,6,-88.295718100000002,30.387645599999999,2024/08/01 03:38:49.385,2024/07/31 22:38:49.385,SAV
1563,265487,A69-1604-28093,NA,2024/08/01 03:43:45.447,5020.020000000000437,5140.989999999999782,-1,2.936900000000000,NA,0.152700000000000,NA,NA,13,488550 486914 486912 487450 484753 486916 486915 486918 486909 486917,10,488550 486914 486912 487450 484753 486916,6,-88.295741699999994,30.387588500000000,2024/08/01 03:43:45.447,2024/07/31 22:43:45.447,SAV
1564,265500,A69-1604-28093,NA,2024/08/01 03:46:14.307,5018.340000000000146,5143.609999999999673,-1,3.642600000000000,NA,0.173200000000000,NA,NA,11,488550 486914 486912 487450 484753 486916 486915 486918 486909 486917,10,488550 486914 486912 487450 484753 486916,6,-88.295759099999998,30.387612099999998,2024/08/01 03:46:14.307,2024/07/31 22:46:14.307,SAV
1565,265514,A69-1604-28093,NA,2024/08/01 03:49:08.420,5029.210000000000036,5145.189999999999600,-1,4.562900000000000,NA,0.404300000000000,NA,NA,9,486914 488550 484753 487450 486912 486916 486909,7,486914 488550 484753 487450 486912 486916,6,-88.295646099999999,30.387626399999998,2024/08/01 03:49:08.420,2024/07/31 22:49:08.420,SAV
1566,265556,A69-1604-28093,NA,2024/08/01 03:57:05.890,5030.340000000000146,5150.750000000000000,-1,6.891200000000000,NA,0.170800000000000,NA,NA,8,486914 488550 484753 487450 486912 486916 486915 486918 486919 486909,10,486914 488550 484753 487450 486912 486916,6,-88.295634300000003,30.387676500000001,2024/08/01 03:57:05.890,2024/07/31 22:57:05.890,SAV
1567,265583,A69-1604-28093,NA,2024/08/01 04:02:35.694,5027.010000000000218,5139.579999999999927,-1,3.369500000000000,NA,0.573700000000000,NA,NA,11,486914 488550 487450 484753 486912 486916 486918 486909,8,486914 488550 487450 484753 486912 486916,6,-88.295669000000004,30.387575800000000,2024/08/01 04:02:35.694,2024/07/31 23:02:35.694,SAV
1568,265595,A69-1604-28093,NA,2024/08/01 04:05:29.362,5023.449999999999818,5136.569999999999709,-1,2.621800000000000,NA,0.240700000000000,NA,NA,13,486914 488550 487450 486912 484753 486916 486915 486918 486909 486917,10,486914 488550 487450 486912 484753 486916,6,-88.295705999999996,30.387548599999999,2024/08/01 04:05:29.362,2024/07/31 23:05:29.362,SAV
1569,265618,A69-1604-28093,NA,2024/08/01 04:10:37.110,5023.699999999999818,5146.109999999999673,-1,4.231100000000000,NA,0.196300000000000,NA,NA,11,488550 486914 486912 487450 484753 486916 486915 486918 486909 486917,10,488550 486914 486912 487450 484753 486916,6,-88.295703399999994,30.387634599999998,2024/08/01 04:10:37.110,2024/07/31 23:10:37.110,SAV
1570,265629,A69-1604-28093,NA,2024/08/01 04:13:21.435,5028.189999999999600,5136.359999999999673,-1,3.010100000000000,NA,0.427800000000000,NA,NA,11,486914 488550 487450 484753 486912 486916 486918 486919 486909,9,486914 488550 487450 484753 486912 486916,6,-88.295656699999995,30.387546700000001,2024/08/01 04:13:21.435,2024/07/31 23:13:21.435,SAV
1571,265642,A69-1604-28093,NA,2024/08/01 04:15:46.314,5022.920000000000073,5143.550000000000182,-1,3.637800000000000,NA,0.146100000000000,NA,NA,11,488550 486914 486912 487450 484753 486916 486915 486918 486919 486909 486917,11,488550 486914 486912 487450 484753 486916,6,-88.295711499999996,30.387611499999998,2024/08/01 04:15:46.314,2024/07/31 23:15:46.314,SAV
1572,265653,A69-1604-28093,NA,2024/08/01 04:18:32.480,5024.100000000000364,5142.170000000000073,-1,3.494400000000000,NA,0.184200000000000,NA,NA,11,486914 488550 487450 486912 484753 486916 486915 486918 486909 486917,10,486914 488550 487450 486912 484753 486916,6,-88.295699299999995,30.387599099999999,2024/08/01 04:18:32.480,2024/07/31 23:18:32.480,SAV
1573,265660,A69-1604-28093,NA,2024/08/01 04:21:01.103,5034.850000000000364,5142.119999999999891,-1,4.514000000000000,NA,0.155400000000000,NA,NA,9,486914 488550 484753 487450 486912 486916 486915 486918 486919 486909 486917,11,486914 488550 484753 487450 486912 486916,6,-88.295587400000002,30.387598600000000,2024/08/01 04:21:01.103,2024/07/31 23:21:01.103,SAV
1574,265674,A69-1604-28093,NA,2024/08/01 04:23:54.772,5037.770000000000437,5138.890000000000327,-1,5.224500000000000,NA,0.190800000000000,NA,NA,8,486914 488550 484753 487450 486912 486916 486919 486918 486909 486917,10,486914 488550 484753 487450 486912 486916,6,-88.295557000000002,30.387569599999999,2024/08/01 04:23:54.772,2024/07/31 23:23:54.772,SAV
1575,265683,A69-1604-28093,NA,2024/08/01 04:26:38.370,5026.989999999999782,5141.000000000000000,-1,3.515400000000000,NA,0.180200000000000,NA,NA,11,486914 488550 487450 484753 486912 486916 486909,7,486914 488550 487450 484753 486912 486916,6,-88.295669200000006,30.387588600000001,2024/08/01 04:26:38.370,2024/07/31 23:26:38.370,SAV
1577,265714,A69-1604-28093,NA,2024/08/01 04:34:08.460,5032.890000000000327,5134.579999999999927,-1,2.884600000000000,NA,0.282400000000000,NA,NA,13,486914 488550 484753 487450 486912 486918 486915 486909 486917,9,486914 488550 484753 487450 486912 486918,6,-88.295607799999999,30.387530600000002,2024/08/01 04:34:08.460,2024/07/31 23:34:08.460,SAV
1578,265724,A69-1604-28093,NA,2024/08/01 04:36:51.352,5024.239999999999782,5136.149999999999636,-1,6.673600000000000,NA,0.000000000000000,NA,NA,1,486914 488550 486912,3,486914 488550 486912,3,-88.295697799999999,30.387544800000001,2024/08/01 04:36:51.352,2024/07/31 23:36:51.352,SAV
1579,265742,A69-1604-28093,NA,2024/08/01 04:41:53.976,5036.739999999999782,5135.369999999999891,-1,3.272400000000000,NA,0.459300000000000,NA,NA,11,486914 488550 484753 487450 486912 486916 486918 486919 486909,9,486914 488550 484753 487450 486912 486916,6,-88.295567800000001,30.387537800000000,2024/08/01 04:41:53.976,2024/07/31 23:41:53.976,SAV
1580,265751,A69-1604-28093,NA,2024/08/01 04:44:11.374,5026.409999999999854,5136.199999999999818,-1,2.911200000000000,NA,0.352700000000000,NA,NA,11,486914 488550 487450 484753 486912 486916 486918 486919 486909,9,486914 488550 487450 484753 486912 486916,6,-88.295675200000005,30.387545200000002,2024/08/01 04:44:11.374,2024/07/31 23:44:11.374,SAV
1581,265760,A69-1604-28093,NA,2024/08/01 04:46:42.337,5031.829999999999927,5135.600000000000364,-1,12.689700000000000,NA,0.258200000000000,NA,NA,7,486914 484753 487450 486916 486918 486909,6,486914 484753 487450 486916 486918 486909,6,-88.295618899999994,30.387539900000000,2024/08/01 04:46:42.337,2024/07/31 23:46:42.337,SAV
1583,265783,A69-1604-28093,NA,2024/08/01 04:52:33.883,5034.710000000000036,5139.720000000000255,-1,3.993800000000000,NA,0.547300000000000,NA,NA,9,486914 488550 484753 487450 486912 486916 486918 486919 486909 486917,10,486914 488550 484753 487450 486912 486916,6,-88.295588800000004,30.387577000000000,2024/08/01 04:52:33.883,2024/07/31 23:52:33.883,SAV
1584,265796,A69-1604-28093,NA,2024/08/01 04:55:16.786,5025.750000000000000,5138.539999999999964,-1,3.142700000000000,NA,0.444500000000000,NA,NA,11,486914 488550 487450 484753 486912 486916 486918 486919 486909,9,486914 488550 487450 484753 486912 486916,6,-88.295682099999993,30.387566400000001,2024/08/01 04:55:16.786,2024/07/31 23:55:16.786,SAV
1585,265805,A69-1604-28093,NA,2024/08/01 04:57:38.853,5023.159999999999854,5136.729999999999563,-1,2.867800000000000,NA,0.103900000000000,NA,NA,10,486914 488550 487450 484753 486916 486918 486909,7,486914 488550 487450 484753 486916 486918,6,-88.295709000000002,30.387550000000001,2024/08/01 04:57:38.853,2024/07/31 23:57:38.853,SAV
1586,265817,A69-1604-28093,NA,2024/08/01 05:00:19.180,5025.989999999999782,5145.189999999999600,-1,3.662600000000000,NA,0.195000000000000,NA,NA,12,486914 488550 487450 486912 484753 486915 486918 486909,8,486914 488550 487450 486912 484753 486915,6,-88.295679500000006,30.387626300000001,2024/08/01 05:00:19.180,2024/08/01 00:00:19.180,SAV
1590,266010,A69-1604-28093,NA,2024/08/01 05:47:25.777,4993.380000000000109,5138.859999999999673,-1,3.325300000000000,NA,0.169600000000000,NA,NA,15,488550 486912 486914 487450 484753 486916 486918,7,488550 486912 486914 487450 484753 486916,6,-88.296018900000007,30.387569299999999,2024/08/01 05:47:25.777,2024/08/01 00:47:25.777,SAV
1599,266403,A69-1604-28093,NA,2024/08/01 07:12:30.917,4957.109999999999673,5126.970000000000255,-1,12.652200000000001,NA,0.131900000000000,NA,NA,6,486912 486915 487450 486914 484753 486918 486917 486909 486919,9,486915 487450 486914 484753 486918,5,-88.296396200000004,30.387461999999999,2024/08/01 07:12:30.917,2024/08/01 02:12:30.917,SAV
1635,270459,A69-1604-28093,NA,2024/08/02 00:46:42.841,5022.300000000000182,5133.140000000000327,-1,3.684500000000000,NA,0.229900000000000,NA,NA,5,486914 488550 487450 484753 486916,5,486914 488550 487450 484753 486916,5,-88.295717900000000,30.387517599999999,2024/08/02 00:46:42.841,2024/08/01 19:46:42.841,SAV
1637,270755,A69-1604-28093,NA,2024/08/02 01:46:39.199,4965.199999999999818,5104.329999999999927,-1,7.900700000000000,NA,0.154600000000000,NA,NA,6,486912 486915 487450 486918 484753 486917 486916 486909,8,486912 486915 487450 486918 484753 486917,6,-88.296312099999994,30.387257800000000,2024/08/02 01:46:39.199,2024/08/01 20:46:39.199,SAV
1638,270767,A69-1604-28093,NA,2024/08/02 01:49:02.698,4947.779999999999745,5092.359999999999673,-1,6.800200000000000,NA,0.027100000000000,NA,NA,11,486915 486912 487450 486918 486917 486909 486916,7,486915 486912 487450 486918 486917 486909,6,-88.296493400000003,30.387149800000000,2024/08/02 01:49:02.698,2024/08/01 20:49:02.698,SAV
1697,271673,A69-1604-28093,NA,2024/08/02 04:59:33.014,5000.640000000000327,5121.369999999999891,-1,1.965400000000000,NA,0.256100000000000,NA,NA,15,486912 488550 487450 486914 484753 486915 486916 486918 486909,9,486912 488550 487450 486914 484753 486915,6,-88.295943300000005,30.387411499999999,2024/08/02 04:59:33.014,2024/08/01 23:59:33.014,SAV
1698,271682,A69-1604-28093,NA,2024/08/02 05:02:16.371,4988.239999999999782,5117.550000000000182,-1,6.200600000000000,NA,0.143800000000000,NA,NA,3,488550 486915 486909 486917,4,488550 486915 486909 486917,4,-88.296072400000000,30.387377099999998,2024/08/02 05:02:16.371,2024/08/02 00:02:16.371,SAV
1712,271958,A69-1604-28093,NA,2024/08/02 06:06:23.193,4997.159999999999854,5128.010000000000218,-1,2.161700000000000,NA,0.157500000000000,NA,NA,15,488550 486912 487450 486914 484753 486916 486918 486919 486909 486917,10,488550 486912 487450 486914 484753 486916,6,-88.295979500000001,30.387471399999999,2024/08/02 06:06:23.193,2024/08/02 01:06:23.193,SAV
1715,272035,A69-1604-28093,NA,2024/08/02 06:27:00.451,4986.590000000000146,5114.750000000000000,-1,2.546100000000000,NA,0.296300000000000,NA,NA,15,486912 488550 486914 486915 484753 486918 486916 486909 486917,9,486912 488550 486914 486915 484753 486918,6,-88.296089499999994,30.387351700000000,2024/08/02 06:27:00.451,2024/08/02 01:27:00.451,SAV
1716,272071,A69-1604-28093,NA,2024/08/02 06:35:56.682,5003.430000000000291,5135.970000000000255,-1,2.185200000000000,NA,0.204700000000000,NA,NA,14,488550 486912 486914 487450 484753 486915 486916 486918 486919 486909 486917,11,488550 486912 486914 487450 484753 486915,6,-88.295914300000007,30.387543200000000,2024/08/02 06:35:56.682,2024/08/02 01:35:56.682,SAV
1717,272094,A69-1604-28093,NA,2024/08/02 06:41:17.097,4998.430000000000291,5133.810000000000400,-1,2.257700000000000,NA,0.237600000000000,NA,NA,14,488550 486912 486914 487450 484753 486915 486916 486918 486919 486909 486917,11,488550 486912 486914 487450 484753 486915,6,-88.295966300000003,30.387523699999999,2024/08/02 06:41:17.097,2024/08/02 01:41:17.097,SAV
1718,272109,A69-1604-28093,NA,2024/08/02 06:44:17.988,4999.949999999999818,5119.539999999999964,-1,1.965900000000000,NA,0.227700000000000,NA,NA,15,486912 488550 487450 486914 484753 486915 486916 486918 486917,9,486912 488550 487450 486914 484753 486915,6,-88.295950500000004,30.387394900000000,2024/08/02 06:44:17.988,2024/08/02 01:44:17.988,SAV
1720,272171,A69-1604-28093,NA,2024/08/02 07:00:10.781,4960.869999999999891,5098.819999999999709,-1,4.709500000000000,NA,0.029400000000000,NA,NA,8,486912 486915 486918 486914 486917 486909,6,486912 486915 486918 486914 486917 486909,6,-88.296357200000003,30.387208099999999,2024/08/02 07:00:10.781,2024/08/02 02:00:10.781,SAV
1722,272195,A69-1604-28093,NA,2024/08/02 07:05:35.887,4991.420000000000073,5122.600000000000364,-1,2.116100000000000,NA,0.223000000000000,NA,NA,14,486912 488550 487450 486914 486915 484753 486918 486916 486909 486917,10,486912 488550 487450 486914 486915 484753,6,-88.296039199999996,30.387422600000001,2024/08/02 07:05:35.887,2024/08/02 02:05:35.887,SAV
1723,272206,A69-1604-28093,NA,2024/08/02 07:08:23.220,5007.520000000000437,5135.640000000000327,-1,2.215400000000000,NA,0.199100000000000,NA,NA,15,488550 486914 486912 487450 484753 486916 486915 486918 486919 486909,10,488550 486914 486912 487450 484753 486916,6,-88.295871800000000,30.387540200000000,2024/08/02 07:08:23.220,2024/08/02 02:08:23.220,SAV
1724,272216,A69-1604-28093,NA,2024/08/02 07:10:54.431,4995.569999999999709,5132.829999999999927,-1,2.355300000000000,NA,0.249900000000000,NA,NA,14,488550 486912 486914 487450 484753 486915 486916 486918 486909,9,488550 486912 486914 487450 484753 486915,6,-88.295996099999996,30.387514899999999,2024/08/02 07:10:54.431,2024/08/02 02:10:54.431,SAV
1727,272260,A69-1604-28093,NA,2024/08/02 07:21:56.553,4978.539999999999964,5119.659999999999854,-1,3.724200000000000,NA,0.216500000000000,NA,NA,12,486912 488550 487450 486915 486914 484753 486918 486916 486917 486909 486919,11,486912 488550 487450 486915 486914 484753,6,-88.296173300000007,30.387395999999999,2024/08/02 07:21:56.553,2024/08/02 02:21:56.553,SAV
1728,272271,A69-1604-28093,NA,2024/08/02 07:24:42.962,4975.869999999999891,5106.880000000000109,-1,3.526900000000000,NA,0.314400000000000,NA,NA,10,486912 487450 486915 488550 486914 486918 484753 486916 486917 486909 486919,11,486912 487450 486915 488550 486914 486918,6,-88.296201100000005,30.387280799999999,2024/08/02 07:24:42.962,2024/08/02 02:24:42.962,SAV
1729,272282,A69-1604-28093,NA,2024/08/02 07:27:12.293,4968.039999999999964,5102.500000000000000,-1,3.399100000000000,NA,0.228600000000000,NA,NA,10,486912 486915 487450 488550 486918 486914 484753 486917 486916 486909,10,486912 486915 487450 488550 486918 486914,6,-88.296282500000004,30.387241299999999,2024/08/02 07:27:12.293,2024/08/02 02:27:12.293,SAV
1730,272292,A69-1604-28093,NA,2024/08/02 07:30:07.136,4967.229999999999563,5101.550000000000182,-1,4.187800000000000,NA,0.104100000000000,NA,NA,9,486912 486915 488550 486918 486914 486917 486909,7,486912 486915 488550 486918 486914 486917,6,-88.296290900000002,30.387232699999998,2024/08/02 07:30:07.136,2024/08/02 02:30:07.136,SAV
1731,272317,A69-1604-28093,NA,2024/08/02 07:35:21.986,4961.529999999999745,5106.090000000000146,-1,4.918000000000000,NA,0.452100000000000,NA,NA,10,486912 486915 487450 488550 486918 486914 484753 486917 486916 486909,10,486912 486915 487450 488550 486918 486914,6,-88.296350300000000,30.387273600000000,2024/08/02 07:35:21.986,2024/08/02 02:35:21.986,SAV
1732,272329,A69-1604-28093,NA,2024/08/02 07:38:15.655,4981.479999999999563,5111.170000000000073,-1,3.221800000000000,NA,0.235800000000000,NA,NA,10,486912 487450 488550 486915 486914 484753 486918 486916 486917 486909 486919,11,486912 487450 488550 486915 486914 484753,6,-88.296142700000004,30.387319500000000,2024/08/02 07:38:15.655,2024/08/02 02:38:15.655,SAV
1734,272348,A69-1604-28093,NA,2024/08/02 07:43:23.437,4984.149999999999636,5131.149999999999636,-1,7.876300000000000,NA,0.294900000000000,NA,NA,1,486912 488550 487450 486909,4,486912 488550 487450,3,-88.296114900000006,30.387499699999999,2024/08/02 07:43:23.437,2024/08/02 02:43:23.437,SAV
1735,272367,A69-1604-28093,NA,2024/08/02 07:48:32.165,4992.060000000000400,5123.539999999999964,-1,2.117600000000000,NA,0.209700000000000,NA,NA,14,486912 488550 487450 486914 484753 486915 486918 486916 486909,9,486912 488550 487450 486914 484753 486915,6,-88.296032600000004,30.387431100000001,2024/08/02 07:48:32.165,2024/08/02 02:48:32.165,SAV
1736,274938,A69-1604-28093,NA,2024/08/02 18:51:28.129,5033.010000000000218,5147.500000000000000,-1,6.513900000000000,NA,0.371600000000000,NA,NA,5,486914 488550 484753 487450 486916 486918 486919 486909,8,486914 488550 484753 487450 486916 486918,6,-88.295606500000005,30.387647200000000,2024/08/02 18:51:28.129,2024/08/02 13:51:28.129,SAV
1814,277271,A69-1604-28093,NA,2024/08/03 05:33:32.674,5015.680000000000291,5127.409999999999854,-1,2.057900000000000,NA,0.242300000000000,NA,NA,15,488550 486914 487450 486912 484753 486916 486915 486918 486919 486909,10,488550 486914 487450 486912 484753 486916,6,-88.295786899999996,30.387466000000000,2024/08/03 05:33:32.674,2024/08/03 00:33:32.674,SAV
1815,277282,A69-1604-28093,NA,2024/08/03 05:36:35.462,5006.539999999999964,5128.430000000000291,-1,2.120300000000000,NA,0.255500000000000,NA,NA,14,488550 486912 486914 487450 484753 486916 486918 486919 486909 486917,10,488550 486912 486914 487450 484753 486916,6,-88.295881899999998,30.387475100000000,2024/08/03 05:36:35.462,2024/08/03 00:36:35.462,SAV
1816,277317,A69-1604-28093,NA,2024/08/03 05:45:33.539,5008.579999999999927,5124.350000000000364,-1,2.162500000000000,NA,0.275100000000000,NA,NA,13,488550 486912 487450 486914 486915 486918 486909 486917,8,488550 486912 487450 486914 486915 486918,6,-88.295860800000000,30.387438299999999,2024/08/03 05:45:33.539,2024/08/03 00:45:33.539,SAV
1817,277324,A69-1604-28093,NA,2024/08/03 05:48:22.275,5009.800000000000182,5132.270000000000437,-1,2.160800000000000,NA,0.231400000000000,NA,NA,15,488550 486914 486912 487450 484753 486916 486918 486919 486909 486917,10,488550 486914 486912 487450 484753 486916,6,-88.295848000000007,30.387509800000000,2024/08/03 05:48:22.275,2024/08/03 00:48:22.275,SAV
1818,277335,A69-1604-28093,NA,2024/08/03 05:50:56.280,4997.859999999999673,5126.550000000000182,-1,2.022300000000000,NA,0.229800000000000,NA,NA,14,488550 486912 487450 486914 484753 486915 486916 486918 486919 486909,10,488550 486912 487450 486914 484753 486915,6,-88.295972300000003,30.387458200000001,2024/08/03 05:50:56.280,2024/08/03 00:50:56.280,SAV
1820,277362,A69-1604-28093,NA,2024/08/03 05:57:13.317,4997.789999999999964,5122.510000000000218,-1,2.000300000000000,NA,0.207300000000000,NA,NA,15,486912 488550 487450 486914 484753 486915 486916 486918 486919 486909 486917,11,486912 488550 487450 486914 484753 486915,6,-88.295973000000004,30.387421799999998,2024/08/03 05:57:13.317,2024/08/03 00:57:13.317,SAV
1823,277404,A69-1604-28093,NA,2024/08/03 06:07:06.836,4996.760000000000218,5125.289999999999964,-1,2.031300000000000,NA,0.275000000000000,NA,NA,14,486912 488550 487450 486914 484753 486915 486916 486918 486919 486909 486917,11,486912 488550 487450 486914 484753 486915,6,-88.295983699999994,30.387446799999999,2024/08/03 06:07:06.836,2024/08/03 01:07:06.836,SAV
1824,277413,A69-1604-28093,NA,2024/08/03 06:09:55.595,5008.460000000000036,5129.579999999999927,-1,2.119200000000000,NA,0.241800000000000,NA,NA,15,488550 486914 486912 487450 484753 486916 486918 486909,8,488550 486914 486912 487450 484753 486916,6,-88.295862000000000,30.387485500000000,2024/08/03 06:09:55.595,2024/08/03 01:09:55.595,SAV
1825,277423,A69-1604-28093,NA,2024/08/03 06:12:29.614,5010.050000000000182,5137.670000000000073,-1,2.551800000000000,NA,0.136400000000000,NA,NA,11,488550 486914 487450 484753 486919 486917,6,488550 486914 487450 484753 486919 486917,6,-88.295845400000005,30.387558500000001,2024/08/03 06:12:29.614,2024/08/03 01:12:29.614,SAV
1826,277435,A69-1604-28093,NA,2024/08/03 06:14:33.917,5007.359999999999673,5128.989999999999782,-1,2.109200000000000,NA,0.201300000000000,NA,NA,15,488550 486912 486914 487450 484753 486916 486918 486909,8,488550 486912 486914 487450 484753 486916,6,-88.295873400000005,30.387480199999999,2024/08/03 06:14:33.917,2024/08/03 01:14:33.917,SAV
1827,277453,A69-1604-28093,NA,2024/08/03 06:18:44.367,4997.930000000000291,5123.279999999999745,-1,2.004400000000000,NA,0.228000000000000,NA,NA,14,486912 488550 487450 486914 484753 486915 486916 486918 486909,9,486912 488550 487450 486914 484753 486915,6,-88.295971499999993,30.387428700000001,2024/08/03 06:18:44.367,2024/08/03 01:18:44.367,SAV
1828,277462,A69-1604-28093,NA,2024/08/03 06:20:51.941,5006.270000000000437,5135.439999999999600,-1,2.480100000000000,NA,0.216400000000000,NA,NA,11,488550 486912 486914 487450 486915 486918 486909,7,488550 486912 486914 487450 486915 486918,6,-88.295884700000002,30.387538400000000,2024/08/03 06:20:51.941,2024/08/03 01:20:51.941,SAV
1829,277470,A69-1604-28093,NA,2024/08/03 06:23:03.490,5008.100000000000364,5131.399999999999636,-1,2.143000000000000,NA,0.187100000000000,NA,NA,15,488550 486914 486912 487450 484753 486916 486915 486918 486909 486917,10,488550 486914 486912 487450 484753 486916,6,-88.295865699999993,30.387502000000001,2024/08/03 06:23:03.490,2024/08/03 01:23:03.490,SAV
1830,277482,A69-1604-28093,NA,2024/08/03 06:25:22.756,5001.149999999999636,5137.159999999999854,-1,2.508500000000000,NA,0.262900000000000,NA,NA,13,488550 486912 486914 487450 484753 486915 486916 486918 486919 486917,10,488550 486912 486914 487450 484753 486915,6,-88.295938000000007,30.387553900000000,2024/08/03 06:25:22.756,2024/08/03 01:25:22.756,SAV
1831,277492,A69-1604-28093,NA,2024/08/03 06:27:57.480,4997.390000000000327,5129.140000000000327,-1,2.082100000000000,NA,0.417500000000000,NA,NA,14,488550 486912 487450 486914 484753 486915 486916 486918 486919 486909,10,488550 486912 487450 486914 484753 486915,6,-88.295977199999996,30.387481500000000,2024/08/03 06:27:57.480,2024/08/03 01:27:57.480,SAV
1832,277507,A69-1604-28093,NA,2024/08/03 06:32:10.710,5015.340000000000146,5127.770000000000437,-1,2.066900000000000,NA,0.341800000000000,NA,NA,15,488550 486914 487450 486912 484753 486916 486918 486909 486917,9,488550 486914 487450 486912 484753 486916,6,-88.295790400000001,30.387469299999999,2024/08/03 06:32:10.710,2024/08/03 01:32:10.710,SAV
1835,277542,A69-1604-28093,NA,2024/08/03 06:39:14.644,5009.029999999999745,5125.329999999999927,-1,2.141200000000000,NA,0.373600000000000,NA,NA,13,488550 486912 486914 487450 486918 486909 486917,7,488550 486912 486914 487450 486918 486909,6,-88.295856000000001,30.387447200000000,2024/08/03 06:39:14.644,2024/08/03 01:39:14.644,SAV
1836,277550,A69-1604-28093,NA,2024/08/03 06:41:18.673,5007.479999999999563,5130.250000000000000,-1,2.126700000000000,NA,0.205600000000000,NA,NA,15,488550 486912 486914 487450 484753 486916 486915 486918 486919 486909 486917,11,488550 486912 486914 487450 484753 486916,6,-88.295872200000005,30.387491499999999,2024/08/03 06:41:18.673,2024/08/03 01:41:18.673,SAV
1837,277565,A69-1604-28093,NA,2024/08/03 06:43:22.942,5004.239999999999782,5132.449999999999818,-1,1.984900000000000,NA,0.273100000000000,NA,NA,14,488550 486912 486914 487450 484753 486915 486916 486918 486909,9,488550 486912 486914 487450 484753 486915,6,-88.295905800000000,30.387511400000001,2024/08/03 06:43:22.942,2024/08/03 01:43:22.942,SAV
1840,277632,A69-1604-28093,NA,2024/08/03 06:59:45.568,4977.930000000000291,5109.399999999999636,-1,4.161600000000000,NA,0.403100000000000,NA,NA,10,486912 488550 486915 486914 486918 486917 486909,7,486912 488550 486915 486914 486918 486917,6,-88.296179699999996,30.387303500000002,2024/08/03 06:59:45.568,2024/08/03 01:59:45.568,SAV
1842,277661,A69-1604-28093,NA,2024/08/03 07:05:48.408,4993.890000000000327,5119.720000000000255,-1,2.049500000000000,NA,0.465400000000000,NA,NA,14,486912 488550 487450 486914 484753 486915 486918 486916 486909 486919 486917,11,486912 488550 487450 486914 484753 486915,6,-88.296013599999995,30.387396599999999,2024/08/03 07:05:48.408,2024/08/03 02:05:48.408,SAV
1843,277670,A69-1604-28093,NA,2024/08/03 07:08:46.098,5007.619999999999891,5133.470000000000255,-1,2.171200000000000,NA,0.126000000000000,NA,NA,15,488550 486914 486912 487450 484753 486916 486915 486918 486919 486917,10,488550 486914 486912 487450 484753 486916,6,-88.295870699999995,30.387520700000000,2024/08/03 07:08:46.098,2024/08/03 02:08:46.098,SAV
1844,277684,A69-1604-28093,NA,2024/08/03 07:11:37.671,5021.590000000000146,5136.399999999999636,-1,2.547300000000000,NA,0.382000000000000,NA,NA,13,486914 488550 487450 486912 484753 486916 486915 486918 486919 486909 486917,11,486914 488550 487450 486912 484753 486916,6,-88.295725399999995,30.387547000000001,2024/08/03 07:11:37.671,2024/08/03 02:11:37.671,SAV
1851,277788,A69-1604-28093,NA,2024/08/03 07:35:43.261,4997.229999999999563,5139.479999999999563,-1,2.822800000000000,NA,0.199900000000000,NA,NA,13,488550 486912 486914 487450 484753 486915 486916 486918 486919 486909 486917,11,488550 486912 486914 487450 484753 486915,6,-88.295978800000000,30.387574900000001,2024/08/03 07:35:43.261,2024/08/03 02:35:43.261,SAV
1852,277799,A69-1604-28093,NA,2024/08/03 07:37:50.886,4995.689999999999600,5127.970000000000255,-1,2.100000000000000,NA,0.507900000000000,NA,NA,14,486912 488550 487450 486914 484753 486915 486916 486918 486919 486909 486917,11,486912 488550 487450 486914 484753 486915,6,-88.295994800000003,30.387471099999999,2024/08/03 07:37:50.886,2024/08/03 02:37:50.886,SAV
1853,277819,A69-1604-28093,NA,2024/08/03 07:42:21.641,4989.369999999999891,5131.489999999999782,-1,2.718200000000000,NA,0.175000000000000,NA,NA,14,486912 488550 487450 486914 486915 484753 486916 486918 486909 486919 486917,11,486912 488550 487450 486914 486915 484753,6,-88.296060600000004,30.387502800000000,2024/08/03 07:42:21.641,2024/08/03 02:42:21.641,SAV
1883,282769,A69-1604-28093,NA,2024/08/04 04:07:24.566,5040.569999999999709,5142.159999999999854,-1,7.122400000000000,NA,0.201600000000000,NA,NA,7,486914 488550 484753 487450 486912 486916 486919 486918 486909,9,486914 488550 484753 487450 486912 486916,6,-88.295527899999996,30.387599000000002,2024/08/04 04:07:24.566,2024/08/03 23:07:24.566,SAV
1884,282904,A69-1604-28093,NA,2024/08/04 04:35:48.319,5025.640000000000327,5143.039999999999964,-1,8.497000000000000,NA,0.377600000000000,NA,NA,7,486914 487450 486912 486916 486918 486919 486909,7,486914 487450 486912 486916 486918 486919,6,-88.295683299999993,30.387606999999999,2024/08/04 04:35:48.319,2024/08/03 23:35:48.319,SAV
1885,282912,A69-1604-28093,NA,2024/08/04 04:38:15.301,4989.470000000000255,5133.130000000000109,-1,3.285300000000000,NA,0.226200000000000,NA,NA,11,488550 486912 487450 486914 486916 486918 486909 486919,8,488550 486912 487450 486914 486916 486918,6,-88.296059499999998,30.387517599999999,2024/08/04 04:38:15.301,2024/08/03 23:38:15.301,SAV
1886,283065,A69-1604-28093,NA,2024/08/04 05:13:27.097,4978.800000000000182,5118.329999999999927,-1,6.686900000000000,NA,0.417700000000000,NA,NA,8,486912 487450 486914 484753 486918 486916 486909,7,486912 487450 486914 484753 486918 486916,6,-88.296170599999996,30.387384099999998,2024/08/04 05:13:27.097,2024/08/04 00:13:27.097,SAV
1891,283225,A69-1604-28093,NA,2024/08/04 05:55:44.230,4968.760000000000218,5118.390000000000327,-1,8.569100000000002,NA,0.063100000000000,NA,NA,6,486912 487450 486915 486914 484753 486918 486916 486917 486909,9,487450 486915 486914 484753 486918,5,-88.296275100000003,30.387384600000001,2024/08/04 05:55:44.230,2024/08/04 00:55:44.230,SAV
1894,283264,A69-1604-28093,NA,2024/08/04 06:03:58.339,4954.600000000000364,5106.229999999999563,-1,11.228100000000000,NA,0.278500000000000,NA,NA,5,486912 486915 487450 486918 486914,5,486912 486915 487450 486918 486914,5,-88.296422300000003,30.387274900000001,2024/08/04 06:03:58.339,2024/08/04 01:03:58.339,SAV
1900,283452,A69-1604-28093,NA,2024/08/04 06:44:36.553,4985.699999999999818,5122.550000000000182,-1,2.852000000000000,NA,0.199500000000000,NA,NA,11,486912 488550 487450 486914 486915 486918 486916 486917 486909 486919,10,486912 488550 487450 486914 486915 486918,6,-88.296098799999996,30.387422099999998,2024/08/04 06:44:36.553,2024/08/04 01:44:36.553,SAV
1901,283474,A69-1604-28093,NA,2024/08/04 06:49:08.271,5013.149999999999636,5126.720000000000255,-1,2.064900000000000,NA,0.256100000000000,NA,NA,15,488550 486914 487450 486912 484753 486916 486915 486918 486909 486917,10,488550 486914 487450 486912 484753 486916,6,-88.295813199999998,30.387459700000001,2024/08/04 06:49:08.271,2024/08/04 01:49:08.271,SAV
1902,283484,A69-1604-28093,NA,2024/08/04 06:51:44.596,5011.550000000000182,5130.810000000000400,-1,2.940000000000000,NA,0.399000000000000,NA,NA,12,488550 486912 487450 486916 486915 486918 486909 486917,8,488550 486912 487450 486916 486915 486918,6,-88.295829900000001,30.387496599999999,2024/08/04 06:51:44.596,2024/08/04 01:51:44.596,SAV
1903,283494,A69-1604-28093,NA,2024/08/04 06:53:53.790,4995.510000000000218,5147.939999999999600,-1,8.023000000000000,NA,0.390900000000000,NA,NA,9,488550 486912 486914 487450 484753 486916 486919 486909,8,488550 486912 486914 487450 484753 486916,6,-88.295996700000003,30.387651200000001,2024/08/04 06:53:53.790,2024/08/04 01:53:53.790,SAV
1904,287569,A69-1604-28093,NA,2024/08/05 00:46:16.263,4983.909999999999854,5136.199999999999818,-1,4.313800000000000,NA,0.236000000000000,NA,NA,13,486912 488550 487450 486914 484753 486916 486909,7,486912 488550 487450 486914 484753 486916,6,-88.296117400000000,30.387545299999999,2024/08/05 00:46:16.263,2024/08/04 19:46:16.263,SAV
1908,287712,A69-1604-28093,NA,2024/08/05 01:20:21.742,4993.039999999999964,5140.170000000000073,-1,7.182800000000000,NA,0.041600000000000,NA,NA,11,488550 486914 487450 484753 486916 486918 486919 486909,8,488550 486914 487450 484753 486916 486918,6,-88.296022399999998,30.387581099999998,2024/08/05 01:20:21.742,2024/08/04 20:20:21.742,SAV
1909,287733,A69-1604-28093,NA,2024/08/05 01:25:11.102,4982.079999999999927,5138.409999999999854,-1,6.874700000000000,NA,0.321800000000000,NA,NA,6,488550 486912 487450 486914 486916,5,488550 486912 487450 486914 486916,5,-88.296136399999995,30.387565200000001,2024/08/05 01:25:11.102,2024/08/04 20:25:11.102,SAV
1910,287748,A69-1604-28093,NA,2024/08/05 01:28:10.848,4970.670000000000073,5117.270000000000437,-1,4.756600000000000,NA,0.140300000000000,NA,NA,8,486912 488550 487450 486915 486914 484753 486918 486916 486917 486909,10,488550 487450 486915 486914 484753,5,-88.296255200000004,30.387374500000000,2024/08/05 01:28:10.848,2024/08/04 20:28:10.848,SAV
1912,287793,A69-1604-28093,NA,2024/08/05 01:36:28.012,4955.739999999999782,5092.430000000000291,-1,3.798000000000000,NA,0.137100000000000,NA,NA,11,486912 486915 487450 488550 486918 486917 486914 484753 486916 486909,10,486912 486915 487450 488550 486918 486917,6,-88.296410499999993,30.387150399999999,2024/08/05 01:36:28.012,2024/08/04 20:36:28.012,SAV
1916,287861,A69-1604-28093,NA,2024/08/05 01:50:52.847,4949.210000000000036,5100.279999999999745,-1,5.462400000000000,NA,0.128600000000000,NA,NA,11,486912 486915 487450 488550 486918 486917 486914 484753 486916 486909,10,486912 486915 487450 488550 486918 486917,6,-88.296478500000006,30.387221199999999,2024/08/05 01:50:52.847,2024/08/04 20:50:52.847,SAV
1917,287872,A69-1604-28093,NA,2024/08/05 01:53:01.584,4966.100000000000364,5101.270000000000437,-1,4.332700000000000,NA,0.343500000000000,NA,NA,8,486912 486915 487450 486918 484753 486917 486916 486909 486919,9,486912 486915 487450 486918 484753 486917,6,-88.296302699999998,30.387230100000000,2024/08/05 01:53:01.584,2024/08/04 20:53:01.584,SAV
1918,287894,A69-1604-28093,NA,2024/08/05 01:57:39.660,4991.149999999999636,5122.770000000000437,-1,2.139900000000000,NA,0.367100000000000,NA,NA,14,486912 488550 487450 486914 486915 484753 486918 486916 486909 486917,10,486912 488550 487450 486914 486915 484753,6,-88.296042099999994,30.387424100000000,2024/08/05 01:57:39.660,2024/08/04 20:57:39.660,SAV
1919,287917,A69-1604-28093,NA,2024/08/05 02:02:49.576,5011.170000000000073,5137.739999999999782,-1,2.277900000000000,NA,0.222000000000000,NA,NA,15,488550 486914 486912 487450 484753 486916 486915 486918 486919 486909 486917,11,488550 486914 486912 487450 484753 486916,6,-88.295833799999997,30.387559100000001,2024/08/05 02:02:49.576,2024/08/04 21:02:49.576,SAV
1920,287930,A69-1604-28093,NA,2024/08/05 02:05:36.452,5021.630000000000109,5153.119999999999891,-1,7.931900000000000,NA,0.228100000000000,NA,NA,5,488550 486914 486912 487450 484753 486916 486915 486918 486919 486909 486917,11,488550 486914 486912 487450 484753 486916,6,-88.295725000000004,30.387697800000002,2024/08/05 02:05:36.452,2024/08/04 21:05:36.452,SAV
1921,287946,A69-1604-28093,NA,2024/08/05 02:08:06.726,5028.779999999999745,5154.170000000000073,-1,7.386100000000000,NA,0.200000000000000,NA,NA,6,486914 488550 484753 487450 486916 486918,6,486914 488550 484753 487450 486916 486918,6,-88.295650499999994,30.387707299999999,2024/08/05 02:08:06.726,2024/08/04 21:08:06.726,SAV
1922,287961,A69-1604-28093,NA,2024/08/05 02:11:03.428,5026.550000000000182,5149.130000000000109,-1,6.705400000000000,NA,0.415000000000000,NA,NA,6,486914 488550 486912 487450 484753 486916 486915 486918 486919 486909,10,486914 488550 486912 487450 484753 486916,6,-88.295673699999995,30.387661900000001,2024/08/05 02:11:03.428,2024/08/04 21:11:03.428,SAV
1923,287996,A69-1604-28093,NA,2024/08/05 02:18:38.837,5039.789999999999964,5144.880000000000109,-1,7.995500000000000,NA,0.282500000000000,NA,NA,7,486914 488550 484753 487450 486912 486916 486919 486918 486915 486909 486917,11,486914 488550 484753 487450 486912 486916,6,-88.295535999999998,30.387623500000000,2024/08/05 02:18:38.837,2024/08/04 21:18:38.837,SAV
1925,288083,A69-1604-28093,NA,2024/08/05 02:39:21.019,5033.100000000000364,5147.810000000000400,-1,6.131600000000000,NA,0.403200000000000,NA,NA,9,486914 488550 484753 487450 486912 486916 486918 486919,8,486914 488550 484753 487450 486912 486916,6,-88.295605600000002,30.387649900000000,2024/08/05 02:39:21.019,2024/08/04 21:39:21.019,SAV
1926,288093,A69-1604-28093,NA,2024/08/05 02:41:48.476,5034.140000000000327,5145.579999999999927,-1,5.386700000000000,NA,0.178800000000000,NA,NA,9,486914 488550 484753 487450 486912 486916 486915 486918 486917,9,486914 488550 484753 487450 486912 486916,6,-88.295594800000003,30.387629900000000,2024/08/05 02:41:48.476,2024/08/04 21:41:48.476,SAV
1927,288105,A69-1604-28093,NA,2024/08/05 02:44:39.543,5027.939999999999600,5139.100000000000364,-1,3.284900000000000,NA,0.111200000000000,NA,NA,10,486914 488550 484753 487450 486916 486918 486919 486909,8,486914 488550 484753 487450 486916 486918,6,-88.295659299999997,30.387571399999999,2024/08/05 02:44:39.543,2024/08/04 21:44:39.543,SAV
1928,288119,A69-1604-28093,NA,2024/08/05 02:47:18.250,5030.439999999999600,5152.050000000000182,-1,8.157900000000000,NA,0.219600000000000,NA,NA,10,488550 486912 486916 486915 486918 486919,6,488550 486912 486916 486915 486918 486919,6,-88.295633300000006,30.387688300000001,2024/08/05 02:47:18.250,2024/08/04 21:47:18.250,SAV
1929,288128,A69-1604-28093,NA,2024/08/05 02:49:31.917,5029.670000000000073,5152.550000000000182,-1,8.545600000000000,NA,0.090000000000000,NA,NA,3,486914 488550 486916 486919 486917,5,486914 488550 486916 486919 486917,5,-88.295641300000000,30.387692699999999,2024/08/05 02:49:31.917,2024/08/04 21:49:31.917,SAV
1930,288144,A69-1604-28093,NA,2024/08/05 02:51:55.649,5028.579999999999927,5148.560000000000400,-1,5.569500000000000,NA,0.296000000000000,NA,NA,9,486914 488550 484753 487450 486912 486916 486915 486918 486919 486917,10,486914 488550 484753 487450 486912 486916,6,-88.295652599999997,30.387656799999998,2024/08/05 02:51:55.649,2024/08/04 21:51:55.649,SAV
1932,288171,A69-1604-28093,NA,2024/08/05 02:57:02.940,5023.550000000000182,5156.119999999999891,-1,9.790300000000000,NA,0.106000000000000,NA,NA,5,488550 486914 486912 487450 484753 486916 486915 486918 486919 486909 486917,11,488550 486914 486912 487450 484753 486916,6,-88.295704900000004,30.387724899999998,2024/08/05 02:57:02.940,2024/08/04 21:57:02.940,SAV
1933,288181,A69-1604-28093,NA,2024/08/05 02:59:46.562,5028.069999999999709,5146.770000000000437,-1,4.836900000000000,NA,0.175600000000000,NA,NA,9,486914 488550 484753 487450 486912 486916 486918 486919 486909,9,486914 488550 484753 487450 486912 486916,6,-88.295657899999995,30.387640600000001,2024/08/05 02:59:46.562,2024/08/04 21:59:46.562,SAV
1934,288195,A69-1604-28093,NA,2024/08/05 03:02:10.041,5026.399999999999636,5144.510000000000218,-1,3.898400000000000,NA,0.208300000000000,NA,NA,10,486914 488550 487450 484753 486916 486915 486918 486919 486909,9,486914 488550 487450 484753 486916 486915,6,-88.295675399999993,30.387620299999998,2024/08/05 03:02:10.041,2024/08/04 22:02:10.041,SAV
1935,288210,A69-1604-28093,NA,2024/08/05 03:04:53.380,5014.859999999999673,5147.579999999999927,-1,4.698400000000000,NA,0.131200000000000,NA,NA,10,488550 486914 486912 487450 486916 486915 486918 486917,8,488550 486914 486912 487450 486916 486915,6,-88.295795400000003,30.387647900000001,2024/08/05 03:04:53.380,2024/08/04 22:04:53.380,SAV
1940,288300,A69-1604-28093,NA,2024/08/05 03:22:34.129,5023.449999999999818,5159.279999999999745,-1,13.488799999999999,NA,0.340100000000000,NA,NA,4,488550 486914 486912 487450 486916 486915 486917,7,488550 486914 486912 487450 486916 486915,6,-88.295705999999996,30.387753499999999,2024/08/05 03:22:34.129,2024/08/04 22:22:34.129,SAV
1941,288316,A69-1604-28093,NA,2024/08/05 03:25:12.339,5025.479999999999563,5147.239999999999782,-1,4.731000000000000,NA,0.269700000000000,NA,NA,11,488550 486914 486912 487450 484753 486916 486918 486909 486917,9,488550 486914 486912 487450 484753 486916,6,-88.295684899999998,30.387644900000002,2024/08/05 03:25:12.339,2024/08/04 22:25:12.339,SAV
1942,288329,A69-1604-28093,NA,2024/08/05 03:27:25.311,5016.100000000000364,5141.789999999999964,-1,3.043800000000000,NA,0.081500000000000,NA,NA,11,488550 486914 487450 484753 486916 486918 486919 486909,8,488550 486914 487450 484753 486916 486918,6,-88.295782500000001,30.387595699999999,2024/08/05 03:27:25.311,2024/08/04 22:27:25.311,SAV
1943,288338,A69-1604-28093,NA,2024/08/05 03:29:47.421,5004.470000000000255,5132.939999999999600,-1,1.987000000000000,NA,0.141800000000000,NA,NA,14,488550 486912 486914 487450 484753 486915 486916 486918 486919 486909,10,488550 486912 486914 487450 484753 486915,6,-88.295903499999994,30.387515900000000,2024/08/05 03:29:47.421,2024/08/04 22:29:47.421,SAV
1944,288352,A69-1604-28093,NA,2024/08/05 03:32:27.738,4990.399999999999636,5129.029999999999745,-1,2.379500000000000,NA,0.119800000000000,NA,NA,15,486912 488550 487450 486914 484753 486915 486916 486918 486909 486919 486917,11,486912 488550 487450 486914 484753 486915,6,-88.296049900000000,30.387480499999999,2024/08/05 03:32:27.738,2024/08/04 22:32:27.738,SAV
1945,288365,A69-1604-28093,NA,2024/08/05 03:34:44.673,4973.590000000000146,5120.760000000000218,-1,8.176500000000004,NA,0.023800000000000,NA,NA,7,486912 487450 486915 486914 484753 486918 486916 486917 486909 486919,10,487450 486915 486914 484753 486918,5,-88.296224800000005,30.387405999999999,2024/08/05 03:34:44.673,2024/08/04 22:34:44.673,SAV
1947,304516,A69-1604-28093,NA,2024/08/08 00:33:44.348,4995.369999999999891,5140.989999999999782,-1,3.624300000000000,NA,0.223900000000000,NA,NA,13,488550 486914 487450 484753 486915 486916 486918 486909,8,488550 486914 487450 484753 486915 486916,6,-88.295998200000000,30.387588399999999,2024/08/08 00:33:44.348,2024/08/07 19:33:44.348,SAV
1951,305152,A69-1604-28093,NA,2024/08/08 02:53:47.244,5003.600000000000364,5134.359999999999673,-1,2.453100000000000,NA,0.108300000000000,NA,NA,11,488550 486912 486914 487450 486915 486918 486909 486917,8,488550 486912 486914 487450 486915 486918,6,-88.295912599999994,30.387528600000000,2024/08/08 02:53:47.244,2024/08/07 21:53:47.244,SAV
1952,305193,A69-1604-28093,NA,2024/08/08 03:02:40.674,5004.430000000000291,5127.380000000000109,-1,1.933200000000000,NA,0.076800000000000,NA,NA,15,488550 486912 486914 487450 484753 486915 486916 486918 486909,9,488550 486912 486914 487450 484753 486915,6,-88.295903899999999,30.387465700000000,2024/08/08 03:02:40.674,2024/08/07 22:02:40.674,SAV
1953,305206,A69-1604-28093,NA,2024/08/08 03:05:24.290,4995.229999999999563,5122.420000000000073,-1,2.035500000000000,NA,0.135600000000000,NA,NA,14,486912 488550 487450 486914 484753 486915 486916 486918 486909 486917,10,486912 488550 487450 486914 484753 486915,6,-88.295999699999996,30.387421000000000,2024/08/08 03:05:24.290,2024/08/07 22:05:24.290,SAV
1955,305237,A69-1604-28093,NA,2024/08/08 03:10:31.580,5006.010000000000218,5131.310000000000400,-1,1.891100000000000,NA,0.072600000000000,NA,NA,12,488550 486912 486914 484753 486915 486916 486909,7,488550 486912 486914 484753 486915 486916,6,-88.295887399999998,30.387501100000001,2024/08/08 03:10:31.580,2024/08/07 22:10:31.580,SAV
1956,305249,A69-1604-28093,NA,2024/08/08 03:12:55.279,5014.680000000000291,5135.960000000000036,-1,2.766200000000000,NA,0.160000000000000,NA,NA,9,488550 486912 487450 484753 486916 486915 486918 486909 486917,9,488550 486912 487450 484753 486916 486915,6,-88.295797300000004,30.387543099999998,2024/08/08 03:12:55.279,2024/08/07 22:12:55.279,SAV
1957,305265,A69-1604-28093,NA,2024/08/08 03:15:39.117,5019.109999999999673,5141.090000000000146,-1,5.740800000000000,NA,0.171800000000000,NA,NA,9,486914 486912 487450 484753 486916 486915 486918 486917,8,486914 486912 487450 484753 486916 486915,6,-88.295751199999998,30.387589400000000,2024/08/08 03:15:39.117,2024/08/07 22:15:39.117,SAV
1960,305365,A69-1604-28093,NA,2024/08/08 03:36:38.794,5003.090000000000146,5136.189999999999600,-1,13.516400000000001,NA,0.346800000000000,NA,NA,3,486912 487450 484753 486915 486918,5,486912 487450 484753 486915 486918,5,-88.295917900000006,30.387545100000001,2024/08/08 03:36:38.794,2024/08/07 22:36:38.794,SAV
1961,305400,A69-1604-28093,NA,2024/08/08 03:42:18.431,5020.659999999999854,5133.750000000000000,-1,13.895099999999999,NA,0.065400000000000,NA,NA,3,488550 486915 486918 486917,4,488550 486915 486918 486917,4,-88.295735100000002,30.387523200000000,2024/08/08 03:42:18.431,2024/08/07 22:42:18.431,SAV
1962,305414,A69-1604-28093,NA,2024/08/08 03:44:45.457,5007.899999999999636,5135.890000000000327,-1,2.196600000000000,NA,0.163400000000000,NA,NA,15,488550 486914 486912 487450 484753 486916 486915 486918 486909,9,488550 486914 486912 487450 484753 486916,6,-88.295867799999996,30.387542400000001,2024/08/08 03:44:45.457,2024/08/07 22:44:45.457,SAV
1963,305426,A69-1604-28093,NA,2024/08/08 03:47:35.608,4994.359999999999673,5128.250000000000000,-1,2.155200000000000,NA,0.067700000000000,NA,NA,14,486912 488550 487450 486914 484753 486915 486916 486918 486909,9,486912 488550 487450 486914 484753 486915,6,-88.296008700000002,30.387473499999999,2024/08/08 03:47:35.608,2024/08/07 22:47:35.608,SAV
1964,305461,A69-1604-28093,NA,2024/08/08 03:54:36.661,5009.850000000000364,5139.079999999999927,-1,3.163000000000000,NA,0.130100000000000,NA,NA,6,488550 486914 486912 486915 486918,5,488550 486914 486912 486915 486918,5,-88.295847499999994,30.387571300000001,2024/08/08 03:54:36.661,2024/08/07 22:54:36.661,SAV
1971,305618,A69-1604-28093,NA,2024/08/08 04:24:35.911,5002.029999999999745,5133.500000000000000,-1,5.418300000000000,NA,0.069100000000000,NA,NA,1,488550 486912 486914 486915,4,488550 486912 486914,3,-88.295928900000007,30.387520899999998,2024/08/08 04:24:35.911,2024/08/07 23:24:35.911,SAV
1984,337332,A69-1604-28093,NA,2024/08/14 03:41:41.404,5020.750000000000000,5158.159999999999854,-1,8.583000000000000,NA,0.545500000000000,NA,NA,8,488550 486914 486912 487450 486916 486918 486909,7,488550 486914 486912 487450 486916 486918,6,-88.295734100000004,30.387743400000002,2024/08/14 03:41:41.404,2024/08/13 22:41:41.404,SAV
1985,337348,A69-1604-28093,NA,2024/08/14 03:44:22.656,5023.750000000000000,5158.590000000000146,-1,9.802899999999999,NA,0.056200000000000,NA,NA,8,488550 486914 486912 487450 486915 486918,6,488550 486914 486912 487450 486915 486918,6,-88.295702899999995,30.387747200000000,2024/08/14 03:44:22.656,2024/08/13 22:44:22.656,SAV
1986,337363,A69-1604-28093,NA,2024/08/14 03:46:41.661,5018.350000000000364,5158.050000000000182,-1,12.778700000000001,NA,0.087300000000000,NA,NA,7,486914 486912 487450 484753 486915 486918 486909 486917,8,486914 486912 487450 484753 486915 486918,6,-88.295759099999998,30.387742400000000,2024/08/14 03:46:41.661,2024/08/13 22:46:41.661,SAV
2001,352770,A69-1604-28093,NA,2024/08/17 01:24:31.450,5052.170000000000073,5135.460000000000036,-1,8.488899999999999,NA,0.087600000000000,NA,NA,3,486914 484753 488550 487450 486916 486919 486918 486909,8,484753 488550 487450 486916 486919,5,-88.295407200000000,30.387538599999999,2024/08/17 01:24:31.450,2024/08/16 20:24:31.450,SAV
2004,352857,A69-1604-28093,NA,2024/08/17 01:45:01.420,5053.689999999999600,5135.310000000000400,-1,8.612700000000000,NA,0.223800000000000,NA,NA,6,486914 484753 488550 487450 486916 486912 486919 486918 486915 486909 486917,11,484753 488550 487450 486916 486912,5,-88.295391400000000,30.387537200000001,2024/08/17 01:45:01.420,2024/08/16 20:45:01.420,SAV
2009,352987,A69-1604-28093,NA,2024/08/17 02:14:23.939,5031.640000000000327,5150.630000000000109,-1,8.188400000000000,NA,0.539700000000000,NA,NA,6,486914 488550 487450 486912 486916,5,486914 488550 487450 486912 486916,5,-88.295620799999995,30.387675399999999,2024/08/17 02:14:23.939,2024/08/16 21:14:23.939,SAV
2010,352999,A69-1604-28093,NA,2024/08/17 02:17:26.502,5023.090000000000146,5159.460000000000036,-1,13.528800000000000,NA,0.102000000000000,NA,NA,4,488550 486914 486912 487450 486916 486915 486918,7,488550 486914 486912 487450 486916 486915,6,-88.295709700000003,30.387755100000000,2024/08/17 02:17:26.502,2024/08/16 21:17:26.502,SAV
2019,357590,A69-1604-28093,NA,2024/08/18 02:09:12.432,5081.279999999999745,5121.180000000000291,-1,11.545500000000001,NA,0.169000000000000,NA,NA,5,484753 486914 486916 487450 486919 486909,6,486914 486916 487450 486919 486909,5,-88.295104300000006,30.387409699999999,2024/08/18 02:09:12.432,2024/08/17 21:09:12.432,SAV
2024,357879,A69-1604-28093,NA,2024/08/18 03:16:39.752,4991.939999999999600,5136.569999999999709,-1,12.229200000000001,NA,0.129000000000000,NA,NA,4,488550 486914 487450 484753,4,488550 486914 487450 484753,4,-88.296033800000004,30.387548599999999,2024/08/18 03:16:39.752,2024/08/17 22:16:39.752,SAV
2025,357890,A69-1604-28093,NA,2024/08/18 03:19:17.754,4990.029999999999745,5122.279999999999745,-1,2.887300000000000,NA,0.359300000000000,NA,NA,6,486912 488550 487450 486914 486915,5,486912 488550 487450 486914 486915,5,-88.296053799999996,30.387419699999999,2024/08/18 03:19:17.754,2024/08/17 22:19:17.754,SAV
2026,357902,A69-1604-28093,NA,2024/08/18 03:21:30.002,4985.770000000000437,5115.819999999999709,-1,2.278400000000000,NA,0.414700000000000,NA,NA,14,486912 488550 487450 486914 486915 484753 486918 486916,8,486912 488550 487450 486914 486915 484753,6,-88.296098000000001,30.387361500000001,2024/08/18 03:21:30.002,2024/08/17 22:21:30.002,SAV
2027,357918,A69-1604-28093,NA,2024/08/18 03:26:28.424,4976.579999999999927,5110.369999999999891,-1,8.167000000000000,NA,0.413600000000000,NA,NA,5,486912 486915 486914 484753 486916,5,486912 486915 486914 484753 486916,5,-88.296193700000003,30.387312300000001,2024/08/18 03:26:28.424,2024/08/17 22:26:28.424,SAV
2028,357928,A69-1604-28093,NA,2024/08/18 03:28:40.451,4979.279999999999745,5110.909999999999854,-1,7.738000000000000,NA,0.154300000000000,NA,NA,9,486912 487450 486915 484753 486918 486916 486909,7,486912 487450 486915 484753 486918 486916,6,-88.296165599999995,30.387317100000001,2024/08/18 03:28:40.451,2024/08/17 22:28:40.451,SAV
2029,357938,A69-1604-28093,NA,2024/08/18 03:31:00.863,4999.060000000000400,5136.810000000000400,-1,5.509200000000000,NA,0.305900000000000,NA,NA,9,486912 486914 487450 484753 486915 486916 486918,7,486912 486914 487450 484753 486915 486916,6,-88.295959800000006,30.387550800000000,2024/08/18 03:31:00.863,2024/08/17 22:31:00.863,SAV
2030,357948,A69-1604-28093,NA,2024/08/18 03:33:38.125,4998.159999999999854,5141.439999999999600,-1,2.990000000000000,NA,0.236600000000000,NA,NA,14,488550 486912 486914 487450 484753 486916 486918,7,488550 486912 486914 487450 484753 486916,6,-88.295969099999994,30.387592500000000,2024/08/18 03:33:38.125,2024/08/17 22:33:38.125,SAV
2031,357958,A69-1604-28093,NA,2024/08/18 03:35:48.951,4996.270000000000437,5138.729999999999563,-1,2.840500000000000,NA,0.193700000000000,NA,NA,13,488550 486912 486914 487450 484753 486915 486916 486918,8,488550 486912 486914 487450 484753 486915,6,-88.295988800000003,30.387568099999999,2024/08/18 03:35:48.951,2024/08/17 22:35:48.951,SAV
2032,357966,A69-1604-28093,NA,2024/08/18 03:38:06.827,4990.420000000000073,5135.449999999999818,-1,4.839000000000000,NA,0.164000000000000,NA,NA,4,488550 486912 486914 484753,4,488550 486912 486914 484753,4,-88.296049699999998,30.387538500000002,2024/08/18 03:38:06.827,2024/08/17 22:38:06.827,SAV
2033,357993,A69-1604-28093,NA,2024/08/18 03:43:39.595,5016.189999999999600,5143.449999999999818,-1,3.389000000000000,NA,0.235700000000000,NA,NA,12,488550 486914 486912 487450 484753 486916 486915 486918,8,488550 486914 486912 487450 484753 486916,6,-88.295781500000004,30.387610599999999,2024/08/18 03:43:39.595,2024/08/17 22:43:39.595,SAV
2035,411989,A69-1604-28093,NA,2024/08/28 01:09:33.179,5026.279999999999745,5158.420000000000073,-1,11.783700000000000,NA,0.165400000000000,NA,NA,5,488550 486914 486912 484753 487450 486916 486915 486909,8,488550 486914 486912 484753 487450 486916,6,-88.295676499999999,30.387745700000000,2024/08/28 01:09:33.179,2024/08/27 20:09:33.179,SAV
2036,412017,A69-1604-28093,NA,2024/08/28 01:16:41.712,5017.289999999999964,5150.600000000000364,-1,6.783300000000000,NA,0.191200000000000,NA,NA,7,488550 486914 486912 487450 486916 486915,6,488550 486914 486912 487450 486916 486915,6,-88.295770099999999,30.387675099999999,2024/08/28 01:16:41.712,2024/08/27 20:16:41.712,SAV
2037,412028,A69-1604-28093,NA,2024/08/28 01:19:17.137,5017.489999999999782,5153.119999999999891,-1,7.688300000000000,NA,0.194000000000000,NA,NA,6,488550 486914 486912 487450 484753 486916 486915 486918 486909,9,488550 486914 486912 487450 484753 486916,6,-88.295767999999995,30.387697899999999,2024/08/28 01:19:17.137,2024/08/27 20:19:17.137,SAV
2040,523638,A69-1604-28093,NA,2024/09/20 08:08:33.453,4972.810000000000400,5145.869999999999891,-1,12.952999999999999,NA,0.228200000000000,NA,NA,8,486912 488550 486914 484753 486918 486916,6,486912 488550 486914 484753 486918 486916,6,-88.296232900000007,30.387632499999999,2024/09/20 08:08:33.453,2024/09/20 03:08:33.453,SAV
2042,523671,A69-1604-28093,NA,2024/09/20 08:16:34.214,4950.270000000000437,5130.550000000000182,-1,10.116300000000001,NA,0.138400000000000,NA,NA,10,486912 488550 486915 486914 484753 486918 486916 486919,8,488550 486915 486914 484753 486918,5,-88.296467399999997,30.387494300000000,2024/09/20 08:16:34.214,2024/09/20 03:16:34.214,SAV
2044,523753,A69-1604-28093,NA,2024/09/20 08:32:38.988,4931.500000000000000,5111.279999999999745,-1,14.247700000000000,NA,0.213600000000000,NA,NA,6,486912 486915 488550 486918 486917 486914 484753,7,486912 486915 488550 486918 486917 486914,6,-88.296662699999999,30.387320400000000,2024/09/20 08:32:38.988,2024/09/20 03:32:38.988,SAV
2065,524527,A69-1604-28093,NA,2024/09/20 11:25:40.518,4983.390000000000327,5114.619999999999891,-1,2.742200000000000,NA,0.076300000000000,NA,NA,14,486912 488550 486915 486914 484753 486918 486916 486917 486919,9,486912 488550 486915 486914 484753 486918,6,-88.296122800000006,30.387350500000000,2024/09/20 11:25:40.518,2024/09/20 06:25:40.518,SAV
2066,524540,A69-1604-28093,NA,2024/09/20 11:27:55.561,5013.149999999999636,5141.500000000000000,-1,2.930000000000000,NA,0.048700000000000,NA,NA,10,488550 486914 486912 484753 486916 486915 486918 486917,8,488550 486914 486912 484753 486916 486915,6,-88.295813100000004,30.387593100000000,2024/09/20 11:27:55.561,2024/09/20 06:27:55.561,SAV
2068,524558,A69-1604-28093,NA,2024/09/20 11:33:10.592,5061.979999999999563,5139.300000000000182,-1,13.805600000000000,NA,0.243400000000000,NA,NA,5,486914 484753 488550 486916 486912 486918 486915 486917,8,484753 488550 486916 486912 486918,5,-88.295305099999993,30.387573199999999,2024/09/20 11:33:10.592,2024/09/20 06:33:10.592,SAV
2116,528830,A69-1604-28093,NA,2024/09/21 07:45:21.850,4942.319999999999709,5133.369999999999891,-1,13.343299999999999,NA,0.345700000000000,NA,NA,9,486912 488550 486915 486914 486918 484753 486917 486916 486919,9,488550 486915 486914 486918 484753,5,-88.296550199999999,30.387519699999999,2024/09/21 07:45:21.850,2024/09/21 02:45:21.850,SAV
2132,529458,A69-1604-28093,NA,2024/09/21 10:12:34.796,4930.319999999999709,5109.119999999999891,-1,13.757400000000001,NA,0.401400000000000,NA,NA,6,486912 486915 488550 486918 486917 486914 486916 486919,8,486912 486915 488550 486918 486917 486914,6,-88.296674999999993,30.387301000000001,2024/09/21 10:12:34.796,2024/09/21 05:12:34.796,SAV
2133,529469,A69-1604-28093,NA,2024/09/21 10:15:01.306,4949.050000000000182,5119.319999999999709,-1,8.289600000000000,NA,0.233700000000000,NA,NA,9,486912 486915 488550 486914 484753 486916,6,486915 488550 486914 484753 486916,5,-88.296480099999997,30.387392999999999,2024/09/21 10:15:01.306,2024/09/21 05:15:01.306,SAV
2134,529482,A69-1604-28093,NA,2024/09/21 10:17:50.537,4960.539999999999964,5115.430000000000291,-1,5.916400000000000,NA,0.329400000000000,NA,NA,10,486912 486915 488550 486914 486918 484753 486916,7,486915 488550 486914 486918 484753,5,-88.296360600000000,30.387357900000001,2024/09/21 10:17:50.537,2024/09/21 05:17:50.537,SAV
2139,529739,A69-1604-28093,NA,2024/09/21 11:19:19.338,4986.060000000000400,5138.310000000000400,-1,3.851800000000000,NA,0.181800000000000,NA,NA,11,488550 486912 486914 486915 484753 486916 486919,7,488550 486912 486914 486915 484753 486916,6,-88.296095100000002,30.387564200000000,2024/09/21 11:19:19.338,2024/09/21 06:19:19.338,SAV
2140,529751,A69-1604-28093,NA,2024/09/21 11:21:46.048,4940.529999999999745,5095.180000000000291,-1,12.296799999999999,NA,0.164900000000000,NA,NA,7,486915 486912 486918 486917 486914 484753 486916 486919,8,486915 486912 486918 486917 486914 484753,6,-88.296568800000003,30.387175200000001,2024/09/21 11:21:46.048,2024/09/21 06:21:46.048,SAV
2143,529853,A69-1604-28093,NA,2024/09/21 11:46:11.733,5004.810000000000400,5126.750000000000000,-1,1.851600000000000,NA,0.087800000000000,NA,NA,12,488550 486912 486914 484753 486915 486916 486918 486919,8,488550 486912 486914 484753 486915 486916,6,-88.295899899999995,30.387460000000001,2024/09/21 11:46:11.733,2024/09/21 06:46:11.733,SAV
2144,529864,A69-1604-28093,NA,2024/09/21 11:48:50.184,5048.930000000000291,5131.939999999999600,-1,9.026199999999999,NA,0.037600000000000,NA,NA,3,486914 484753 488550 486916 486912 486919 486918 486915 486917,9,484753 488550 486916 486912 486919,5,-88.295440900000003,30.387506900000002,2024/09/21 11:48:50.184,2024/09/21 06:48:50.184,SAV
1848,277751,A69-1604-28093,NA,2024/08/03 07:28:43.579,5002.130000000000109,5155.710000000000036,-1,13.658500000000000,NA,0.467300000000000,NA,NA,6,488550 486914 486912 487450 484753 486915 486916 486918 486919 486909,10,486914 486912 487450 484753 486915,5,-88.295927800000001,30.387721200000001,2024/08/03 07:28:43.579,2024/08/03 02:28:43.579,receiver
1959,305330,A69-1604-28093,NA,2024/08/08 03:28:28.211,5002.430000000000291,5155.560000000000400,-1,14.099000000000000,NA,0.523000000000000,NA,NA,5,488550 486914 486912 487450 484753 486915 486916 486918 486909 486917,10,486914 486912 487450 484753 486915,5,-88.295924799999995,30.387719900000000,2024/08/08 03:28:28.211,2024/08/07 22:28:28.211,receiver
252,70333,A69-1604-28093,NA,2024/06/26 13:08:39.383,4971.010000000000218,5115.800000000000182,-1,4.605400000000000,NA,0.268600000000000,NA,NA,8,486912 488550 487450 486915 486914 484753 486918 486916 486919,9,488550 487450 486915 486914 484753,5,-88.296251600000005,30.387361200000001,2024/06/26 13:08:39.383,2024/06/26 08:08:39.383,receiver
1721,272182,A69-1604-28093,NA,2024/08/02 07:02:40.358,4969.710000000000036,5114.789999999999964,-1,7.994900000000000,NA,0.279100000000000,NA,NA,6,486912 487450 486915 486914 484753 486918 486916 486909 486919,9,487450 486915 486914 484753 486918,5,-88.296265199999993,30.387352199999999,2024/08/02 07:02:40.358,2024/08/02 02:02:40.358,receiver
571,104795,A69-1604-28093,NA,2024/07/03 00:41:28.258,5016.710000000000036,5081.050000000000182,-1,2.443700000000000,NA,0.163500000000000,NA,NA,9,487450 484753 486916 486918 486912 486914 486915 486909 486917,9,484753 486916 486918 486912 486914,5,-88.295776099999998,30.387047800000001,2024/07/03 00:41:28.258,2024/07/02 19:41:28.258,receiver
1489,263672,A69-1604-28093,NA,2024/07/31 20:51:56.213,5066.130000000000109,5059.750000000000000,-1,7.170000000000000,NA,0.023600000000000,NA,NA,1,486916 486919 484753 486909,4,486919 484753 486909,3,-88.295261900000000,30.386855700000002,2024/07/31 20:51:56.213,2024/07/31 15:51:56.213,receiver
59,55109,A69-1604-28093,NA,2024/06/23 22:57:35.822,5043.560000000000400,5080.239999999999782,-1,1.924500000000000,NA,0.198300000000000,NA,NA,12,484753 487450 486916 486914 486919 486918 486909,7,484753 487450 486916 486914 486919 486918,6,-88.295496799999995,30.387040400000000,2024/06/23 22:57:35.822,2024/06/23 17:57:35.822,oyster
64,55154,A69-1604-28093,NA,2024/06/23 23:11:34.418,5044.090000000000146,5075.159999999999854,-1,1.898100000000000,NA,0.052900000000000,NA,NA,12,484753 486916 487450 486919 486914 486918 486909 486917,8,484753 486916 487450 486919 486914 486918,6,-88.295491200000001,30.386994699999999,2024/06/23 23:11:34.418,2024/06/23 18:11:34.418,oyster
70,55224,A69-1604-28093,NA,2024/06/23 23:32:02.313,5048.149999999999636,5080.939999999999600,-1,2.581400000000000,NA,0.049100000000000,NA,NA,14,484753 486916 487450 486919 486918 486909 486917,7,484753 486916 487450 486919 486918 486909,6,-88.295449000000005,30.387046699999999,2024/06/23 23:32:02.313,2024/06/23 18:32:02.313,oyster
74,55263,A69-1604-28093,NA,2024/06/23 23:41:55.039,5038.689999999999600,5074.359999999999673,-1,4.558600000000000,NA,0.032200000000000,NA,NA,6,484753 486916 486918 486909 486917,5,484753 486916 486918 486909 486917,5,-88.295547400000004,30.386987500000000,2024/06/23 23:41:55.039,2024/06/23 18:41:55.039,oyster
75,55270,A69-1604-28093,NA,2024/06/23 23:44:11.268,5029.840000000000146,5056.140000000000327,-1,3.927100000000000,NA,0.046500000000000,NA,NA,6,486916 486918 484753 486909 486917,5,486916 486918 484753 486909 486917,5,-88.295639499999993,30.386823000000000,2024/06/23 23:44:11.268,2024/06/23 18:44:11.268,oyster
76,55283,A69-1604-28093,NA,2024/06/23 23:46:39.884,5013.869999999999891,5056.850000000000364,-1,3.786900000000000,NA,0.027500000000000,NA,NA,6,487450 486918 486909 484753 486917,5,487450 486918 486909 484753 486917,5,-88.295805700000003,30.386829500000001,2024/06/23 23:46:39.884,2024/06/23 18:46:39.884,oyster
78,55316,A69-1604-28093,NA,2024/06/23 23:54:39.942,5037.859999999999673,5070.079999999999927,-1,4.744200000000000,NA,0.166100000000000,NA,NA,4,486909 486914 486912 486917,4,486909 486914 486912 486917,4,-88.295556099999999,30.386948799999999,2024/06/23 23:54:39.942,2024/06/23 18:54:39.942,oyster
80,55349,A69-1604-28093,NA,2024/06/24 00:02:23.566,5021.350000000000364,5054.090000000000146,-1,2.143200000000000,NA,0.093500000000000,NA,NA,18,487450 486918 486916 486909 484753 486919 486915 486912 486917 486914,10,487450 486918 486916 486909 484753 486919,6,-88.295727900000003,30.386804600000001,2024/06/24 00:02:23.566,2024/06/23 19:02:23.566,oyster
82,55370,A69-1604-28093,NA,2024/06/24 00:07:05.887,5015.060000000000400,5052.949999999999818,-1,2.106800000000000,NA,0.130600000000000,NA,NA,15,486918 487450 486916 486909 484753 486915 486912 486917 486914 488550,10,486918 487450 486916 486909 484753 486915,6,-88.295793300000000,30.386794299999998,2024/06/24 00:07:05.887,2024/06/23 19:07:05.887,oyster
83,55381,A69-1604-28093,NA,2024/06/24 00:09:56.270,5045.640000000000327,5064.720000000000255,-1,1.987300000000000,NA,0.161800000000000,NA,NA,15,486916 484753 487450 486919 486918 486909 486917,7,486916 484753 487450 486919 486918 486909,6,-88.295475100000004,30.386900499999999,2024/06/24 00:09:56.270,2024/06/23 19:09:56.270,oyster
137,62245,A69-1604-28093,NA,2024/06/25 05:21:00.049,5016.279999999999745,5055.600000000000364,-1,2.052900000000000,NA,0.206000000000000,NA,NA,16,487450 486918 486916 486909 484753 486915 486919 486912 486917 486914,10,487450 486918 486916 486909 484753 486915,6,-88.295780600000001,30.386818200000000,2024/06/25 05:21:00.049,2024/06/25 00:21:00.049,oyster
138,62255,A69-1604-28093,NA,2024/06/25 05:23:06.898,5026.300000000000182,5057.319999999999709,-1,1.870200000000000,NA,0.111800000000000,NA,NA,16,487450 486918 486916 484753 486909 486915 486912 486914 488550,9,487450 486918 486916 484753 486909 486915,6,-88.295676400000005,30.386833700000000,2024/06/25 05:23:06.898,2024/06/25 00:23:06.898,oyster
139,62267,A69-1604-28093,NA,2024/06/25 05:25:16.811,5029.149999999999636,5052.720000000000255,-1,1.947600000000000,NA,0.157700000000000,NA,NA,17,487450 486918 486916 486909 484753 486919 486915 486912 486914 486917,10,487450 486918 486916 486909 484753 486919,6,-88.295646700000006,30.386792199999999,2024/06/25 05:25:16.811,2024/06/25 00:25:16.811,oyster
140,62311,A69-1604-28093,NA,2024/06/25 05:35:39.115,5027.279999999999745,5050.020000000000437,-1,1.975200000000000,NA,0.065800000000000,NA,NA,17,486918 487450 486916 486909 484753 486919 486915 486917 486914,9,486918 487450 486916 486909 484753 486919,6,-88.295666100000005,30.386767800000001,2024/06/25 05:35:39.115,2024/06/25 00:35:39.115,oyster
142,62353,A69-1604-28093,NA,2024/06/25 05:45:56.730,5030.029999999999745,5050.210000000000036,-1,1.934200000000000,NA,0.141900000000000,NA,NA,17,486918 487450 486916 486909 484753 486919 486915 486914 486917,9,486918 487450 486916 486909 484753 486919,6,-88.295637600000006,30.386769600000001,2024/06/25 05:45:56.730,2024/06/25 00:45:56.730,oyster
143,62365,A69-1604-28093,NA,2024/06/25 05:48:23.708,5031.550000000000182,5050.079999999999927,-1,1.915300000000000,NA,0.076100000000000,NA,NA,17,486918 486916 487450 486909 484753 486919 486915 486912 486914 486917,10,486918 486916 487450 486909 484753 486919,6,-88.295621800000006,30.386768400000001,2024/06/25 05:48:23.708,2024/06/25 00:48:23.708,oyster
144,62376,A69-1604-28093,NA,2024/06/25 05:51:14.082,5031.170000000000073,5049.960000000000036,-1,1.921800000000000,NA,0.088200000000000,NA,NA,17,486918 486916 487450 486909 484753 486919 486915 486912 486917,9,486918 486916 487450 486909 484753 486919,6,-88.295625700000002,30.386767400000000,2024/06/25 05:51:14.082,2024/06/25 00:51:14.082,oyster
145,62389,A69-1604-28093,NA,2024/06/25 05:53:51.343,5028.760000000000218,5052.069999999999709,-1,1.949200000000000,NA,0.096300000000000,NA,NA,17,487450 486918 486916 486909 484753 486919 486915 486912 486914 486917,10,487450 486918 486916 486909 484753 486919,6,-88.295650800000004,30.386786399999998,2024/06/25 05:53:51.343,2024/06/25 00:53:51.343,oyster
147,62409,A69-1604-28093,NA,2024/06/25 05:58:20.053,5026.930000000000291,5052.310000000000400,-1,1.978300000000000,NA,0.118000000000000,NA,NA,17,487450 486918 486916 486909 484753 486919 486915 486912 486914 486917,10,487450 486918 486916 486909 484753 486919,6,-88.295669799999999,30.386788500000002,2024/06/25 05:58:20.053,2024/06/25 00:58:20.053,oyster
148,62444,A69-1604-28093,NA,2024/06/25 06:06:49.880,5024.409999999999854,5052.880000000000109,-1,1.958800000000000,NA,0.124800000000000,NA,NA,15,487450 486918 486916 486909 484753 486915 486912 486917 486914,9,487450 486918 486916 486909 484753 486915,6,-88.295696000000007,30.386793699999998,2024/06/25 06:06:49.880,2024/06/25 01:06:49.880,oyster
149,62461,A69-1604-28093,NA,2024/06/25 06:09:40.511,5024.329999999999927,5054.710000000000036,-1,2.028500000000000,NA,0.046300000000000,NA,NA,17,487450 486918 486916 484753 486909 486919 486915 486912 486914 486917 488550,11,487450 486918 486916 484753 486909 486919,6,-88.295696800000002,30.386810199999999,2024/06/25 06:09:40.511,2024/06/25 01:09:40.511,oyster
150,62496,A69-1604-28093,NA,2024/06/25 06:16:48.356,5024.989999999999782,5057.760000000000218,-1,2.014600000000000,NA,0.093800000000000,NA,NA,17,487450 486918 486916 484753 486909 486919 486915 486912 486914 486917,10,487450 486918 486916 484753 486909 486919,6,-88.295689899999999,30.386837700000001,2024/06/25 06:16:48.356,2024/06/25 01:16:48.356,oyster
151,62508,A69-1604-28093,NA,2024/06/25 06:19:22.852,5032.619999999999891,5061.170000000000073,-1,2.107200000000000,NA,0.161000000000000,NA,NA,13,487450 486916 484753 486918 486909 486914 486912 486915 486917 488550,10,487450 486916 484753 486918 486909 486914,6,-88.295610600000003,30.386868400000001,2024/06/25 06:19:22.852,2024/06/25 01:19:22.852,oyster
152,62515,A69-1604-28093,NA,2024/06/25 06:21:28.327,5035.340000000000146,5064.869999999999891,-1,5.983100000000000,NA,0.083400000000000,NA,NA,4,486909 486915 488550 486917,4,486909 486915 488550 486917,4,-88.295582300000007,30.386901800000000,2024/06/25 06:21:28.327,2024/06/25 01:21:28.327,oyster
153,62539,A69-1604-28093,NA,2024/06/25 06:25:45.796,5031.449999999999818,5055.359999999999673,-1,2.117600000000000,NA,0.670500000000000,NA,NA,11,486916 484753 486919 486915 488568 486914 486912 486917,8,486916 484753 486919 486915 488568 486914,6,-88.295622800000004,30.386816000000000,2024/06/25 06:25:45.796,2024/06/25 01:25:45.796,oyster
154,62582,A69-1604-28093,NA,2024/06/25 06:33:31.321,5023.619999999999891,5053.119999999999891,-1,2.051800000000000,NA,0.121300000000000,NA,NA,17,487450 486918 486916 486909 484753 486919 486915 486912 486917 486914,10,487450 486918 486916 486909 484753 486919,6,-88.295704200000003,30.386795800000002,2024/06/25 06:33:31.321,2024/06/25 01:33:31.321,oyster
155,62595,A69-1604-28093,NA,2024/06/25 06:36:22.893,5023.859999999999673,5052.250000000000000,-1,2.043800000000000,NA,0.111100000000000,NA,NA,17,486918 487450 486916 486909 484753 486919 486915 486912 486917 486914,10,486918 487450 486916 486909 484753 486919,6,-88.295701800000003,30.386787999999999,2024/06/25 06:36:22.893,2024/06/25 01:36:22.893,oyster
156,62608,A69-1604-28093,NA,2024/06/25 06:39:02.304,5023.869999999999891,5052.149999999999636,-1,2.044200000000000,NA,0.120700000000000,NA,NA,17,486918 487450 486916 486909 484753 486919 486915 486912 486917 486914 488550,11,486918 487450 486916 486909 484753 486919,6,-88.295701600000001,30.386787099999999,2024/06/25 06:39:02.304,2024/06/25 01:39:02.304,oyster
157,62620,A69-1604-28093,NA,2024/06/25 06:41:17.363,5024.279999999999745,5051.340000000000146,-1,2.033500000000000,NA,0.082500000000000,NA,NA,17,486918 487450 486916 486909 484753 486919 486912 486917 486914 488550,10,486918 487450 486916 486909 484753 486919,6,-88.295697399999995,30.386779799999999,2024/06/25 06:41:17.363,2024/06/25 01:41:17.363,oyster
159,62660,A69-1604-28093,NA,2024/06/25 06:49:06.389,5020.300000000000182,5058.149999999999636,-1,2.532300000000000,NA,0.037400000000000,NA,NA,14,486916 484753 486919 486915 486912 486914 486917,7,486916 484753 486919 486915 486912 486914,6,-88.295738700000001,30.386841199999999,2024/06/25 06:49:06.389,2024/06/25 01:49:06.389,oyster
161,62683,A69-1604-28093,NA,2024/06/25 06:53:16.134,5034.859999999999673,5056.409999999999854,-1,1.874000000000000,NA,0.055000000000000,NA,NA,17,486916 487450 486918 484753 486909 486919 486914 486912 486915 486917 488550,11,486916 487450 486918 484753 486909 486919,6,-88.295587299999994,30.386825500000000,2024/06/25 06:53:16.134,2024/06/25 01:53:16.134,oyster
163,62725,A69-1604-28093,NA,2024/06/25 07:02:16.116,5025.729999999999563,5056.260000000000218,-1,2.148300000000000,NA,0.738700000000000,NA,NA,13,487450 486918 486916 484753 486919 486915 486912 486914 488568 486917 488550,11,487450 486918 486916 484753 486919 486915,6,-88.295682299999996,30.386824099999998,2024/06/25 07:02:16.116,2024/06/25 02:02:16.116,oyster
164,62751,A69-1604-28093,NA,2024/06/25 07:07:49.394,5020.659999999999854,5052.659999999999854,-1,5.969000000000000,NA,0.073100000000000,NA,NA,5,486918 486909 486915 486912 486917,5,486918 486909 486915 486912 486917,5,-88.295734999999993,30.386791700000000,2024/06/25 07:07:49.394,2024/06/25 02:07:49.394,oyster
165,62803,A69-1604-28093,NA,2024/06/25 07:18:45.012,5028.859999999999673,5053.329999999999927,-1,1.947300000000000,NA,0.169400000000000,NA,NA,17,487450 486918 486916 484753 486909 486919 486915 486912 486914 486917 488550,11,487450 486918 486916 484753 486909 486919,6,-88.295649699999998,30.386797699999999,2024/06/25 07:18:45.012,2024/06/25 02:18:45.012,oyster
166,62818,A69-1604-28093,NA,2024/06/25 07:21:44.739,5026.710000000000036,5053.720000000000255,-1,1.983700000000000,NA,0.065700000000000,NA,NA,17,487450 486918 486916 484753 486909 486919 486915 486912 486914 486917 488550,11,487450 486918 486916 484753 486909 486919,6,-88.295672100000004,30.386801200000001,2024/06/25 07:21:44.739,2024/06/25 02:21:44.739,oyster
167,62860,A69-1604-28093,NA,2024/06/25 07:30:00.415,5035.890000000000327,5064.600000000000364,-1,1.947500000000000,NA,0.049600000000000,NA,NA,16,487450 486916 484753 486918 486919 486909 486914 486912 486915 488550 486917,11,487450 486916 484753 486918 486919 486909,6,-88.295576499999996,30.386899400000001,2024/06/25 07:30:00.415,2024/06/25 02:30:00.415,oyster
168,62876,A69-1604-28093,NA,2024/06/25 07:33:01.082,5036.789999999999964,5063.930000000000291,-1,8.443899999999999,NA,0.000000000000000,NA,NA,1,486909 486915 488550,3,486909 486915 488550,3,-88.295567199999994,30.386893300000001,2024/06/25 07:33:01.082,2024/06/25 02:33:01.082,oyster
169,62904,A69-1604-28093,NA,2024/06/25 07:38:50.973,5036.439999999999600,5064.600000000000364,-1,1.948800000000000,NA,0.075800000000000,NA,NA,16,487450 486916 484753 486918 486919 486909 486914 486912 486915 488550 486917,11,487450 486916 484753 486918 486919 486909,6,-88.295570799999993,30.386899400000001,2024/06/25 07:38:50.973,2024/06/25 02:38:50.973,oyster
170,62918,A69-1604-28093,NA,2024/06/25 07:41:31.301,5036.420000000000073,5065.390000000000327,-1,1.969600000000000,NA,0.312500000000000,NA,NA,16,487450 486916 484753 486918 486919 486909 486914 486912 486915 488550 486917,11,487450 486916 484753 486918 486919 486909,6,-88.295570999999995,30.386906499999998,2024/06/25 07:41:31.301,2024/06/25 02:41:31.301,oyster
171,62971,A69-1604-28093,NA,2024/06/25 07:52:05.602,5037.050000000000182,5064.130000000000109,-1,1.945500000000000,NA,0.103000000000000,NA,NA,16,486916 487450 484753 486918 486919 486909 486914 486912 486915 488550 486917,11,486916 487450 484753 486918 486919 486909,6,-88.295564499999998,30.386895100000000,2024/06/25 07:52:05.602,2024/06/25 02:52:05.602,oyster
172,62996,A69-1604-28093,NA,2024/06/25 07:56:51.626,5037.909999999999854,5072.500000000000000,-1,2.002300000000000,NA,0.135300000000000,NA,NA,12,487450 484753 486916 486918 486919 486914 486909 486912 488550 486915 486917,11,487450 484753 486916 486918 486919 486914,6,-88.295555500000006,30.386970600000001,2024/06/25 07:56:51.626,2024/06/25 02:56:51.626,oyster
494,103574,A69-1604-28093,NA,2024/07/02 19:47:16.152,5041.739999999999782,5061.149999999999636,-1,1.920200000000000,NA,0.142900000000000,NA,NA,16,486916 487450 484753 486919 486918 486909 486917,7,486916 487450 484753 486919 486918 486909,6,-88.295515699999996,30.386868300000000,2024/07/02 19:47:16.152,2024/07/02 14:47:16.152,oyster
495,103603,A69-1604-28093,NA,2024/07/02 19:54:55.594,5042.930000000000291,5071.770000000000437,-1,1.927200000000000,NA,0.154500000000000,NA,NA,12,486916 484753 487450 486919 486918 486914 486909,7,486916 484753 487450 486919 486918 486914,6,-88.295503299999993,30.386964100000000,2024/07/02 19:54:55.594,2024/07/02 14:54:55.594,oyster
499,103661,A69-1604-28093,NA,2024/07/02 20:10:09.595,5031.899999999999636,5065.229999999999563,-1,9.740200000000000,NA,0.054200000000000,NA,NA,1,486918 486909 488550 486917,4,486909 488550 486917,3,-88.295618099999999,30.386905100000000,2024/07/02 20:10:09.595,2024/07/02 15:10:09.595,oyster
510,103815,A69-1604-28093,NA,2024/07/02 20:49:56.815,5030.859999999999673,5067.199999999999818,-1,1.999300000000000,NA,0.053100000000000,NA,NA,16,487450 486916 484753 486918 486919 486909 486914 486915 486917,9,487450 486916 484753 486918 486919 486909,6,-88.295629000000005,30.386922800000001,2024/07/02 20:49:56.815,2024/07/02 15:49:56.815,oyster
513,103877,A69-1604-28093,NA,2024/07/02 21:04:03.880,5035.420000000000073,5066.989999999999782,-1,1.998800000000000,NA,0.286200000000000,NA,NA,15,487450 486916 484753 486918 486919 486909 486914 486915 486917,9,487450 486916 484753 486918 486919 486909,6,-88.295581400000003,30.386920900000000,2024/07/02 21:04:03.880,2024/07/02 16:04:03.880,oyster
514,103886,A69-1604-28093,NA,2024/07/02 21:06:48.693,5037.390000000000327,5065.670000000000073,-1,3.517200000000000,NA,0.262600000000000,NA,NA,6,487450 484753 486918 486909 486914,5,487450 484753 486918 486909 486914,5,-88.295560899999998,30.386909100000000,2024/07/02 21:06:48.693,2024/07/02 16:06:48.693,oyster
515,103893,A69-1604-28093,NA,2024/07/02 21:09:14.774,5044.920000000000073,5069.539999999999964,-1,2.061900000000000,NA,0.043200000000000,NA,NA,15,486916 484753 487450 486919 486918 486909 486914 486917,8,486916 484753 487450 486919 486918 486909,6,-88.295482600000000,30.386943899999999,2024/07/02 21:09:14.774,2024/07/02 16:09:14.774,oyster
516,103925,A69-1604-28093,NA,2024/07/02 21:17:39.450,5033.279999999999745,5050.270000000000437,-1,2.366900000000000,NA,0.116800000000000,NA,NA,12,486916 486918 487450 484753 486919 486915 486914 486917,8,486916 486918 487450 484753 486919 486915,6,-88.295603700000001,30.386770100000000,2024/07/02 21:17:39.450,2024/07/02 16:17:39.450,oyster
517,103934,A69-1604-28093,NA,2024/07/02 21:20:41.521,5031.569999999999709,5053.250000000000000,-1,1.919800000000000,NA,0.047100000000000,NA,NA,17,487450 486916 486918 484753 486909 486919 486915 486914 486917,9,487450 486916 486918 484753 486909 486919,6,-88.295621600000004,30.386797000000001,2024/07/02 21:20:41.521,2024/07/02 16:20:41.521,oyster
518,103942,A69-1604-28093,NA,2024/07/02 21:23:42.205,5041.720000000000255,5055.560000000000400,-1,1.865600000000000,NA,0.104600000000000,NA,NA,17,486916 487450 484753 486919 486918 486909 486915 486917,8,486916 487450 484753 486919 486918 486909,6,-88.295515899999998,30.386817799999999,2024/07/02 21:23:42.205,2024/07/02 16:23:42.205,oyster
520,103956,A69-1604-28093,NA,2024/07/02 21:29:31.641,5014.109999999999673,5047.670000000000073,-1,2.262600000000000,NA,0.114700000000000,NA,NA,13,486918 487450 486909 486916 484753 486915 486919 486917,8,486918 487450 486909 486916 484753 486915,6,-88.295803199999995,30.386746700000000,2024/07/02 21:29:31.641,2024/07/02 16:29:31.641,oyster
535,104172,A69-1604-28093,NA,2024/07/02 22:20:48.848,5052.369999999999891,5077.090000000000146,-1,2.170500000000000,NA,0.107900000000000,NA,NA,9,484753 486916 487450 486919 486914 486918 486909 486915 486917,9,484753 486916 487450 486919 486914 486918,6,-88.295405099999996,30.387011999999999,2024/07/02 22:20:48.848,2024/07/02 17:20:48.848,oyster
540,104249,A69-1604-28093,NA,2024/07/02 22:38:59.375,5045.930000000000291,5068.989999999999782,-1,3.479700000000000,NA,0.199000000000000,NA,NA,8,484753 487450 486918 486909 486914 486917,6,484753 487450 486918 486909 486914 486917,6,-88.295472099999998,30.386939000000002,2024/07/02 22:38:59.375,2024/07/02 17:38:59.375,oyster
541,104300,A69-1604-28093,NA,2024/07/02 22:52:26.311,5017.930000000000291,5056.390000000000327,-1,2.042400000000000,NA,0.181000000000000,NA,NA,16,487450 486918 486916 484753 486909 486915 486912 486917 486914,9,487450 486918 486916 484753 486909 486915,6,-88.295763500000007,30.386825300000002,2024/07/02 22:52:26.311,2024/07/02 17:52:26.311,oyster
542,104312,A69-1604-28093,NA,2024/07/02 22:55:03.806,5022.300000000000182,5056.279999999999745,-1,2.102700000000000,NA,0.084200000000000,NA,NA,18,487450 486918 486916 484753 486909 486919 486914 486917,8,487450 486918 486916 484753 486909 486919,6,-88.295717900000000,30.386824300000001,2024/07/02 22:55:03.806,2024/07/02 17:55:03.806,oyster
543,104323,A69-1604-28093,NA,2024/07/02 22:57:15.098,5017.399999999999636,5059.369999999999891,-1,2.047100000000000,NA,0.117600000000000,NA,NA,16,487450 486918 486916 484753 486909 486915 486919 486912 486914 486917 488550,11,487450 486918 486916 484753 486909 486915,6,-88.295768899999999,30.386852200000000,2024/07/02 22:57:15.098,2024/07/02 17:57:15.098,oyster
544,104333,A69-1604-28093,NA,2024/07/02 22:59:33.874,5027.850000000000364,5060.810000000000400,-1,1.844700000000000,NA,0.250600000000000,NA,NA,13,487450 486916 486918 486909 486919 486912 486914 486915 486917,9,487450 486916 486918 486909 486919 486912,6,-88.295660200000000,30.386865199999999,2024/07/02 22:59:33.874,2024/07/02 17:59:33.874,oyster
545,104344,A69-1604-28093,NA,2024/07/02 23:02:07.893,5024.819999999999709,5055.510000000000218,-1,2.028000000000000,NA,0.128300000000000,NA,NA,17,487450 486918 486916 484753 486909 486919 486915 486914 486917,9,487450 486918 486916 484753 486909 486919,6,-88.295691700000006,30.386817400000002,2024/07/02 23:02:07.893,2024/07/02 18:02:07.893,oyster
546,104369,A69-1604-28093,NA,2024/07/02 23:08:24.934,5032.270000000000437,5065.000000000000000,-1,2.090000000000000,NA,0.119600000000000,NA,NA,13,487450 486916 486918 486919 486909 486914 486912 486915 486917,9,487450 486916 486918 486919 486909 486914,6,-88.295614200000003,30.386903000000000,2024/07/02 23:08:24.934,2024/07/02 18:08:24.934,oyster
547,104389,A69-1604-28093,NA,2024/07/02 23:12:52.454,5038.609999999999673,5068.239999999999782,-1,2.034200000000000,NA,0.183100000000000,NA,NA,15,487450 486916 484753 486918 486919 486909 486914 486917,8,487450 486916 484753 486918 486919 486909,6,-88.295548199999999,30.386932200000000,2024/07/02 23:12:52.454,2024/07/02 18:12:52.454,oyster
548,104398,A69-1604-28093,NA,2024/07/02 23:15:23.195,5036.979999999999563,5066.000000000000000,-1,1.980400000000000,NA,0.084800000000000,NA,NA,15,487450 486916 484753 486918 486919 486909 486914 486915 486917,9,487450 486916 484753 486918 486919 486909,6,-88.295565300000007,30.386911999999999,2024/07/02 23:15:23.195,2024/07/02 18:15:23.195,oyster
549,104426,A69-1604-28093,NA,2024/07/02 23:21:12.594,5033.170000000000073,5063.600000000000364,-1,1.930800000000000,NA,0.122500000000000,NA,NA,16,487450 486916 484753 486918 486919 486909 486914 486912 486915 486917,10,487450 486916 484753 486918 486919 486909,6,-88.295604800000007,30.386890300000001,2024/07/02 23:21:12.594,2024/07/02 18:21:12.594,oyster
550,104441,A69-1604-28093,NA,2024/07/02 23:23:52.438,5020.909999999999854,5062.840000000000146,-1,2.358500000000000,NA,0.093700000000000,NA,NA,17,487450 486918 486916 484753 486909 486919 486912 486915 486914 486917,10,487450 486918 486916 484753 486909 486919,6,-88.295732500000000,30.386883500000000,2024/07/02 23:23:52.438,2024/07/02 18:23:52.438,oyster
551,104471,A69-1604-28093,NA,2024/07/02 23:31:30.970,5029.659999999999854,5056.470000000000255,-1,1.944300000000000,NA,0.151600000000000,NA,NA,17,487450 486916 486918 484753 486909 486919 486915 486912 486914 486917,10,487450 486916 486918 484753 486909 486919,6,-88.295641399999994,30.386826100000000,2024/07/02 23:31:30.970,2024/07/02 18:31:30.970,oyster
552,104485,A69-1604-28093,NA,2024/07/02 23:34:14.791,5015.590000000000146,5046.210000000000036,-1,2.480900000000000,NA,0.144200000000000,NA,NA,8,486909 486916 486919 486917 486912,5,486909 486916 486919 486917 486912,5,-88.295787799999999,30.386733499999998,2024/07/02 23:34:14.791,2024/07/02 18:34:14.791,oyster
553,104495,A69-1604-28093,NA,2024/07/02 23:36:38.729,5013.100000000000364,5048.260000000000218,-1,2.294600000000000,NA,0.213700000000000,NA,NA,13,486918 487450 486909 486916 484753 486915 486919 486917 486914,9,486918 487450 486909 486916 484753 486915,6,-88.295813699999997,30.386752000000001,2024/07/02 23:36:38.729,2024/07/02 18:36:38.729,oyster
554,104506,A69-1604-28093,NA,2024/07/02 23:39:22.777,5014.850000000000364,5053.060000000000400,-1,2.131900000000000,NA,0.395200000000000,NA,NA,15,486918 487450 486916 486909 484753 486915 486919 486912 486917,9,486918 487450 486916 486909 484753 486915,6,-88.295795499999997,30.386795299999999,2024/07/02 23:39:22.777,2024/07/02 18:39:22.777,oyster
555,104530,A69-1604-28093,NA,2024/07/02 23:44:33.087,5034.270000000000437,5064.350000000000364,-1,1.943800000000000,NA,0.092900000000000,NA,NA,16,487450 486916 484753 486918 486919 486909 486914 486912 486915 486917,10,487450 486916 484753 486918 486919 486909,6,-88.295593499999995,30.386897099999999,2024/07/02 23:44:33.087,2024/07/02 18:44:33.087,oyster
556,104542,A69-1604-28093,NA,2024/07/02 23:47:00.794,5046.279999999999745,5068.649999999999636,-1,2.051400000000000,NA,0.085200000000000,NA,NA,15,486916 484753 487450 486919 486918 486909 486914 486917,8,486916 484753 487450 486919 486918 486909,6,-88.295468400000004,30.386935900000001,2024/07/02 23:47:00.794,2024/07/02 18:47:00.794,oyster
557,104553,A69-1604-28093,NA,2024/07/02 23:49:52.569,5032.220000000000255,5062.920000000000073,-1,1.927100000000000,NA,0.115100000000000,NA,NA,17,487450 486916 484753 486918 486919 486909 486914 486912 486915 486917,10,487450 486916 484753 486918 486919 486909,6,-88.295614799999996,30.386884200000001,2024/07/02 23:49:52.569,2024/07/02 18:49:52.569,oyster
559,104578,A69-1604-28093,NA,2024/07/02 23:54:48.427,5024.460000000000036,5063.470000000000255,-1,2.030800000000000,NA,0.080400000000000,NA,NA,18,487450 486916 486918 484753 486909 486919 486912 486915 486914,9,487450 486916 486918 484753 486909 486919,6,-88.295695400000000,30.386889199999999,2024/07/02 23:54:48.427,2024/07/02 18:54:48.427,oyster
561,104601,A69-1604-28093,NA,2024/07/03 00:00:10.028,5025.380000000000109,5063.960000000000036,-1,1.879600000000000,NA,0.120700000000000,NA,NA,13,487450 486916 486918 484753 486919 486912 486914 486915 488550,9,487450 486916 486918 484753 486919 486912,6,-88.295686000000003,30.386893600000001,2024/07/03 00:00:10.028,2024/07/02 19:00:10.028,oyster
562,104627,A69-1604-28093,NA,2024/07/03 00:05:15.043,5025.060000000000400,5058.220000000000255,-1,2.120200000000000,NA,0.172200000000000,NA,NA,13,487450 486918 484753 486909 486915 486912 486914 486917,8,487450 486918 484753 486909 486915 486912,6,-88.295689199999998,30.386841900000000,2024/07/03 00:05:15.043,2024/07/02 19:05:15.043,oyster
563,104640,A69-1604-28093,NA,2024/07/03 00:07:55.606,5027.699999999999818,5061.359999999999673,-1,2.163100000000000,NA,0.152800000000000,NA,NA,10,487450 486916 486918 486919 486912 486915 486917,7,487450 486916 486918 486919 486912 486915,6,-88.295661699999997,30.386870099999999,2024/07/03 00:07:55.606,2024/07/02 19:07:55.606,oyster
564,104649,A69-1604-28093,NA,2024/07/03 00:10:12.995,5032.909999999999854,5063.699999999999818,-1,1.936800000000000,NA,0.063000000000000,NA,NA,16,487450 486916 484753 486918 486919 486909 486914 486912 486915 486917,10,487450 486916 484753 486918 486919 486909,6,-88.295607599999997,30.386891299999998,2024/07/03 00:10:12.995,2024/07/02 19:10:12.995,oyster
565,104687,A69-1604-28093,NA,2024/07/03 00:18:36.202,5026.340000000000146,5056.449999999999818,-1,1.996500000000000,NA,0.046200000000000,NA,NA,17,487450 486918 486916 484753 486909 486919 486912 486914 486917,9,487450 486918 486916 484753 486909 486919,6,-88.295676000000000,30.386825900000002,2024/07/03 00:18:36.202,2024/07/02 19:18:36.202,oyster
566,104697,A69-1604-28093,NA,2024/07/03 00:21:19.565,5016.409999999999854,5050.819999999999709,-1,2.523600000000000,NA,0.038000000000000,NA,NA,18,486918 487450 486909 486916 484753 486919 486915 486912 486917 486914,10,486918 487450 486909 486916 484753 486919,6,-88.295779300000007,30.386775100000001,2024/07/03 00:21:19.565,2024/07/02 19:21:19.565,oyster
567,104712,A69-1604-28093,NA,2024/07/03 00:23:42.579,5008.069999999999709,5046.159999999999854,-1,2.404100000000000,NA,0.164400000000000,NA,NA,12,486918 487450 486909 486916 486915 484753 486917 486919 486912 486914,10,486918 487450 486909 486916 486915 484753,6,-88.295866000000004,30.386733000000000,2024/07/03 00:23:42.579,2024/07/02 19:23:42.579,oyster
568,104721,A69-1604-28093,NA,2024/07/03 00:26:25.032,5005.590000000000146,5053.050000000000182,-1,2.163700000000000,NA,0.330300000000000,NA,NA,12,486918 487450 486909 486915 486916 484753 486917 486919 486914,9,486918 487450 486909 486915 486916 484753,6,-88.295891800000007,30.386795200000002,2024/07/03 00:26:25.032,2024/07/02 19:26:25.032,oyster
605,109157,A69-1604-28093,NA,2024/07/03 19:49:43.194,5040.079999999999927,5076.380000000000109,-1,1.946000000000000,NA,0.060900000000000,NA,NA,12,484753 487450 486916 486918 486914 486919 486909 486912 488550 486915 486917,11,484753 487450 486916 486918 486914 486919,6,-88.295532899999998,30.387005700000000,2024/07/03 19:49:43.194,2024/07/03 14:49:43.194,oyster
616,109436,A69-1604-28093,NA,2024/07/03 21:02:54.148,5031.949999999999818,5064.430000000000291,-1,1.946200000000000,NA,0.358000000000000,NA,NA,15,487450 486916 484753 486918 486919 486909 486914 486912 486915 486917,10,487450 486916 484753 486918 486919 486909,6,-88.295617600000000,30.386897800000000,2024/07/03 21:02:54.148,2024/07/03 16:02:54.148,oyster
617,109449,A69-1604-28093,NA,2024/07/03 21:05:44.034,5033.350000000000364,5065.590000000000146,-1,1.961300000000000,NA,0.047600000000000,NA,NA,16,487450 486916 484753 486918 486919 486909 486914 486915 488550 486917,10,487450 486916 484753 486918 486919 486909,6,-88.295603000000000,30.386908300000002,2024/07/03 21:05:44.034,2024/07/03 16:05:44.034,oyster
618,109457,A69-1604-28093,NA,2024/07/03 21:08:20.141,5032.170000000000073,5065.729999999999563,-1,1.965400000000000,NA,0.135600000000000,NA,NA,16,487450 486916 484753 486918 486919 486909 486914 486915 488550 486917,10,487450 486916 484753 486918 486919 486909,6,-88.295615299999994,30.386909599999999,2024/07/03 21:08:20.141,2024/07/03 16:08:20.141,oyster
619,109464,A69-1604-28093,NA,2024/07/03 21:10:28.865,5033.210000000000036,5066.270000000000437,-1,1.971100000000000,NA,0.159900000000000,NA,NA,15,487450 486916 484753 486918 486919 486909 486914 486917,8,487450 486916 484753 486918 486919 486909,6,-88.295604499999996,30.386914399999998,2024/07/03 21:10:28.865,2024/07/03 16:10:28.865,oyster
620,109496,A69-1604-28093,NA,2024/07/03 21:17:51.679,5024.630000000000109,5061.380000000000109,-1,2.775600000000000,NA,0.179900000000000,NA,NA,12,487450 486918 484753 486912 486915 486914 486917,7,487450 486918 484753 486912 486915 486914,6,-88.295693700000001,30.386870299999998,2024/07/03 21:17:51.679,2024/07/03 16:17:51.679,oyster
621,109501,A69-1604-28093,NA,2024/07/03 21:20:17.470,5023.760000000000218,5062.399999999999636,-1,1.778400000000000,NA,0.116000000000000,NA,NA,15,487450 486918 486916 484753 486909 486912 486915 486914 486917,9,487450 486918 486916 484753 486909 486912,6,-88.295702800000001,30.386879499999999,2024/07/03 21:20:17.470,2024/07/03 16:20:17.470,oyster
622,109511,A69-1604-28093,NA,2024/07/03 21:23:05.279,5032.560000000000400,5067.989999999999782,-1,2.004900000000000,NA,0.058800000000000,NA,NA,15,487450 486916 484753 486918 486919 486909 486914 486917,8,487450 486916 484753 486918 486919 486909,6,-88.295611199999996,30.386930000000000,2024/07/03 21:23:05.279,2024/07/03 16:23:05.279,oyster
623,109521,A69-1604-28093,NA,2024/07/03 21:25:37.414,5030.470000000000255,5066.359999999999673,-1,1.981700000000000,NA,0.100700000000000,NA,NA,16,487450 486916 484753 486918 486919 486909 486914 486912 486917,9,487450 486916 484753 486918 486919 486909,6,-88.295632999999995,30.386915200000001,2024/07/03 21:25:37.414,2024/07/03 16:25:37.414,oyster
624,109544,A69-1604-28093,NA,2024/07/03 21:31:35.937,5030.390000000000327,5061.289999999999964,-1,1.923300000000000,NA,0.112900000000000,NA,NA,17,487450 486916 484753 486918 486909 486919 486914 486912 486915 486917,10,487450 486916 484753 486918 486909 486919,6,-88.295633800000004,30.386869500000000,2024/07/03 21:31:35.937,2024/07/03 16:31:35.937,oyster
625,109556,A69-1604-28093,NA,2024/07/03 21:34:28.163,5036.010000000000218,5066.810000000000400,-1,1.989500000000000,NA,0.026200000000000,NA,NA,15,487450 486916 484753 486918 486919 486909 486914 486912 486915 486917,10,487450 486916 484753 486918 486919 486909,6,-88.295575299999996,30.386919299999999,2024/07/03 21:34:28.163,2024/07/03 16:34:28.163,oyster
631,109655,A69-1604-28093,NA,2024/07/03 21:59:52.494,5037.479999999999563,5069.739999999999782,-1,2.049000000000000,NA,0.282300000000000,NA,NA,15,487450 486916 484753 486918 486919 486909 486914 486917,8,487450 486916 484753 486918 486919 486909,6,-88.295560100000003,30.386945799999999,2024/07/03 21:59:52.494,2024/07/03 16:59:52.494,oyster
632,109667,A69-1604-28093,NA,2024/07/03 22:02:26.002,5041.600000000000364,5069.060000000000400,-1,2.048900000000000,NA,0.115300000000000,NA,NA,15,486916 484753 487450 486919 486918 486909 486914,7,486916 484753 487450 486919 486918 486909,6,-88.295517200000006,30.386939699999999,2024/07/03 22:02:26.002,2024/07/03 17:02:26.002,oyster
633,109680,A69-1604-28093,NA,2024/07/03 22:05:29.230,5029.859999999999673,5064.840000000000146,-1,1.965700000000000,NA,0.126500000000000,NA,NA,17,487450 486916 484753 486918 486909 486919 486914 486917,8,487450 486916 484753 486918 486909 486919,6,-88.295639399999999,30.386901500000000,2024/07/03 22:05:29.230,2024/07/03 17:05:29.230,oyster
634,109689,A69-1604-28093,NA,2024/07/03 22:08:32.278,5027.050000000000182,5062.359999999999673,-1,1.973400000000000,NA,0.062800000000000,NA,NA,17,487450 486916 486918 484753 486909 486919 486914 486915 486917,9,487450 486916 486918 484753 486909 486919,6,-88.295668599999999,30.386879199999999,2024/07/03 22:08:32.278,2024/07/03 17:08:32.278,oyster
635,109701,A69-1604-28093,NA,2024/07/03 22:11:34.593,5017.710000000000036,5057.270000000000437,-1,2.407500000000000,NA,0.085800000000000,NA,NA,18,487450 486918 486916 484753 486909 486919,6,487450 486918 486916 484753 486909 486919,6,-88.295765700000004,30.386833299999999,2024/07/03 22:11:34.593,2024/07/03 17:11:34.593,oyster
636,109724,A69-1604-28093,NA,2024/07/03 22:17:33.894,5007.439999999999600,5052.170000000000073,-1,1.968300000000000,NA,0.125600000000000,NA,NA,13,486918 487450 486909 486915 484753 486912 486917 486914,8,486918 487450 486909 486915 484753 486912,6,-88.295872500000002,30.386787300000002,2024/07/03 22:17:33.894,2024/07/03 17:17:33.894,oyster
637,109746,A69-1604-28093,NA,2024/07/03 22:23:09.987,5007.949999999999818,5049.340000000000146,-1,2.374900000000000,NA,0.146400000000000,NA,NA,12,486918 487450 486909 486916 486915 484753 486917 486919,8,486918 487450 486909 486916 486915 484753,6,-88.295867299999998,30.386761700000001,2024/07/03 22:23:09.987,2024/07/03 17:23:09.987,oyster
638,109757,A69-1604-28093,NA,2024/07/03 22:25:32.053,5006.779999999999745,5050.930000000000291,-1,2.143400000000000,NA,0.159000000000000,NA,NA,13,486918 487450 486909 486915 486916 484753 486912 486917 486919,9,486918 487450 486909 486915 486916 484753,6,-88.295879400000004,30.386776000000001,2024/07/03 22:25:32.053,2024/07/03 17:25:32.053,oyster
639,109791,A69-1604-28093,NA,2024/07/03 22:33:00.999,5027.680000000000291,5055.609999999999673,-1,1.896900000000000,NA,0.269900000000000,NA,NA,16,487450 486918 486916 484753 486909 486915 486917,7,487450 486918 486916 484753 486909 486915,6,-88.295661999999993,30.386818300000002,2024/07/03 22:33:00.999,2024/07/03 17:33:00.999,oyster
640,109801,A69-1604-28093,NA,2024/07/03 22:35:59.322,5031.069999999999709,5062.170000000000073,-1,1.926700000000000,NA,0.071000000000000,NA,NA,17,487450 486916 484753 486918 486909 486919 486914 486917,8,487450 486916 484753 486918 486909 486919,6,-88.295626700000000,30.386877500000001,2024/07/03 22:35:59.322,2024/07/03 17:35:59.322,oyster
641,109814,A69-1604-28093,NA,2024/07/03 22:38:52.267,5018.329999999999927,5058.939999999999600,-1,2.373300000000000,NA,0.092200000000000,NA,NA,18,487450 486918 486916 484753 486909 486919 486915 486912 486914 486917,10,487450 486918 486916 484753 486909 486919,6,-88.295759300000000,30.386848300000000,2024/07/03 22:38:52.267,2024/07/03 17:38:52.267,oyster
642,109829,A69-1604-28093,NA,2024/07/03 22:43:55.404,5016.810000000000400,5057.960000000000036,-1,2.485000000000000,NA,0.085500000000000,NA,NA,19,487450 486918 486916 484753 486909 486919 486912 486917,8,487450 486918 486916 484753 486909 486919,6,-88.295775100000000,30.386839500000001,2024/07/03 22:43:55.404,2024/07/03 17:43:55.404,oyster
643,109840,A69-1604-28093,NA,2024/07/03 22:46:33.385,5016.819999999999709,5057.149999999999636,-1,2.063200000000000,NA,0.138100000000000,NA,NA,16,487450 486918 486916 484753 486909 486915 486919 486917 486914,9,487450 486918 486916 484753 486909 486915,6,-88.295775000000006,30.386832200000001,2024/07/03 22:46:33.385,2024/07/03 17:46:33.385,oyster
644,109851,A69-1604-28093,NA,2024/07/03 22:48:45.858,5011.340000000000146,5056.869999999999891,-1,2.208600000000000,NA,0.120400000000000,NA,NA,14,487450 486918 486916 486909 484753 486915 486919,7,487450 486918 486916 486909 484753 486915,6,-88.295832000000004,30.386829599999999,2024/07/03 22:48:45.858,2024/07/03 17:48:45.858,oyster
645,109861,A69-1604-28093,NA,2024/07/03 22:51:06.975,5009.789999999999964,5054.329999999999927,-1,2.167200000000000,NA,0.172100000000000,NA,NA,14,486918 487450 486909 486916 486915 484753 486919,7,486918 487450 486909 486916 486915 484753,6,-88.295848100000001,30.386806700000001,2024/07/03 22:51:06.975,2024/07/03 17:51:06.975,oyster
646,109870,A69-1604-28093,NA,2024/07/03 22:53:45.447,5004.550000000000182,5051.600000000000364,-1,3.066100000000000,NA,0.111700000000000,NA,NA,12,486918 487450 486909 486916 484753 486917 486919,7,486918 487450 486909 486916 484753 486917,6,-88.295902699999999,30.386782100000001,2024/07/03 22:53:45.447,2024/07/03 17:53:45.447,oyster
647,109878,A69-1604-28093,NA,2024/07/03 22:55:58.611,5001.079999999999927,5047.810000000000400,-1,2.134000000000000,NA,0.163800000000000,NA,NA,12,486918 487450 486915 486909 486917 486916 486912 484753 486919,9,486918 487450 486915 486909 486917 486916,6,-88.295938800000002,30.386748000000001,2024/07/03 22:55:58.611,2024/07/03 17:55:58.611,oyster
648,109887,A69-1604-28093,NA,2024/07/03 22:58:21.397,4999.979999999999563,5045.300000000000182,-1,2.117400000000000,NA,0.142900000000000,NA,NA,12,486918 487450 486909 486915 486917 486916 486912 484753 486914,9,486918 487450 486909 486915 486917 486916,6,-88.295950199999993,30.386725299999998,2024/07/03 22:58:21.397,2024/07/03 17:58:21.397,oyster
650,109917,A69-1604-28093,NA,2024/07/03 23:06:01.057,5017.359999999999673,5048.779999999999745,-1,2.420800000000000,NA,0.105100000000000,NA,NA,18,486918 487450 486909 486916 484753 486919 486915 486917,8,486918 487450 486909 486916 484753 486919,6,-88.295769399999998,30.386756699999999,2024/07/03 23:06:01.057,2024/07/03 18:06:01.057,oyster
651,109935,A69-1604-28093,NA,2024/07/03 23:10:30.718,5012.989999999999782,5053.350000000000364,-1,2.904900000000000,NA,0.085200000000000,NA,NA,18,486918 487450 486909 486916 484753 486919 486912 486917 486914,9,486918 487450 486909 486916 484753 486919,6,-88.295814800000002,30.386797900000001,2024/07/03 23:10:30.718,2024/07/03 18:10:30.718,oyster
652,109955,A69-1604-28093,NA,2024/07/03 23:16:07.079,5012.310000000000400,5051.310000000000400,-1,2.148100000000000,NA,0.142100000000000,NA,NA,14,486918 487450 486909 486916 484753 486915 486919 486917,8,486918 487450 486909 486916 484753 486915,6,-88.295821900000007,30.386779499999999,2024/07/03 23:16:07.079,2024/07/03 18:16:07.079,oyster
653,109968,A69-1604-28093,NA,2024/07/03 23:19:09.659,5018.050000000000182,5050.689999999999600,-1,2.397200000000000,NA,0.112200000000000,NA,NA,17,486918 487450 486916 486909 484753 486919 486915 486912 486917 486914,10,486918 487450 486916 486909 484753 486919,6,-88.295762199999999,30.386773900000001,2024/07/03 23:19:09.659,2024/07/03 18:19:09.659,oyster
654,109977,A69-1604-28093,NA,2024/07/03 23:22:11.325,5019.010000000000218,5058.350000000000364,-1,1.941100000000000,NA,0.129900000000000,NA,NA,17,487450 486918 486916 484753 486909 486915 486914 486917,8,487450 486918 486916 484753 486909 486915,6,-88.295752199999995,30.386842999999999,2024/07/03 23:22:11.325,2024/07/03 18:22:11.325,oyster
655,109989,A69-1604-28093,NA,2024/07/03 23:25:11.095,5017.020000000000437,5059.449999999999818,-1,2.040500000000000,NA,0.063600000000000,NA,NA,16,487450 486918 486916 484753 486909 486915 486912 486917,8,487450 486918 486916 484753 486909 486915,6,-88.295772900000003,30.386852900000001,2024/07/03 23:25:11.095,2024/07/03 18:25:11.095,oyster
656,110026,A69-1604-28093,NA,2024/07/03 23:33:26.527,5019.390000000000327,5058.770000000000437,-1,2.287900000000000,NA,0.200500000000000,NA,NA,18,487450 486918 486916 484753 486909 486919 486915 486914,8,487450 486918 486916 484753 486909 486919,6,-88.295748200000006,30.386846800000001,2024/07/03 23:33:26.527,2024/07/03 18:33:26.527,oyster
709,114906,A69-1604-28093,NA,2024/07/04 19:37:50.754,5053.390000000000327,5092.739999999999782,-1,3.129400000000000,NA,0.562600000000000,NA,NA,7,484753 486916 487450 486914 486919 486918 486909,7,484753 486916 487450 486914 486919 486918,6,-88.295394500000000,30.387153200000000,2024/07/04 19:37:50.754,2024/07/04 14:37:50.754,oyster
715,114978,A69-1604-28093,NA,2024/07/04 19:55:17.164,5051.430000000000291,5092.159999999999854,-1,2.939300000000000,NA,0.046400000000000,NA,NA,7,484753 486916 487450 486914 486919 486918 486909,7,484753 486916 487450 486914 486919 486918,6,-88.295414800000003,30.387148000000000,2024/07/04 19:55:17.164,2024/07/04 14:55:17.164,oyster
741,116183,A69-1604-28093,NA,2024/07/05 00:05:43.740,5041.829999999999927,5061.289999999999964,-1,1.921900000000000,NA,0.165000000000000,NA,NA,16,486916 487450 484753 486919 486918 486909 486914,7,486916 487450 484753 486919 486918 486909,6,-88.295514699999998,30.386869500000000,2024/07/05 00:05:43.740,2024/07/04 19:05:43.740,oyster
749,116333,A69-1604-28093,NA,2024/07/05 00:36:02.187,5048.539999999999964,5062.939999999999600,-1,2.111000000000000,NA,0.214000000000000,NA,NA,14,486916 484753 487450 486919 486918 486909 486914 486915 486917,9,486916 484753 487450 486919 486918 486909,6,-88.295445000000001,30.386884400000000,2024/07/05 00:36:02.187,2024/07/04 19:36:02.187,oyster
750,116355,A69-1604-28093,NA,2024/07/05 00:41:32.183,5038.430000000000291,5054.859999999999673,-1,7.550700000000000,NA,0.117500000000000,NA,NA,6,487450 486918 486909 486915 486917,5,487450 486918 486909 486915 486917,5,-88.295550199999994,30.386811600000001,2024/07/05 00:41:32.183,2024/07/04 19:41:32.183,oyster
751,116383,A69-1604-28093,NA,2024/07/05 00:47:10.143,5020.470000000000255,5050.779999999999745,-1,2.170700000000000,NA,0.201600000000000,NA,NA,18,486918 487450 486916 486909 484753 486919 486915,7,486918 487450 486916 486909 484753 486919,6,-88.295737000000003,30.386774700000000,2024/07/05 00:47:10.143,2024/07/04 19:47:10.143,oyster
752,116393,A69-1604-28093,NA,2024/07/05 00:49:34.799,5021.340000000000146,5053.350000000000364,-1,2.135000000000000,NA,0.111200000000000,NA,NA,18,487450 486918 486916 486909 484753 486919 486917 486914,8,487450 486918 486916 486909 484753 486919,6,-88.295727900000003,30.386797999999999,2024/07/05 00:49:34.799,2024/07/04 19:49:34.799,oyster
754,116416,A69-1604-28093,NA,2024/07/05 00:54:48.424,5021.489999999999782,5061.039999999999964,-1,2.154600000000000,NA,0.058600000000000,NA,NA,18,487450 486918 486916 484753 486909 486919 486915 486912 486914 486917,10,487450 486918 486916 484753 486909 486919,6,-88.295726400000007,30.386867299999999,2024/07/05 00:54:48.424,2024/07/04 19:54:48.424,oyster
755,116434,A69-1604-28093,NA,2024/07/05 00:57:40.695,5032.449999999999818,5063.140000000000327,-1,1.927300000000000,NA,0.078100000000000,NA,NA,17,487450 486916 484753 486918 486919 486909 486914 486912 486915 486917,10,487450 486916 484753 486918 486919 486909,6,-88.295612300000002,30.386886199999999,2024/07/05 00:57:40.695,2024/07/04 19:57:40.695,oyster
756,116444,A69-1604-28093,NA,2024/07/05 01:00:21.488,5029.289999999999964,5062.890000000000327,-1,1.951300000000000,NA,0.045900000000000,NA,NA,17,487450 486916 484753 486918 486909 486919 486914 486912 486917,9,487450 486916 484753 486918 486909 486919,6,-88.295645199999996,30.386883900000001,2024/07/05 01:00:21.488,2024/07/04 20:00:21.488,oyster
757,116455,A69-1604-28093,NA,2024/07/05 01:02:39.569,5033.699999999999818,5062.390000000000327,-1,1.910400000000000,NA,0.044000000000000,NA,NA,17,487450 486916 484753 486918 486919 486909 486914 486912 486915 486917,10,487450 486916 484753 486918 486919 486909,6,-88.295599400000000,30.386879499999999,2024/07/05 01:02:39.569,2024/07/04 20:02:39.569,oyster
758,116466,A69-1604-28093,NA,2024/07/05 01:05:12.188,5031.560000000000400,5062.770000000000437,-1,1.930600000000000,NA,0.111600000000000,NA,NA,17,487450 486916 484753 486918 486919 486909 486914 486912 486915 486917,10,487450 486916 484753 486918 486919 486909,6,-88.295621600000004,30.386882900000000,2024/07/05 01:05:12.188,2024/07/04 20:05:12.188,oyster
759,116498,A69-1604-28093,NA,2024/07/05 01:11:12.807,5030.760000000000218,5059.020000000000437,-1,9.212199999999999,NA,0.000000000000000,NA,NA,1,486918 486909 486914,3,486918 486909 486914,3,-88.295630000000003,30.386849000000002,2024/07/05 01:11:12.807,2024/07/04 20:11:12.807,oyster
799,121351,A69-1604-28093,NA,2024/07/05 20:20:43.500,5050.710000000000036,5086.060000000000400,-1,2.596900000000000,NA,0.291700000000000,NA,NA,8,484753 486916 487450 486914 486919 486918 486909,7,484753 486916 487450 486914 486919 486918,6,-88.295422400000007,30.387092899999999,2024/07/05 20:20:43.500,2024/07/05 15:20:43.500,oyster
800,121359,A69-1604-28093,NA,2024/07/05 20:23:03.228,5038.159999999999854,5064.140000000000327,-1,1.950200000000000,NA,0.324300000000000,NA,NA,15,486916 487450 484753 486918 486919 486909 486914 486917,8,486916 487450 484753 486918 486919 486909,6,-88.295552900000004,30.386895200000001,2024/07/05 20:23:03.228,2024/07/05 15:23:03.228,oyster
801,121370,A69-1604-28093,NA,2024/07/05 20:25:39.091,5043.550000000000182,5063.710000000000036,-1,1.967600000000000,NA,0.160100000000000,NA,NA,15,486916 484753 487450 486919 486918 486909,6,486916 484753 487450 486919 486918 486909,6,-88.295496799999995,30.386891400000000,2024/07/05 20:25:39.091,2024/07/05 15:25:39.091,oyster
883,129007,A69-1604-28093,NA,2024/07/07 02:45:25.019,5040.869999999999891,5070.060000000000400,-1,2.119800000000000,NA,0.268200000000000,NA,NA,13,486916 487450 484753 486918 486914 486912 486917,7,486916 487450 484753 486918 486914 486912,6,-88.295524700000001,30.386948600000000,2024/07/07 02:45:25.019,2024/07/06 21:45:25.019,oyster
884,129016,A69-1604-28093,NA,2024/07/07 02:47:36.091,5041.270000000000437,5070.579999999999927,-1,1.957300000000000,NA,0.079600000000000,NA,NA,12,486916 484753 487450 486919 486918 486914 486909 486912 486915 486917,10,486916 484753 487450 486919 486918 486914,6,-88.295520600000003,30.386953299999998,2024/07/07 02:47:36.091,2024/07/06 21:47:36.091,oyster
1182,191944,A69-1604-28093,NA,2024/07/18 22:14:26.924,5034.840000000000146,5066.930000000000291,-1,3.492900000000000,NA,0.073200000000000,NA,NA,3,487450 486916 484753 486909,4,487450 486916 484753 486909,4,-88.295587499999996,30.386920400000001,2024/07/18 22:14:26.924,2024/07/18 17:14:26.924,oyster
1183,191949,A69-1604-28093,NA,2024/07/18 22:17:15.009,5038.710000000000036,5061.090000000000146,-1,6.690800000000000,NA,0.251300000000000,NA,NA,2,486916 487450 484753 486919,4,486916 487450 484753 486919,4,-88.295547200000001,30.386867700000000,2024/07/18 22:17:15.009,2024/07/18 17:17:15.009,oyster
1184,191964,A69-1604-28093,NA,2024/07/18 22:22:49.266,5032.619999999999891,5059.729999999999563,-1,2.405600000000000,NA,0.172600000000000,NA,NA,9,487450 486916 484753 486918 486909,5,487450 486916 484753 486918 486909,5,-88.295610600000003,30.386855499999999,2024/07/18 22:22:49.266,2024/07/18 17:22:49.266,oyster
1185,191974,A69-1604-28093,NA,2024/07/18 22:25:48.765,5034.600000000000364,5056.020000000000437,-1,3.279600000000000,NA,0.035600000000000,NA,NA,4,486916 487450 486918 486909,4,486916 487450 486918 486909,4,-88.295589899999996,30.386821999999999,2024/07/18 22:25:48.765,2024/07/18 17:25:48.765,oyster
1186,191987,A69-1604-28093,NA,2024/07/18 22:31:31.618,5043.579999999999927,5061.970000000000255,-1,5.985400000000000,NA,0.521300000000000,NA,NA,2,486916 484753 487450 486919,4,486916 484753 487450 486919,4,-88.295496499999999,30.386875600000000,2024/07/18 22:31:31.618,2024/07/18 17:31:31.618,oyster
1187,191994,A69-1604-28093,NA,2024/07/18 22:34:02.822,5038.850000000000364,5057.529999999999745,-1,5.246000000000000,NA,0.000000000000000,NA,NA,1,486916 487450 486918,3,486916 487450 486918,3,-88.295545700000005,30.386835600000001,2024/07/18 22:34:02.822,2024/07/18 17:34:02.822,oyster
1188,192011,A69-1604-28093,NA,2024/07/18 22:42:37.971,5037.760000000000218,5054.720000000000255,-1,1.878400000000000,NA,0.176400000000000,NA,NA,17,486916 487450 484753 486918 486919 486909 486917,7,486916 487450 484753 486918 486919 486909,6,-88.295557099999996,30.386810199999999,2024/07/18 22:42:37.971,2024/07/18 17:42:37.971,oyster
1190,192022,A69-1604-28093,NA,2024/07/18 22:47:42.730,5019.909999999999854,5053.170000000000073,-1,2.730800000000000,NA,0.373700000000000,NA,NA,9,486918 487450 486916 486909 486919,5,486918 487450 486916 486909 486919,5,-88.295742799999999,30.386796300000000,2024/07/18 22:47:42.730,2024/07/18 17:47:42.730,oyster
1191,192036,A69-1604-28093,NA,2024/07/18 22:52:39.705,5012.819999999999709,5049.659999999999854,-1,5.082800000000000,NA,0.128200000000000,NA,NA,3,486918 487450 486909 486916,4,486918 487450 486909 486916,4,-88.295816700000003,30.386764599999999,2024/07/18 22:52:39.705,2024/07/18 17:52:39.705,oyster
1192,192038,A69-1604-28093,NA,2024/07/18 22:54:49.839,5019.520000000000437,5050.850000000000364,-1,2.709500000000000,NA,0.154300000000000,NA,NA,9,486918 487450 486916 486909 486919,5,486918 487450 486916 486909 486919,5,-88.295746899999997,30.386775400000001,2024/07/18 22:54:49.839,2024/07/18 17:54:49.839,oyster
1193,192046,A69-1604-28093,NA,2024/07/18 22:57:06.547,5034.439999999999600,5053.699999999999818,-1,2.646000000000000,NA,0.269100000000000,NA,NA,7,486916 487450 486918 486909 486917,5,486916 487450 486918 486909 486917,5,-88.295591599999995,30.386801100000000,2024/07/18 22:57:06.547,2024/07/18 17:57:06.547,oyster
1194,192052,A69-1604-28093,NA,2024/07/18 22:59:36.104,5033.399999999999636,5051.220000000000255,-1,1.909900000000000,NA,0.405900000000000,NA,NA,17,486916 487450 486918 486909 484753 486919,6,486916 487450 486918 486909 484753 486919,6,-88.295602400000007,30.386778700000001,2024/07/18 22:59:36.104,2024/07/18 17:59:36.104,oyster
1195,192060,A69-1604-28093,NA,2024/07/18 23:02:31.392,5044.600000000000364,5062.729999999999563,-1,1.959700000000000,NA,0.180400000000000,NA,NA,15,486916 484753 487450 486919 486918 486909,6,486916 484753 487450 486919 486918 486909,6,-88.295485900000003,30.386882499999999,2024/07/18 23:02:31.392,2024/07/18 18:02:31.392,oyster
1196,192066,A69-1604-28093,NA,2024/07/18 23:05:18.255,5038.489999999999782,5066.439999999999600,-1,1.995000000000000,NA,0.137300000000000,NA,NA,15,486916 487450 484753 486918 486919 486909,6,486916 487450 484753 486918 486919 486909,6,-88.295549500000007,30.386915999999999,2024/07/18 23:05:18.255,2024/07/18 18:05:18.255,oyster
1197,192074,A69-1604-28093,NA,2024/07/18 23:07:48.504,5035.689999999999600,5066.140000000000327,-1,1.978100000000000,NA,0.130800000000000,NA,NA,15,487450 486916 484753 486918 486919 486909,6,487450 486916 484753 486918 486919 486909,6,-88.295578699999993,30.386913199999999,2024/07/18 23:07:48.504,2024/07/18 18:07:48.504,oyster
1198,192093,A69-1604-28093,NA,2024/07/18 23:13:35.783,5033.180000000000291,5068.640000000000327,-1,2.019900000000000,NA,0.230900000000000,NA,NA,15,487450 486916 484753 486918 486919 486909,6,487450 486916 484753 486918 486919 486909,6,-88.295604699999998,30.386935800000000,2024/07/18 23:13:35.783,2024/07/18 18:13:35.783,oyster
1199,192103,A69-1604-28093,NA,2024/07/18 23:16:13.029,5028.189999999999600,5063.779999999999745,-1,2.433500000000000,NA,0.068600000000000,NA,NA,9,487450 486916 484753 486918 486909,5,487450 486916 484753 486918 486909,5,-88.295656699999995,30.386892000000000,2024/07/18 23:16:13.029,2024/07/18 18:16:13.029,oyster
1200,192110,A69-1604-28093,NA,2024/07/18 23:18:23.871,5029.489999999999782,5062.920000000000073,-1,3.349800000000000,NA,0.039300000000000,NA,NA,4,487450 486916 484753 486918,4,487450 486916 484753 486918,4,-88.295643100000007,30.386884299999998,2024/07/18 23:18:23.871,2024/07/18 18:18:23.871,oyster
1201,192118,A69-1604-28093,NA,2024/07/18 23:20:41.757,5026.800000000000182,5062.420000000000073,-1,2.555200000000000,NA,0.132800000000000,NA,NA,9,487450 486916 486918 486909 486919,5,487450 486916 486918 486909 486919,5,-88.295671100000007,30.386879700000001,2024/07/18 23:20:41.757,2024/07/18 18:20:41.757,oyster
1202,192129,A69-1604-28093,NA,2024/07/18 23:23:13.641,5028.510000000000218,5062.609999999999673,-1,1.956700000000000,NA,0.094200000000000,NA,NA,17,487450 486916 484753 486918 486909 486919,6,487450 486916 484753 486918 486909 486919,6,-88.295653400000006,30.386881400000000,2024/07/18 23:23:13.641,2024/07/18 18:23:13.641,oyster
1206,192250,A69-1604-28093,NA,2024/07/19 00:02:43.729,5003.100000000000364,5051.890000000000327,-1,2.145600000000000,NA,0.093800000000000,NA,NA,12,486918 487450 486915 486909 486916 486917 486919 486914,8,486918 487450 486915 486909 486916 486917,6,-88.295917700000004,30.386784700000000,2024/07/19 00:02:43.729,2024/07/18 19:02:43.729,oyster
1356,213052,A69-1604-28093,NA,2024/07/22 23:27:28.608,5028.170000000000073,5067.579999999999927,-1,2.170400000000000,NA,0.161900000000000,NA,NA,14,487450 486916 484753 486918 486909 486919,6,487450 486916 484753 486918 486909 486919,6,-88.295656899999997,30.386926299999999,2024/07/22 23:27:28.608,2024/07/22 18:27:28.608,oyster
1357,213066,A69-1604-28093,NA,2024/07/22 23:31:44.913,5034.960000000000036,5065.600000000000364,-1,8.784900000000000,NA,0.000000000000000,NA,NA,1,486909 486914 486917,3,486909 486914 486917,3,-88.295586299999997,30.386908399999999,2024/07/22 23:31:44.913,2024/07/22 18:31:44.913,oyster
1358,213073,A69-1604-28093,NA,2024/07/22 23:34:00.660,5033.689999999999600,5065.869999999999891,-1,6.740700000000000,NA,0.071600000000000,NA,NA,2,486918 486914 486912 486917,4,486918 486914 486912 486917,4,-88.295599499999994,30.386910799999999,2024/07/22 23:34:00.660,2024/07/22 18:34:00.660,oyster
1359,213080,A69-1604-28093,NA,2024/07/22 23:36:28.383,5029.960000000000036,5064.310000000000400,-1,2.145700000000000,NA,0.074600000000000,NA,NA,13,487450 486916 484753 486918 486909 486914 486912 486917,8,487450 486916 484753 486918 486909 486914,6,-88.295638299999993,30.386896799999999,2024/07/22 23:36:28.383,2024/07/22 18:36:28.383,oyster
1360,213088,A69-1604-28093,NA,2024/07/22 23:39:20.203,5031.039999999999964,5064.949999999999818,-1,3.637100000000000,NA,0.045400000000000,NA,NA,6,486918 486909 486914 486912 486917,5,486918 486909 486914 486912 486917,5,-88.295627100000004,30.386902599999999,2024/07/22 23:39:20.203,2024/07/22 18:39:20.203,oyster
1361,213106,A69-1604-28093,NA,2024/07/22 23:44:16.246,5028.779999999999745,5063.699999999999818,-1,1.965100000000000,NA,0.153200000000000,NA,NA,17,487450 486916 484753 486918 486909 486919 486914 486912 486915 486917 488550,11,487450 486916 484753 486918 486909 486919,6,-88.295650600000002,30.386891299999998,2024/07/22 23:44:16.246,2024/07/22 18:44:16.246,oyster
1362,213114,A69-1604-28093,NA,2024/07/22 23:46:44.905,5028.539999999999964,5062.539999999999964,-1,1.960000000000000,NA,0.307800000000000,NA,NA,17,487450 486916 484753 486918 486909 486919 486914 486912 486917,9,487450 486916 484753 486918 486909 486919,6,-88.295653099999996,30.386880800000000,2024/07/22 23:46:44.905,2024/07/22 18:46:44.905,oyster
1363,213124,A69-1604-28093,NA,2024/07/22 23:49:38.567,5028.260000000000218,5061.560000000000400,-1,6.103800000000000,NA,0.072700000000000,NA,NA,2,486918 486909 486914 486917,4,486918 486909 486914 486917,4,-88.295655900000000,30.386872000000000,2024/07/22 23:49:38.567,2024/07/22 18:49:38.567,oyster
1364,213132,A69-1604-28093,NA,2024/07/22 23:52:22.209,5028.300000000000182,5062.439999999999600,-1,2.632000000000000,NA,0.124100000000000,NA,NA,14,486918 486909 486912 486914 486915 486917,6,486918 486909 486912 486914 486915 486917,6,-88.295655499999995,30.386879900000000,2024/07/22 23:52:22.209,2024/07/22 18:52:22.209,oyster
1365,213138,A69-1604-28093,NA,2024/07/22 23:54:45.716,5023.670000000000073,5060.750000000000000,-1,2.048200000000000,NA,0.128500000000000,NA,NA,18,487450 486918 486916 484753 486909 486919 486915 486914 486917,9,487450 486918 486916 484753 486909 486919,6,-88.295703700000004,30.386864599999999,2024/07/22 23:54:45.716,2024/07/22 18:54:45.716,oyster
1366,213150,A69-1604-28093,NA,2024/07/22 23:57:29.083,5032.140000000000327,5057.970000000000255,-1,1.905000000000000,NA,0.131700000000000,NA,NA,17,487450 486916 486918 484753 486909 486919 486914 486912 486915 486917 488550,11,487450 486916 486918 484753 486909 486919,6,-88.295615600000005,30.386839599999998,2024/07/22 23:57:29.083,2024/07/22 18:57:29.083,oyster
1367,213157,A69-1604-28093,NA,2024/07/22 23:59:52.103,5033.869999999999891,5053.729999999999563,-1,1.969800000000000,NA,1.755600000000000,NA,NA,10,487450 486918 486909 486919 486917 488550,6,487450 486918 486909 486919 486917 488550,6,-88.295597599999994,30.386801299999998,2024/07/22 23:59:52.103,2024/07/22 18:59:52.103,oyster
1368,213166,A69-1604-28093,NA,2024/07/23 00:02:34.307,5030.810000000000400,5062.779999999999745,-1,1.934000000000000,NA,0.127500000000000,NA,NA,17,487450 486916 484753 486918 486909 486919 486915 486917,8,487450 486916 484753 486918 486909 486919,6,-88.295629500000004,30.386882900000000,2024/07/23 00:02:34.307,2024/07/22 19:02:34.307,oyster
1369,213201,A69-1604-28093,NA,2024/07/23 00:12:03.581,5022.789999999999964,5056.640000000000327,-1,2.102700000000000,NA,0.165000000000000,NA,NA,13,487450 486918 484753 486909 486915 486912 486917,7,487450 486918 484753 486909 486915 486912,6,-88.295712899999998,30.386827600000000,2024/07/23 00:12:03.581,2024/07/22 19:12:03.581,oyster
1370,213209,A69-1604-28093,NA,2024/07/23 00:14:38.979,5021.159999999999854,5055.859999999999673,-1,2.162200000000000,NA,0.403600000000000,NA,NA,18,487450 486918 486916 484753 486909 486919 486915 486912 486917,9,487450 486918 486916 484753 486909 486919,6,-88.295729800000004,30.386820499999999,2024/07/23 00:14:38.979,2024/07/22 19:14:38.979,oyster
1371,213223,A69-1604-28093,NA,2024/07/23 00:18:56.479,5011.159999999999854,5052.609999999999673,-1,2.168700000000000,NA,0.253100000000000,NA,NA,14,486918 487450 486909 486916 484753 486915 486912 486919 486917 486914,10,486918 487450 486909 486916 484753 486915,6,-88.295833900000005,30.386791299999999,2024/07/23 00:18:56.479,2024/07/22 19:18:56.479,oyster
1372,213231,A69-1604-28093,NA,2024/07/23 00:21:13.659,5017.029999999999745,5056.250000000000000,-1,2.042300000000000,NA,0.088900000000000,NA,NA,16,487450 486918 486916 486909 484753 486915 486912 486917 486914 488550,10,487450 486918 486916 486909 484753 486915,6,-88.295772900000003,30.386824000000001,2024/07/23 00:21:13.659,2024/07/22 19:21:13.659,oyster
1373,213240,A69-1604-28093,NA,2024/07/23 00:23:44.165,5022.979999999999563,5052.600000000000364,-1,2.080700000000000,NA,0.194700000000000,NA,NA,17,487450 486918 486916 486909 484753 486919 486915 486912 486917,9,487450 486918 486916 486909 484753 486919,6,-88.295710900000003,30.386791100000000,2024/07/23 00:23:44.165,2024/07/22 19:23:44.165,oyster
1374,213253,A69-1604-28093,NA,2024/07/23 00:26:41.558,5025.899999999999636,5059.710000000000036,-1,1.997500000000000,NA,0.147400000000000,NA,NA,17,487450 486918 486916 484753 486909 486919 486912 486914 486917 488550,10,487450 486918 486916 484753 486909 486919,6,-88.295680500000003,30.386855300000001,2024/07/23 00:26:41.558,2024/07/22 19:26:41.558,oyster
1375,213272,A69-1604-28093,NA,2024/07/23 00:32:11.361,5010.579999999999927,5055.899999999999636,-1,2.168000000000000,NA,0.113400000000000,NA,NA,14,487450 486918 486916 486909 484753 486915 486912 486919 486914,9,487450 486918 486916 486909 484753 486915,6,-88.295839900000004,30.386820900000000,2024/07/23 00:32:11.361,2024/07/22 19:32:11.361,oyster
1376,213281,A69-1604-28093,NA,2024/07/23 00:34:25.240,5009.079999999999927,5054.630000000000109,-1,2.160300000000000,NA,0.131200000000000,NA,NA,14,486918 487450 486909 486916 486915 484753 486919 486917 486914,9,486918 487450 486909 486916 486915 484753,6,-88.295855500000002,30.386809499999998,2024/07/23 00:34:25.240,2024/07/22 19:34:25.240,oyster
1377,213294,A69-1604-28093,NA,2024/07/23 00:36:49.176,5016.850000000000364,5055.109999999999673,-1,2.439300000000000,NA,0.220600000000000,NA,NA,19,487450 486918 486916 486909 484753 486919 486915 486917 486914,9,487450 486918 486916 486909 484753 486919,6,-88.295774699999996,30.386813700000001,2024/07/23 00:36:49.176,2024/07/22 19:36:49.176,oyster
1378,213305,A69-1604-28093,NA,2024/07/23 00:39:33.264,5025.840000000000146,5056.390000000000327,-1,1.874700000000000,NA,0.100800000000000,NA,NA,16,487450 486918 486916 484753 486909 486915 486912 486914 486917,9,487450 486918 486916 484753 486909 486915,6,-88.295681099999996,30.386825300000002,2024/07/23 00:39:33.264,2024/07/22 19:39:33.264,oyster
1379,213313,A69-1604-28093,NA,2024/07/23 00:41:57.695,5027.560000000000400,5057.659999999999854,-1,1.972000000000000,NA,0.103600000000000,NA,NA,17,487450 486916 486918 484753 486909 486919 486912 486914 486917,9,487450 486916 486918 484753 486909 486919,6,-88.295663200000007,30.386836800000001,2024/07/23 00:41:57.695,2024/07/22 19:41:57.695,oyster
1380,213334,A69-1604-28093,NA,2024/07/23 00:47:08.989,5033.869999999999891,5058.529999999999745,-1,1.888900000000000,NA,0.153500000000000,NA,NA,17,487450 486916 484753 486918 486909 486919 486914 486912 486915 486917 488550,11,487450 486916 484753 486918 486909 486919,6,-88.295597599999994,30.386844700000001,2024/07/23 00:47:08.989,2024/07/22 19:47:08.989,oyster
1381,213345,A69-1604-28093,NA,2024/07/23 00:49:57.745,5029.100000000000364,5059.569999999999709,-1,2.185600000000000,NA,0.221000000000000,NA,NA,13,487450 486916 486918 484753 486909 486914 486915 486917 488550,9,487450 486916 486918 484753 486909 486914,6,-88.295647200000005,30.386854000000000,2024/07/23 00:49:57.745,2024/07/22 19:49:57.745,oyster
1382,213354,A69-1604-28093,NA,2024/07/23 00:52:31.518,5027.579999999999927,5059.460000000000036,-1,1.864200000000000,NA,0.023200000000000,NA,NA,16,487450 486916 486918 484753 486909 486915 486912 486914 486917,9,487450 486916 486918 484753 486909 486915,6,-88.295663000000005,30.386852999999999,2024/07/23 00:52:31.518,2024/07/22 19:52:31.518,oyster
1383,213362,A69-1604-28093,NA,2024/07/23 00:54:35.333,5029.689999999999600,5060.180000000000291,-1,1.933700000000000,NA,0.104600000000000,NA,NA,17,487450 486916 486918 484753 486909 486919 486914 486912 486915 486917,10,487450 486916 486918 484753 486909 486919,6,-88.295641000000003,30.386859500000000,2024/07/23 00:54:35.333,2024/07/22 19:54:35.333,oyster
1384,213376,A69-1604-28093,NA,2024/07/23 00:56:39.132,5028.310000000000400,5059.409999999999854,-1,2.939500000000000,NA,0.018200000000000,NA,NA,7,487450 486916 486918 484753 486914,5,487450 486916 486918 484753 486914,5,-88.295655499999995,30.386852600000001,2024/07/23 00:56:39.132,2024/07/22 19:56:39.132,oyster
1385,213388,A69-1604-28093,NA,2024/07/23 00:58:42.954,5027.649999999999636,5058.600000000000364,-1,1.969400000000000,NA,0.267400000000000,NA,NA,17,487450 486916 486918 484753 486909 486919 486915 486914 486917,9,487450 486916 486918 484753 486909 486919,6,-88.295662300000004,30.386845300000001,2024/07/23 00:58:42.954,2024/07/22 19:58:42.954,oyster
1386,213391,A69-1604-28093,NA,2024/07/23 01:00:47.013,5028.840000000000146,5056.869999999999891,-1,1.952800000000000,NA,0.177200000000000,NA,NA,17,487450 486916 486918 484753 486909 486919 486915 486912 486914 486917,10,487450 486916 486918 484753 486909 486919,6,-88.295649900000001,30.386829700000000,2024/07/23 01:00:47.013,2024/07/22 20:00:47.013,oyster
1387,213396,A69-1604-28093,NA,2024/07/23 01:02:51.321,5031.359999999999673,5058.670000000000073,-1,2.779700000000000,NA,0.304700000000000,NA,NA,14,486918 486909 486914 486912 486915 486917 488550,7,486918 486909 486914 486912 486915 486917,6,-88.295623699999993,30.386845900000001,2024/07/23 01:02:51.321,2024/07/22 20:02:51.321,oyster
1388,213403,A69-1604-28093,NA,2024/07/23 01:04:56.084,5026.539999999999964,5054.069999999999709,-1,1.995400000000000,NA,0.247400000000000,NA,NA,17,487450 486918 486916 484753 486909 486919 486915 486912 486914 486917 488550,11,487450 486918 486916 484753 486909 486919,6,-88.295673899999997,30.386804399999999,2024/07/23 01:04:56.084,2024/07/22 20:04:56.084,oyster
1389,213414,A69-1604-28093,NA,2024/07/23 01:07:02.019,5019.739999999999782,5057.529999999999745,-1,2.249700000000000,NA,0.165600000000000,NA,NA,18,487450 486918 486916 484753 486909 486919 486915 486912 486914 486917,10,487450 486918 486916 484753 486909 486919,6,-88.295744600000006,30.386835699999999,2024/07/23 01:07:02.019,2024/07/22 20:07:02.019,oyster
1390,213420,A69-1604-28093,NA,2024/07/23 01:09:10.311,5019.880000000000109,5059.250000000000000,-1,2.250700000000000,NA,0.091300000000000,NA,NA,18,487450 486918 486916 484753 486909 486919 486915 486912 486914 486917,10,487450 486918 486916 484753 486909 486919,6,-88.295743099999996,30.386851100000001,2024/07/23 01:09:10.311,2024/07/22 20:09:10.311,oyster
1391,213425,A69-1604-28093,NA,2024/07/23 01:11:23.276,5009.140000000000327,5050.600000000000364,-1,2.131900000000000,NA,0.013200000000000,NA,NA,14,486918 487450 486909 486916 486915 484753 486917 486912 486919 486914,10,486918 487450 486909 486916 486915 484753,6,-88.295854899999995,30.386773099999999,2024/07/23 01:11:23.276,2024/07/22 20:11:23.276,oyster
1392,213433,A69-1604-28093,NA,2024/07/23 01:13:45.344,5006.829999999999927,5049.619999999999891,-1,2.151300000000000,NA,0.223700000000000,NA,NA,13,486918 487450 486909 486915 486916 484753 486917 486912 486919 486914,10,486918 487450 486909 486915 486916 484753,6,-88.295878900000005,30.386764299999999,2024/07/23 01:13:45.344,2024/07/22 20:13:45.344,oyster
1393,213449,A69-1604-28093,NA,2024/07/23 01:16:25.901,5007.569999999999709,5053.409999999999854,-1,3.012900000000000,NA,0.303400000000000,NA,NA,5,486918 487450 486909 486915 486917,5,486918 487450 486909 486915 486917,5,-88.295871199999993,30.386798400000000,2024/07/23 01:16:25.901,2024/07/22 20:16:25.901,oyster
1409,213785,A69-1604-28093,NA,2024/07/23 02:44:12.019,5046.920000000000073,5081.590000000000146,-1,2.064300000000000,NA,0.048500000000000,NA,NA,10,484753 486916 487450 486914 486919 486918 486909 486915 486917,9,484753 486916 487450 486914 486919 486918,6,-88.295461799999998,30.387052600000001,2024/07/23 02:44:12.019,2024/07/22 21:44:12.019,oyster
1410,213800,A69-1604-28093,NA,2024/07/23 02:47:11.755,5050.840000000000146,5082.970000000000255,-1,2.381100000000000,NA,0.062700000000000,NA,NA,12,484753 486916 487450 486914 486918 486909 486912 488550 486915 486917,10,484753 486916 487450 486914 486918 486909,6,-88.295421000000005,30.387065100000001,2024/07/23 02:47:11.755,2024/07/22 21:47:11.755,oyster
1433,214252,A69-1604-28093,NA,2024/07/23 04:30:21.277,5043.319999999999709,5076.409999999999854,-1,1.901600000000000,NA,0.194900000000000,NA,NA,12,484753 486916 487450 486919 486914 486918 486909 486912 486917,9,484753 486916 487450 486919 486914 486918,6,-88.295499300000003,30.387006000000000,2024/07/23 04:30:21.277,2024/07/22 23:30:21.277,oyster
1434,214273,A69-1604-28093,NA,2024/07/23 04:35:13.159,5036.840000000000146,5064.960000000000036,-1,1.955900000000000,NA,0.096800000000000,NA,NA,15,487450 486916 484753 486918 486919 486909 486914 486912 486915 488550 486917,11,487450 486916 484753 486918 486919 486909,6,-88.295566699999995,30.386902599999999,2024/07/23 04:35:13.159,2024/07/22 23:35:13.159,oyster
1435,214284,A69-1604-28093,NA,2024/07/23 04:37:36.164,5036.210000000000036,5064.720000000000255,-1,1.949800000000000,NA,0.222100000000000,NA,NA,15,487450 486916 484753 486918 486919 486909 486914 486912 486915 488550 486917,11,487450 486916 484753 486918 486919 486909,6,-88.295573300000001,30.386900399999998,2024/07/23 04:37:36.164,2024/07/22 23:37:36.164,oyster
1436,214298,A69-1604-28093,NA,2024/07/23 04:40:18.379,5037.939999999999600,5065.670000000000073,-1,2.180500000000000,NA,0.433900000000000,NA,NA,13,487450 486918 486919 486909 486914 486912 488550 486917,8,487450 486918 486919 486909 486914 486912,6,-88.295555300000004,30.386909100000000,2024/07/23 04:40:18.379,2024/07/22 23:40:18.379,oyster
1437,214309,A69-1604-28093,NA,2024/07/23 04:42:39.296,5038.340000000000146,5063.710000000000036,-1,3.734400000000000,NA,0.237600000000000,NA,NA,4,486919 486909 486914 486912,4,486919 486909 486914 486912,4,-88.295551099999997,30.386891400000000,2024/07/23 04:42:39.296,2024/07/22 23:42:39.296,oyster
1438,214350,A69-1604-28093,NA,2024/07/23 04:54:39.713,5031.289999999999964,5063.859999999999673,-1,2.119700000000000,NA,0.152000000000000,NA,NA,13,487450 486916 484753 486918 486909 486914 486912 486915 486917,9,487450 486916 484753 486918 486909 486914,6,-88.295624399999994,30.386892700000001,2024/07/23 04:54:39.713,2024/07/22 23:54:39.713,oyster
1439,214358,A69-1604-28093,NA,2024/07/23 04:56:59.429,5030.510000000000218,5065.250000000000000,-1,1.957700000000000,NA,0.115600000000000,NA,NA,16,487450 486916 484753 486918 486919 486909 486914 486912 488550,9,487450 486916 484753 486918 486919 486909,6,-88.295632600000005,30.386905200000001,2024/07/23 04:56:59.429,2024/07/22 23:56:59.429,oyster
1440,214372,A69-1604-28093,NA,2024/07/23 04:59:35.059,5036.460000000000036,5065.539999999999964,-1,2.391900000000000,NA,0.187700000000000,NA,NA,10,486916 484753 486919 486909 486914 486912 486915 486917,8,486916 484753 486919 486909 486914 486912,6,-88.295570600000005,30.386907799999999,2024/07/23 04:59:35.059,2024/07/22 23:59:35.059,oyster
1441,214382,A69-1604-28093,NA,2024/07/23 05:01:42.661,5035.710000000000036,5066.600000000000364,-1,1.978900000000000,NA,0.151600000000000,NA,NA,15,487450 486916 484753 486918 486919 486909 486914 486912 486915 488550 486917,11,487450 486916 484753 486918 486919 486909,6,-88.295578399999997,30.386917400000002,2024/07/23 05:01:42.661,2024/07/23 00:01:42.661,oyster
1442,214393,A69-1604-28093,NA,2024/07/23 05:03:54.211,5036.760000000000218,5066.569999999999709,-1,1.982500000000000,NA,0.085300000000000,NA,NA,15,487450 486916 484753 486918 486919 486909 486914 486912 486915 486917,10,487450 486916 484753 486918 486919 486909,6,-88.295567500000004,30.386917199999999,2024/07/23 05:03:54.211,2024/07/23 00:03:54.211,oyster
1486,263574,A69-1604-28093,NA,2024/07/31 20:27:11.332,5038.010000000000218,5066.989999999999782,-1,2.005000000000000,NA,0.088100000000000,NA,NA,15,487450 486916 484753 486918 486919 486909 486914 486912 486915 486917,10,487450 486916 484753 486918 486919 486909,6,-88.295554499999994,30.386921000000001,2024/07/31 20:27:11.332,2024/07/31 15:27:11.332,oyster
1487,263584,A69-1604-28093,NA,2024/07/31 20:29:31.546,5035.489999999999782,5069.840000000000146,-1,2.042500000000000,NA,0.112500000000000,NA,NA,15,487450 486916 484753 486918 486919 486909,6,487450 486916 484753 486918 486919 486909,6,-88.295580700000002,30.386946699999999,2024/07/31 20:29:31.546,2024/07/31 15:29:31.546,oyster
1488,263593,A69-1604-28093,NA,2024/07/31 20:32:08.370,5027.390000000000327,5050.420000000000073,-1,11.355900000000000,NA,0.000000000000000,NA,NA,1,486918 486916 486909,3,486918 486916 486909,3,-88.295665000000000,30.386771400000001,2024/07/31 20:32:08.370,2024/07/31 15:32:08.370,oyster
1506,264250,A69-1604-28093,NA,2024/07/31 22:57:09.152,5017.050000000000182,5049.329999999999927,-1,2.452200000000000,NA,0.146300000000000,NA,NA,18,486918 487450 486909 486916 484753 486919 486915 486917 486912 486914,10,486918 487450 486909 486916 484753 486919,6,-88.295772600000006,30.386761600000000,2024/07/31 22:57:09.152,2024/07/31 17:57:09.152,oyster
1513,264337,A69-1604-28093,NA,2024/07/31 23:16:03.919,5017.659999999999854,5047.829999999999927,-1,2.136300000000000,NA,0.106800000000000,NA,NA,14,486918 487450 486909 486916 484753 486915 486917 486912 486914,9,486918 487450 486909 486916 484753 486915,6,-88.295766200000003,30.386748099999998,2024/07/31 23:16:03.919,2024/07/31 18:16:03.919,oyster
1514,264345,A69-1604-28093,NA,2024/07/31 23:18:10.555,5032.439999999999600,5053.199999999999818,-1,1.907600000000000,NA,0.058200000000000,NA,NA,17,486916 487450 486918 484753 486909 486919 486914 486917,8,486916 487450 486918 484753 486909 486919,6,-88.295612500000004,30.386796499999999,2024/07/31 23:18:10.555,2024/07/31 18:18:10.555,oyster
1515,264354,A69-1604-28093,NA,2024/07/31 23:20:19.997,5024.850000000000364,5059.970000000000255,-1,2.026400000000000,NA,0.208000000000000,NA,NA,17,487450 486918 486916 484753 486909 486919 486915 486912 486914 486917,10,487450 486918 486916 484753 486909 486919,6,-88.295691399999995,30.386857700000000,2024/07/31 23:20:19.997,2024/07/31 18:20:19.997,oyster
1516,264364,A69-1604-28093,NA,2024/07/31 23:22:35.048,5023.479999999999563,5064.479999999999563,-1,2.226900000000000,NA,0.104100000000000,NA,NA,17,487450 486918 486916 484753 486909 486919 486915 486914 486917,9,487450 486918 486916 484753 486909 486919,6,-88.295705699999999,30.386898299999999,2024/07/31 23:22:35.048,2024/07/31 18:22:35.048,oyster
1517,264374,A69-1604-28093,NA,2024/07/31 23:25:01.560,5031.930000000000291,5062.949999999999818,-1,3.151200000000000,NA,0.113300000000000,NA,NA,11,487450 486918 486909 486914 486912 486915 486917,7,487450 486918 486909 486914 486912 486915,6,-88.295617699999994,30.386884500000001,2024/07/31 23:25:01.560,2024/07/31 18:25:01.560,oyster
1518,264384,A69-1604-28093,NA,2024/07/31 23:27:50.986,5031.250000000000000,5061.789999999999964,-1,1.926200000000000,NA,0.141900000000000,NA,NA,17,487450 486916 484753 486918 486909 486919 486914 486917,8,487450 486916 484753 486918 486909 486919,6,-88.295624900000007,30.386873999999999,2024/07/31 23:27:50.986,2024/07/31 18:27:50.986,oyster
1519,264394,A69-1604-28093,NA,2024/07/31 23:30:26.151,5034.710000000000036,5064.810000000000400,-1,2.246300000000000,NA,0.131700000000000,NA,NA,13,487450 486916 484753 486918 486914 486915 486917,7,487450 486916 484753 486918 486914 486915,6,-88.295588899999998,30.386901300000002,2024/07/31 23:30:26.151,2024/07/31 18:30:26.151,oyster
1521,264420,A69-1604-28093,NA,2024/07/31 23:36:59.085,5043.930000000000291,5063.399999999999636,-1,1.963300000000000,NA,0.069000000000000,NA,NA,15,486916 484753 487450 486919 486918 486909 486914 486917,8,486916 484753 487450 486919 486918 486909,6,-88.295492899999999,30.386888500000001,2024/07/31 23:36:59.085,2024/07/31 18:36:59.085,oyster
1522,264431,A69-1604-28093,NA,2024/07/31 23:39:27.732,5017.239999999999782,5055.449999999999818,-1,2.431400000000000,NA,0.107200000000000,NA,NA,18,487450 486918 486916 486909 484753 486919 486915 486912 486914,9,487450 486918 486916 486909 484753 486919,6,-88.295770599999997,30.386816799999998,2024/07/31 23:39:27.732,2024/07/31 18:39:27.732,oyster
1523,264442,A69-1604-28093,NA,2024/07/31 23:42:21.209,5028.060000000000400,5054.779999999999745,-1,3.577600000000000,NA,0.071900000000000,NA,NA,6,487450 486918 486909 486915 486914,5,487450 486918 486909 486915 486914,5,-88.295658000000003,30.386810799999999,2024/07/31 23:42:21.209,2024/07/31 18:42:21.209,oyster
1532,264746,A69-1604-28093,NA,2024/08/01 01:03:55.748,5048.119999999999891,5085.880000000000109,-1,2.684900000000000,NA,0.304100000000000,NA,NA,7,484753 486916 487450 486914 486912 486915,6,484753 486916 487450 486914 486912 486915,6,-88.295449300000001,30.387091399999999,2024/08/01 01:03:55.748,2024/07/31 20:03:55.748,oyster
1608,269326,A69-1604-28093,NA,2024/08/01 19:01:40.293,5039.260000000000218,5061.140000000000327,-1,1.910300000000000,NA,0.062700000000000,NA,NA,16,486916 487450 484753 486918 486919 486909 486914 486917,8,486916 487450 484753 486918 486919 486909,6,-88.295541499999999,30.386868199999999,2024/08/01 19:01:40.293,2024/08/01 14:01:40.293,oyster
1609,269347,A69-1604-28093,NA,2024/08/01 19:06:24.695,5029.340000000000146,5051.819999999999709,-1,1.951500000000000,NA,0.071600000000000,NA,NA,17,487450 486918 486916 486909 484753 486919 486915 486912 486914 486917,10,487450 486918 486916 486909 484753 486919,6,-88.295644699999997,30.386784100000000,2024/08/01 19:06:24.695,2024/08/01 14:06:24.695,oyster
1610,269366,A69-1604-28093,NA,2024/08/01 19:12:00.789,5028.050000000000182,5056.760000000000218,-1,1.969700000000000,NA,0.053100000000000,NA,NA,17,487450 486918 486916 484753 486909 486919 486915 486914 486917,9,487450 486918 486916 484753 486909 486919,6,-88.295658200000005,30.386828699999999,2024/08/01 19:12:00.789,2024/08/01 14:12:00.789,oyster
1611,269384,A69-1604-28093,NA,2024/08/01 19:17:04.141,5024.539999999999964,5051.000000000000000,-1,2.009300000000000,NA,0.207000000000000,NA,NA,9,486918 487450 484753 486919 486917 486914,6,486918 487450 484753 486919 486917 486914,6,-88.295694699999999,30.386776699999999,2024/08/01 19:17:04.141,2024/08/01 14:17:04.141,oyster
1612,269400,A69-1604-28093,NA,2024/08/01 19:21:56.254,5014.779999999999745,5054.479999999999563,-1,2.103800000000000,NA,0.034300000000000,NA,NA,15,487450 486918 486916 486909 484753 486915 486919 486912 486917,9,487450 486918 486916 486909 484753 486915,6,-88.295796300000006,30.386808100000000,2024/08/01 19:21:56.254,2024/08/01 14:21:56.254,oyster
1613,269426,A69-1604-28093,NA,2024/08/01 19:28:02.960,5015.640000000000327,5053.550000000000182,-1,2.070600000000000,NA,0.060700000000000,NA,NA,13,487450 486916 484753 486919 486912 486917 486914,7,487450 486916 484753 486919 486912 486917,6,-88.295787300000001,30.386799700000001,2024/08/01 19:28:02.960,2024/08/01 14:28:02.960,oyster
1614,269438,A69-1604-28093,NA,2024/08/01 19:31:05.766,5031.689999999999600,5053.239999999999782,-1,1.919300000000000,NA,0.014000000000000,NA,NA,17,487450 486916 486918 484753 486909 486919 486915 486914 486912 486917 488568,11,487450 486916 486918 484753 486909 486919,6,-88.295620299999996,30.386796900000000,2024/08/01 19:31:05.766,2024/08/01 14:31:05.766,oyster
1615,269453,A69-1604-28093,NA,2024/08/01 19:34:07.604,5005.479999999999563,5044.270000000000437,-1,2.116900000000000,NA,0.127600000000000,NA,NA,11,486918 487450 486909 486915 486916 486917 484753 486919 486912,9,486918 487450 486909 486915 486916 486917,6,-88.295892899999998,30.386716000000000,2024/08/01 19:34:07.604,2024/08/01 14:34:07.604,oyster
1616,269468,A69-1604-28093,NA,2024/08/01 19:37:07.577,5003.340000000000146,5046.930000000000291,-1,2.293400000000000,NA,0.089800000000000,NA,NA,11,486918 487450 486909 486915 486917 486912 486919,7,486918 487450 486909 486915 486917 486912,6,-88.295915199999996,30.386740000000000,2024/08/01 19:37:07.577,2024/08/01 14:37:07.577,oyster
1617,269481,A69-1604-28093,NA,2024/08/01 19:40:04.031,5015.529999999999745,5056.840000000000146,-1,2.081200000000000,NA,0.109000000000000,NA,NA,16,487450 486918 486916 484753 486909 486915 486912 486917 486914,9,487450 486918 486916 484753 486909 486915,6,-88.295788400000006,30.386829400000000,2024/08/01 19:40:04.031,2024/08/01 14:40:04.031,oyster
1618,269516,A69-1604-28093,NA,2024/08/01 19:47:34.324,5012.289999999999964,5043.750000000000000,-1,2.322500000000000,NA,0.133200000000000,NA,NA,13,486918 487450 486909 486916 486915 484753 486919 486917 486912,9,486918 487450 486909 486916 486915 484753,6,-88.295822099999995,30.386711300000002,2024/08/01 19:47:34.324,2024/08/01 14:47:34.324,oyster
1619,269527,A69-1604-28093,NA,2024/08/01 19:49:42.820,5018.470000000000255,5049.079999999999927,-1,2.350800000000000,NA,0.045000000000000,NA,NA,18,486918 487450 486909 486916 484753 486919 486915 486917 486912,9,486918 487450 486909 486916 484753 486919,6,-88.295757899999998,30.386759399999999,2024/08/01 19:49:42.820,2024/08/01 14:49:42.820,oyster
1620,269538,A69-1604-28093,NA,2024/08/01 19:51:56.224,5040.069999999999709,5055.909999999999854,-1,1.866700000000000,NA,0.136500000000000,NA,NA,17,486916 487450 484753 486918 486919 486909 486917,7,486916 487450 484753 486918 486919 486909,6,-88.295533100000000,30.386821000000001,2024/08/01 19:51:56.224,2024/08/01 14:51:56.224,oyster
1627,270136,A69-1604-28093,NA,2024/08/01 23:07:49.846,5016.710000000000036,5058.789999999999964,-1,11.251099999999999,NA,0.000000000000000,NA,NA,1,487450 486918 486909,3,487450 486918 486909,3,-88.295776099999998,30.386846999999999,2024/08/01 23:07:49.846,2024/08/01 18:07:49.846,oyster
1644,270858,A69-1604-28093,NA,2024/08/02 02:08:50.668,5012.140000000000327,5055.359999999999673,-1,2.187300000000000,NA,0.396800000000000,NA,NA,15,487450 486918 486916 486909 484753 486915 486912 486919 486917 486914 488550,11,487450 486918 486916 486909 484753 486915,6,-88.295823700000000,30.386816000000000,2024/08/02 02:08:50.668,2024/08/01 21:08:50.668,oyster
1645,270871,A69-1604-28093,NA,2024/08/02 02:11:53.210,5013.289999999999964,5055.260000000000218,-1,1.902600000000000,NA,0.170700000000000,NA,NA,15,486918 486916 486909 484753 486912 486917,6,486918 486916 486909 484753 486912 486917,6,-88.295811700000002,30.386815200000001,2024/08/02 02:11:53.210,2024/08/01 21:11:53.210,oyster
1646,270904,A69-1604-28093,NA,2024/08/02 02:17:53.657,5029.100000000000364,5066.369999999999891,-1,1.991800000000000,NA,0.158200000000000,NA,NA,16,487450 486916 484753 486918 486909 486919 486914 486912 486915 488550 486917,11,487450 486916 484753 486918 486909 486919,6,-88.295647200000005,30.386915299999998,2024/08/02 02:17:53.657,2024/08/01 21:17:53.657,oyster
1648,270931,A69-1604-28093,NA,2024/08/02 02:23:33.054,5045.800000000000182,5064.619999999999891,-1,1.999600000000000,NA,0.228000000000000,NA,NA,15,486916 484753 487450 486919 486918 486909 486914 486912 486917,9,486916 484753 487450 486919 486918 486909,6,-88.295473400000006,30.386899600000000,2024/08/02 02:23:33.054,2024/08/01 21:23:33.054,oyster
1650,270962,A69-1604-28093,NA,2024/08/02 02:28:49.019,5047.069999999999709,5077.819999999999709,-1,1.855500000000000,NA,0.025300000000000,NA,NA,11,484753 486916 487450 486919 486914 486918 486909 486917,8,484753 486916 487450 486919 486914 486918,6,-88.295460199999994,30.387018600000001,2024/08/02 02:28:49.019,2024/08/01 21:28:49.019,oyster
1651,270970,A69-1604-28093,NA,2024/08/02 02:31:24.415,5046.979999999999563,5069.489999999999782,-1,2.635000000000000,NA,0.024100000000000,NA,NA,9,486916 484753 486919 486918 486914 486909 486912 486917,8,486916 484753 486919 486918 486914 486909,6,-88.295461200000005,30.386943500000001,2024/08/02 02:31:24.415,2024/08/01 21:31:24.415,oyster
1741,276092,A69-1604-28093,NA,2024/08/03 00:59:32.987,5005.220000000000255,5040.579999999999927,-1,2.800600000000000,NA,0.122000000000000,NA,NA,12,486918 487450 486909 486917 486916 484753,6,486918 487450 486909 486917 486916 484753,6,-88.295895700000003,30.386682700000001,2024/08/03 00:59:32.987,2024/08/02 19:59:32.987,oyster
1753,276312,A69-1604-28093,NA,2024/08/03 01:49:14.972,5033.539999999999964,5063.680000000000291,-1,2.587400000000000,NA,0.112800000000000,NA,NA,11,486916 484753 486918 486919 486909 486914 486912 486915 486917,9,486916 484753 486918 486919 486909 486914,6,-88.295601000000005,30.386891100000000,2024/08/03 01:49:14.972,2024/08/02 20:49:14.972,oyster
1754,276321,A69-1604-28093,NA,2024/08/03 01:51:22.054,5030.210000000000036,5058.989999999999782,-1,3.314500000000000,NA,0.290200000000000,NA,NA,8,487450 486918 486909 486914 486912 486917 488550,7,487450 486918 486909 486914 486912 486917,6,-88.295635599999997,30.386848799999999,2024/08/03 01:51:22.054,2024/08/02 20:51:22.054,oyster
1755,276329,A69-1604-28093,NA,2024/08/03 01:53:32.695,5023.859999999999673,5056.840000000000146,-1,2.047800000000000,NA,0.067200000000000,NA,NA,17,487450 486918 486916 484753 486909 486919 486912 486914 486917 488550,10,487450 486918 486916 484753 486909 486919,6,-88.295701699999995,30.386829400000000,2024/08/03 01:53:32.695,2024/08/02 20:53:32.695,oyster
1858,281368,A69-1604-28093,NA,2024/08/03 23:05:44.244,5030.659999999999854,5053.510000000000218,-1,1.936200000000000,NA,0.104600000000000,NA,NA,17,487450 486916 486918 484753 486909 486919 486915 486912 486914 486917 488550,11,487450 486916 486918 484753 486909 486919,6,-88.295631000000000,30.386799400000001,2024/08/03 23:05:44.244,2024/08/03 18:05:44.244,oyster
1859,281379,A69-1604-28093,NA,2024/08/03 23:08:41.625,5014.180000000000291,5043.300000000000182,-1,2.278800000000000,NA,0.101700000000000,NA,NA,13,486918 487450 486909 486916 484753 486915 486919 486917 486912 486914,10,486918 487450 486909 486916 484753 486915,6,-88.295802399999999,30.386707300000001,2024/08/03 23:08:41.625,2024/08/03 18:08:41.625,oyster
1861,281403,A69-1604-28093,NA,2024/08/03 23:14:11.185,5004.689999999999600,5040.119999999999891,-1,2.142400000000000,NA,0.083000000000000,NA,NA,11,486918 487450 486909 486915 486917 486916 484753 486919 486912 486914 488550,11,486918 487450 486909 486915 486917 486916,6,-88.295901200000003,30.386678600000000,2024/08/03 23:14:11.185,2024/08/03 18:14:11.185,oyster
1862,281413,A69-1604-28093,NA,2024/08/03 23:16:24.357,5008.380000000000109,5040.020000000000437,-1,2.140900000000000,NA,0.117900000000000,NA,NA,11,486918 487450 486909 486916 486915 486917 484753 486912 486914 488550,10,486918 487450 486909 486916 486915 486917,6,-88.295862799999995,30.386677700000000,2024/08/03 23:16:24.357,2024/08/03 18:16:24.357,oyster
1863,281422,A69-1604-28093,NA,2024/08/03 23:18:46.902,5014.449999999999818,5043.720000000000255,-1,2.297400000000000,NA,0.430400000000000,NA,NA,13,486918 487450 486909 486916 484753 486915 486917 486912 486914,9,486918 487450 486909 486916 484753 486915,6,-88.295799700000003,30.386710999999998,2024/08/03 23:18:46.902,2024/08/03 18:18:46.902,oyster
1992,352631,A69-1604-28093,NA,2024/08/17 00:43:54.556,5047.819999999999709,5082.229999999999563,-1,2.099100000000000,NA,0.113400000000000,NA,NA,10,484753 486916 487450 486914 486919 486918 486909 486915 486917,9,484753 486916 487450 486914 486919 486918,6,-88.295452400000002,30.387058400000001,2024/08/17 00:43:54.556,2024/08/16 19:43:54.556,oyster
2074,525002,A69-1604-28093,NA,2024/09/20 13:30:02.836,5039.109999999999673,5070.800000000000182,-1,2.000600000000000,NA,0.029700000000000,NA,NA,12,486916 484753 486918 486919 486914 486912 486915 488550 486917,9,486916 484753 486918 486919 486914 486912,6,-88.295543100000003,30.386955300000000,2024/09/20 13:30:02.836,2024/09/20 08:30:02.836,oyster
2078,525050,A69-1604-28093,NA,2024/09/20 13:44:27.468,5053.130000000000109,5092.779999999999745,-1,3.702100000000000,NA,0.055300000000000,NA,NA,6,484753 486916 486914 486919 488550 486918 486912 486915 486917,9,484753 486916 486914 486919 488550 486918,6,-88.295397199999996,30.387153600000001,2024/09/20 13:44:27.468,2024/09/20 08:44:27.468,oyster
2097,525287,A69-1604-28093,NA,2024/09/20 14:43:53.629,5045.800000000000182,5083.789999999999964,-1,2.374900000000000,NA,0.097400000000000,NA,NA,15,484753 486916 486914 486918 486912 488550 486915,7,484753 486916 486914 486918 486912 488550,6,-88.295473500000000,30.387072499999999,2024/09/20 14:43:53.629,2024/09/20 09:43:53.629,oyster
2100,525342,A69-1604-28093,NA,2024/09/20 14:57:49.891,5047.439999999999600,5085.359999999999673,-1,2.267400000000000,NA,0.043300000000000,NA,NA,10,484753 486916 486914 486919 486918 486912 488550 486915,8,484753 486916 486914 486919 486918 486912,6,-88.295456400000006,30.387086700000001,2024/09/20 14:57:49.891,2024/09/20 09:57:49.891,oyster
2101,525348,A69-1604-28093,NA,2024/09/20 15:00:15.936,5047.489999999999782,5085.680000000000291,-1,2.229100000000000,NA,0.293700000000000,NA,NA,11,484753 486916 486914 486919 486918 486912 488550 486915,8,484753 486916 486914 486919 486918 486912,6,-88.295455899999993,30.387089499999998,2024/09/20 15:00:15.936,2024/09/20 10:00:15.936,oyster
2102,525368,A69-1604-28093,NA,2024/09/20 15:05:37.020,5046.640000000000327,5085.409999999999854,-1,2.221400000000000,NA,0.037700000000000,NA,NA,11,484753 486916 486914 486919 486918 486912 488550 486915,8,484753 486916 486914 486919 486918 486912,6,-88.295464699999997,30.387087099999999,2024/09/20 15:05:37.020,2024/09/20 10:05:37.020,oyster
2103,525382,A69-1604-28093,NA,2024/09/20 15:08:39.106,5048.369999999999891,5085.229999999999563,-1,2.299100000000000,NA,0.068900000000000,NA,NA,10,484753 486916 486914 486919 486918 486912 488550 486915,8,484753 486916 486914 486919 486918 486912,6,-88.295446799999993,30.387085500000001,2024/09/20 15:08:39.106,2024/09/20 10:08:39.106,oyster
2111,525473,A69-1604-28093,NA,2024/09/20 15:36:26.061,5047.229999999999563,5086.760000000000218,-1,2.132600000000000,NA,0.171400000000000,NA,NA,15,486916 486914 486919 486918 486912 488550 486915,7,486916 486914 486919 486918 486912 488550,6,-88.295458600000003,30.387099299999999,2024/09/20 15:36:26.061,2024/09/20 10:36:26.061,oyster
2112,525482,A69-1604-28093,NA,2024/09/20 15:38:32.692,5045.640000000000327,5084.319999999999709,-1,2.191600000000000,NA,0.211800000000000,NA,NA,11,484753 486916 486914 486919 486918 486912 488550 486915,8,484753 486916 486914 486919 486918 486912,6,-88.295475100000004,30.387077300000001,2024/09/20 15:38:32.692,2024/09/20 10:38:32.692,oyster
4,44153,A69-1604-28093,NA,2024/06/22 02:33:11.442,5009.939999999999600,5158.109999999999673,-1,14.875299999999999,NA,0.123900000000000,NA,NA,6,488550 486914 486912 487450 486916 486918,6,488550 486914 486912 487450 486916 486918,6,-88.295846600000004,30.387742899999999,2024/06/22 02:33:11.442,2024/06/21 21:33:11.442,
9,44320,A69-1604-28093,NA,2024/06/22 03:10:42.442,5041.960000000000036,5106.760000000000218,-1,2.005000000000000,NA,0.162200000000000,NA,NA,14,484753 486914 487450 486916 488550 486912 486919 486918 486915 486909 486917,11,484753 486914 487450 486916 488550 486912,6,-88.295513400000004,30.387279700000001,2024/06/22 03:10:42.442,2024/06/21 22:10:42.442,
10,44369,A69-1604-28093,NA,2024/06/22 03:21:17.402,5041.989999999999782,5087.909999999999854,-1,13.340500000000000,NA,0.085900000000000,NA,NA,2,486918 488550 486915 486917,4,486918 488550 486915 486917,4,-88.295513200000002,30.387109599999999,2024/06/22 03:21:17.402,2024/06/21 22:21:17.402,
11,44382,A69-1604-28093,NA,2024/06/22 03:23:30.788,5041.619999999999891,5087.520000000000437,-1,2.217500000000000,NA,0.091200000000000,NA,NA,11,484753 487450 486916 486914 486919 486918 486912 488550 486909 486915 486917,11,484753 487450 486916 486914 486919 486918,6,-88.295516899999996,30.387106100000000,2024/06/22 03:23:30.788,2024/06/21 22:23:30.788,
12,44397,A69-1604-28093,NA,2024/06/22 03:25:53.814,5041.020000000000437,5087.189999999999600,-1,2.214100000000000,NA,0.162600000000000,NA,NA,11,484753 487450 486916 486914 486919 486918 486912 488550 486909 486915 486917,11,484753 487450 486916 486914 486919 486918,6,-88.295523200000005,30.387103100000001,2024/06/22 03:25:53.814,2024/06/21 22:25:53.814,
13,44408,A69-1604-28093,NA,2024/06/22 03:28:36.235,5039.350000000000364,5086.109999999999673,-1,2.121200000000000,NA,0.130200000000000,NA,NA,12,484753 487450 486916 486914 486918 486919 486912 488550 486909 486915 486917,11,484753 487450 486916 486914 486918 486919,6,-88.295540599999995,30.387093400000001,2024/06/22 03:28:36.235,2024/06/21 22:28:36.235,
14,44420,A69-1604-28093,NA,2024/06/22 03:30:57.381,5039.619999999999891,5086.539999999999964,-1,2.129800000000000,NA,0.130800000000000,NA,NA,12,484753 487450 486916 486914 486919 486918 486912 488550 486909 486915 486917,11,484753 487450 486916 486914 486919 486918,6,-88.295537800000005,30.387097300000001,2024/06/22 03:30:57.381,2024/06/21 22:30:57.381,
15,44431,A69-1604-28093,NA,2024/06/22 03:33:36.075,5040.149999999999636,5084.949999999999818,-1,4.757900000000000,NA,0.076700000000000,NA,NA,7,486916 486918 486912 486915 486917,5,486916 486918 486912 486915 486917,5,-88.295532199999997,30.387082899999999,2024/06/22 03:33:36.075,2024/06/21 22:33:36.075,
16,44456,A69-1604-28093,NA,2024/06/22 03:38:13.914,5042.079999999999927,5086.390000000000327,-1,2.200700000000000,NA,0.174100000000000,NA,NA,11,484753 487450 486916 486914 486919 486918 486912 488550 486909 486915 486917,11,484753 487450 486916 486914 486919 486918,6,-88.295512200000005,30.387096000000000,2024/06/22 03:38:13.914,2024/06/21 22:38:13.914,
17,44480,A69-1604-28093,NA,2024/06/22 03:43:23.357,5038.029999999999745,5082.939999999999600,-1,2.083900000000000,NA,0.175600000000000,NA,NA,12,487450 484753 486916 486914 486918 486919 486912 486909 488550 486917,10,487450 484753 486916 486914 486918 486919,6,-88.295554300000006,30.387064800000001,2024/06/22 03:43:23.357,2024/06/21 22:43:23.357,
18,44496,A69-1604-28093,NA,2024/06/22 03:46:10.038,5037.890000000000327,5080.220000000000255,-1,2.017300000000000,NA,0.102800000000000,NA,NA,12,487450 484753 486916 486914 486918 486919 486912 486909 488550 486915 486917,11,487450 484753 486916 486914 486918 486919,6,-88.295555699999994,30.387040299999999,2024/06/22 03:46:10.038,2024/06/21 22:46:10.038,
19,44509,A69-1604-28093,NA,2024/06/22 03:48:39.590,5036.119999999999891,5076.649999999999636,-1,2.023300000000000,NA,0.134400000000000,NA,NA,12,487450 484753 486916 486918 486914 486919 486909 486912 488550 486915 486917,11,487450 484753 486916 486918 486914 486919,6,-88.295574200000004,30.387008099999999,2024/06/22 03:48:39.590,2024/06/21 22:48:39.590,
20,44543,A69-1604-28093,NA,2024/06/22 03:56:52.037,5036.539999999999964,5074.329999999999927,-1,3.100500000000000,NA,0.061800000000000,NA,NA,5,484753 486916 486919 486909 486912,5,484753 486916 486919 486909 486912,5,-88.295569799999996,30.386987099999999,2024/06/22 03:56:52.037,2024/06/21 22:56:52.037,
21,44560,A69-1604-28093,NA,2024/06/22 03:59:48.754,5036.930000000000291,5073.470000000000255,-1,5.849000000000000,NA,0.094800000000000,NA,NA,5,486918 486909 488550 486915 486917,5,486918 486909 488550 486915 486917,5,-88.295565699999997,30.386979400000001,2024/06/22 03:59:48.754,2024/06/21 22:59:48.754,
22,44572,A69-1604-28093,NA,2024/06/22 04:02:38.444,5035.529999999999745,5072.960000000000036,-1,3.429500000000000,NA,0.071800000000000,NA,NA,12,486918 486919 486909 486912 486915 486917,6,486918 486919 486909 486912 486915 486917,6,-88.295580299999997,30.386974800000001,2024/06/22 04:02:38.444,2024/06/21 23:02:38.444,
23,44585,A69-1604-28093,NA,2024/06/22 04:05:14.336,5035.939999999999600,5073.600000000000364,-1,2.030900000000000,NA,0.115500000000000,NA,NA,12,487450 484753 486916 486918 486919 486914 486909 486912 488550 486917,10,487450 484753 486916 486918 486919 486914,6,-88.295576100000005,30.386980600000001,2024/06/22 04:05:14.336,2024/06/21 23:05:14.336,
24,44597,A69-1604-28093,NA,2024/06/22 04:07:22.637,5035.649999999999636,5073.670000000000073,-1,2.031400000000000,NA,0.020400000000000,NA,NA,12,487450 484753 486916 486918 486919 486914 486909 486912 488550 486917,10,487450 484753 486916 486918 486919 486914,6,-88.295579099999998,30.386981200000001,2024/06/22 04:07:22.637,2024/06/21 23:07:22.637,
25,44610,A69-1604-28093,NA,2024/06/22 04:09:35.357,5035.970000000000255,5073.699999999999818,-1,2.026800000000000,NA,0.079400000000000,NA,NA,12,487450 484753 486916 486918 486919 486914 486909 486912 488550 486917,10,487450 484753 486916 486918 486919 486914,6,-88.295575799999995,30.386981500000001,2024/06/22 04:09:35.357,2024/06/21 23:09:35.357,
26,44620,A69-1604-28093,NA,2024/06/22 04:11:57.183,5035.500000000000000,5074.329999999999927,-1,2.033500000000000,NA,0.079100000000000,NA,NA,12,487450 484753 486916 486918 486919 486914 486909 486912 488550 486915 486917,11,487450 484753 486916 486918 486919 486914,6,-88.295580599999994,30.386987099999999,2024/06/22 04:11:57.183,2024/06/21 23:11:57.183,
27,44635,A69-1604-28093,NA,2024/06/22 04:14:37.016,5036.229999999999563,5074.149999999999636,-1,2.019200000000000,NA,0.154200000000000,NA,NA,12,487450 484753 486916 486918 486919 486914 486909 486912 488550 486917,10,487450 484753 486916 486918 486919 486914,6,-88.295573099999999,30.386985599999999,2024/06/22 04:14:37.016,2024/06/21 23:14:37.016,
28,44645,A69-1604-28093,NA,2024/06/22 04:16:53.225,5037.390000000000327,5074.949999999999818,-1,2.005500000000000,NA,0.159900000000000,NA,NA,12,487450 484753 486916 486918 486919 486914 486909 486912 488550 486915 486917,11,487450 484753 486916 486918 486919 486914,6,-88.295561000000006,30.386992800000002,2024/06/22 04:16:53.225,2024/06/21 23:16:53.225,
29,44671,A69-1604-28093,NA,2024/06/22 04:22:15.507,5041.470000000000255,5080.050000000000182,-1,1.956000000000000,NA,0.126500000000000,NA,NA,12,484753 487450 486916 486914 486919 486918 486909 486912 488550 486915,10,484753 487450 486916 486914 486919 486918,6,-88.295518500000000,30.387038700000002,2024/06/22 04:22:15.507,2024/06/21 23:22:15.507,
30,44687,A69-1604-28093,NA,2024/06/22 04:24:59.147,5041.100000000000364,5081.289999999999964,-1,1.987400000000000,NA,0.108500000000000,NA,NA,12,484753 487450 486916 486914 486919 486918 486912 486909 488550 486915 486917,11,484753 487450 486916 486914 486919 486918,6,-88.295522300000002,30.387049900000001,2024/06/22 04:24:59.147,2024/06/21 23:24:59.147,
31,44694,A69-1604-28093,NA,2024/06/22 04:27:22.608,5040.600000000000364,5081.500000000000000,-1,2.099200000000000,NA,0.079900000000000,NA,NA,12,484753 487450 486916 486914 486918 486912 486909 488550 486915 486917,10,484753 487450 486916 486914 486918 486912,6,-88.295527500000006,30.387051799999998,2024/06/22 04:27:22.608,2024/06/21 23:27:22.608,
32,44708,A69-1604-28093,NA,2024/06/22 04:30:05.977,5039.840000000000146,5082.300000000000182,-1,2.024400000000000,NA,0.170800000000000,NA,NA,12,484753 487450 486916 486914 486918 486919 486912 486909 488550 486917,10,484753 487450 486916 486914 486918 486919,6,-88.295535500000000,30.387059000000001,2024/06/22 04:30:05.977,2024/06/21 23:30:05.977,
33,44718,A69-1604-28093,NA,2024/06/22 04:32:29.240,5039.010000000000218,5080.699999999999818,-1,2.003300000000000,NA,0.075200000000000,NA,NA,12,484753 487450 486916 486914 486918 486919 486912 486909 488550 486915 486917,11,484753 487450 486916 486914 486918 486919,6,-88.295544100000001,30.387044700000001,2024/06/22 04:32:29.240,2024/06/21 23:32:29.240,
34,44730,A69-1604-28093,NA,2024/06/22 04:35:12.118,5038.960000000000036,5080.840000000000146,-1,2.327800000000000,NA,0.128000000000000,NA,NA,8,484753 487450 486916 486914 486919 486912 488550 486915 486917,9,484753 487450 486916 486914 486919 486912,6,-88.295544699999994,30.387045799999999,2024/06/22 04:35:12.118,2024/06/21 23:35:12.118,
35,44756,A69-1604-28093,NA,2024/06/22 04:40:14.514,5039.029999999999745,5081.689999999999600,-1,2.024100000000000,NA,0.074900000000000,NA,NA,12,484753 487450 486916 486914 486918 486919 486912 486909 488550 486915 486917,11,484753 487450 486916 486914 486918 486919,6,-88.295543899999998,30.387053600000002,2024/06/22 04:40:14.514,2024/06/21 23:40:14.514,
36,44817,A69-1604-28093,NA,2024/06/22 04:50:47.150,5043.989999999999782,5090.180000000000291,-1,2.271400000000000,NA,0.091300000000000,NA,NA,7,484753 487450 486916 486914 486919 486912 486918 488550 486909,9,484753 487450 486916 486914 486919 486912,6,-88.295492300000006,30.387130200000001,2024/06/22 04:50:47.150,2024/06/21 23:50:47.150,
37,44829,A69-1604-28093,NA,2024/06/22 04:53:22.076,5042.600000000000364,5088.350000000000364,-1,2.247500000000000,NA,0.118800000000000,NA,NA,11,484753 487450 486916 486914 486919 486918 486912 488550 486909 486915 486917,11,484753 487450 486916 486914 486919 486918,6,-88.295506700000004,30.387113599999999,2024/06/22 04:53:22.076,2024/06/21 23:53:22.076,
38,44839,A69-1604-28093,NA,2024/06/22 04:55:28.239,5045.699999999999818,5085.840000000000146,-1,2.201400000000000,NA,0.143800000000000,NA,NA,11,484753 487450 486916 486914 486919 486918 486912 488550 486909 486915 486917,11,484753 487450 486916 486914 486919 486918,6,-88.295474499999997,30.387091000000002,2024/06/22 04:55:28.239,2024/06/21 23:55:28.239,
39,44862,A69-1604-28093,NA,2024/06/22 04:59:50.121,5042.770000000000437,5085.510000000000218,-1,2.160900000000000,NA,0.008800000000000,NA,NA,11,484753 487450 486916 486914 486919 486918 486912 488550 486909 486917,10,484753 487450 486916 486914 486919 486918,6,-88.295505000000006,30.387087999999999,2024/06/22 04:59:50.121,2024/06/21 23:59:50.121,
40,44889,A69-1604-28093,NA,2024/06/22 05:04:56.270,5040.399999999999636,5082.949999999999818,-1,2.024000000000000,NA,0.027500000000000,NA,NA,12,484753 487450 486916 486914 486919 486918 486912 486909 488550 486915 486917,11,484753 487450 486916 486914 486919 486918,6,-88.295529700000003,30.387064899999999,2024/06/22 05:04:56.270,2024/06/22 00:04:56.270,
41,44901,A69-1604-28093,NA,2024/06/22 05:07:18.329,5042.350000000000364,5087.329999999999927,-1,2.209500000000000,NA,0.054400000000000,NA,NA,11,484753 487450 486916 486914 486919 486918 486912 488550 486915 486917,10,484753 487450 486916 486914 486919 486918,6,-88.295509400000000,30.387104399999998,2024/06/22 05:07:18.329,2024/06/22 00:07:18.329,
42,44926,A69-1604-28093,NA,2024/06/22 05:12:16.497,5047.010000000000218,5098.579999999999927,-1,2.384100000000000,NA,0.571900000000000,NA,NA,7,484753 487450 486914 486916 488550 486919 486912 486918 486909 486915 486917,11,484753 487450 486914 486916 488550 486919,6,-88.295460899999995,30.387205900000001,2024/06/22 05:12:16.497,2024/06/22 00:12:16.497,
50,54687,A69-1604-28093,NA,2024/06/23 21:03:39.686,5000.649999999999636,5144.000000000000000,-1,7.274800000000000,NA,0.090500000000000,NA,NA,7,488550 486914 487450 484753 486916,5,488550 486914 487450 484753 486916,5,-88.295943199999996,30.387615600000000,2024/06/23 21:03:39.686,2024/06/23 16:03:39.686,
57,54905,A69-1604-28093,NA,2024/06/23 22:00:52.101,5014.460000000000036,5109.640000000000327,-1,8.323600000000004,NA,0.000000000000000,NA,NA,1,487450 486912 488550,3,487450 486912 488550,3,-88.295799500000001,30.387305699999999,2024/06/23 22:00:52.101,2024/06/23 17:00:52.101,
60,55118,A69-1604-28093,NA,2024/06/23 23:00:34.864,5041.670000000000073,5081.619999999999891,-1,1.990800000000000,NA,0.132300000000000,NA,NA,12,484753 487450 486916 486914 486919 486918 486909 486917,8,484753 487450 486916 486914 486919 486918,6,-88.295516399999997,30.387053000000002,2024/06/23 23:00:34.864,2024/06/23 18:00:34.864,
61,55126,A69-1604-28093,NA,2024/06/23 23:03:29.450,5023.600000000000364,5097.529999999999745,-1,5.316800000000000,NA,0.185600000000000,NA,NA,4,487450 484753 486914 486918 486909,5,487450 484753 486914 486918 486909,5,-88.295704499999999,30.387196500000002,2024/06/23 23:03:29.450,2024/06/23 18:03:29.450,
62,55135,A69-1604-28093,NA,2024/06/23 23:06:15.168,5002.220000000000255,5094.380000000000109,-1,2.312700000000000,NA,0.167400000000000,NA,NA,8,487450 486912 486914 486915 486918 486909,6,487450 486912 486914 486915 486918 486909,6,-88.295926899999998,30.387168100000000,2024/06/23 23:06:15.168,2024/06/23 18:06:15.168,
63,55145,A69-1604-28093,NA,2024/06/23 23:08:42.860,5038.140000000000327,5097.159999999999854,-1,2.288400000000000,NA,0.289900000000000,NA,NA,9,484753 487450 486914 486916 488550 486918 486909 486917,8,484753 487450 486914 486916 488550 486918,6,-88.295553200000001,30.387193100000001,2024/06/23 23:08:42.860,2024/06/23 18:08:42.860,
65,55170,A69-1604-28093,NA,2024/06/23 23:16:29.827,5051.649999999999636,5100.399999999999636,-1,5.351400000000000,NA,0.224900000000000,NA,NA,2,484753 486914 486916 486919 486918,5,486914 486916 486919 486918,4,-88.295412600000006,30.387222300000001,2024/06/23 23:16:29.827,2024/06/23 18:16:29.827,
66,55178,A69-1604-28093,NA,2024/06/23 23:18:57.524,5061.260000000000218,5102.680000000000291,-1,12.959300000000001,NA,0.216800000000000,NA,NA,1,484753 486914 486916 486919 486909,5,486914 486919 486909,3,-88.295312600000003,30.387242900000000,2024/06/23 23:18:57.524,2024/06/23 18:18:57.524,
67,55186,A69-1604-28093,NA,2024/06/23 23:21:49.065,5047.789999999999964,5113.720000000000255,-1,3.607200000000000,NA,0.179100000000000,NA,NA,5,486914 484753 487450 486916 488550,5,486914 484753 487450 486916 488550,5,-88.295452800000007,30.387342499999999,2024/06/23 23:21:49.065,2024/06/23 18:21:49.065,
68,55196,A69-1604-28093,NA,2024/06/23 23:24:28.691,5017.609999999999673,5112.279999999999745,-1,3.934900000000000,NA,0.043400000000000,NA,NA,4,487450 486914 488550 484753,4,487450 486914 488550 484753,4,-88.295766799999996,30.387329500000000,2024/06/23 23:24:28.691,2024/06/23 18:24:28.691,
69,55215,A69-1604-28093,NA,2024/06/23 23:29:11.472,5045.170000000000073,5093.670000000000073,-1,2.806700000000000,NA,0.488400000000000,NA,NA,9,484753 487450 486916 486914 488550 486909,6,484753 487450 486916 486914 488550 486909,6,-88.295480100000006,30.387161599999999,2024/06/23 23:29:11.472,2024/06/23 18:29:11.472,
71,55232,A69-1604-28093,NA,2024/06/23 23:34:40.561,5034.819999999999709,5078.819999999999709,-1,2.390600000000000,NA,0.035900000000000,NA,NA,10,487450 484753 486916 486914 486918 486919 486909 486917,8,487450 484753 486916 486914 486918 486919,6,-88.295587699999999,30.387027600000000,2024/06/23 23:34:40.561,2024/06/23 18:34:40.561,
72,55245,A69-1604-28093,NA,2024/06/23 23:36:53.287,5027.539999999999964,5081.970000000000255,-1,4.919300000000000,NA,0.225700000000000,NA,NA,10,487450 484753 486916 486918 486909 486917,6,487450 484753 486916 486918 486909 486917,6,-88.295663399999995,30.387056000000001,2024/06/23 23:36:53.287,2024/06/23 18:36:53.287,
73,55254,A69-1604-28093,NA,2024/06/23 23:39:15.137,5034.739999999999782,5082.529999999999745,-1,2.491800000000000,NA,0.053100000000000,NA,NA,10,487450 484753 486916 486914 486918 486919 486912 486909 486917,9,487450 484753 486916 486914 486918 486919,6,-88.295588499999994,30.387061100000000,2024/06/23 23:39:15.137,2024/06/23 18:39:15.137,
77,55296,A69-1604-28093,NA,2024/06/23 23:49:33.308,5011.970000000000255,5057.590000000000146,-1,2.165000000000000,NA,0.141800000000000,NA,NA,12,487450 486918 486916 486909 486915 486912 486917 486914,8,487450 486918 486916 486909 486915 486912,6,-88.295825500000007,30.386836200000001,2024/06/23 23:49:33.308,2024/06/23 18:49:33.308,
79,55329,A69-1604-28093,NA,2024/06/23 23:57:22.615,5035.560000000000400,5050.140000000000327,-1,2.215500000000000,NA,0.180900000000000,NA,NA,14,486916 486918 486909 486915 486912 486917,6,486916 486918 486909 486915 486912 486917,6,-88.295580000000001,30.386768900000000,2024/06/23 23:57:22.615,2024/06/23 18:57:22.615,
81,55357,A69-1604-28093,NA,2024/06/24 00:04:38.879,5009.180000000000291,5057.750000000000000,-1,2.253300000000000,NA,0.175500000000000,NA,NA,12,487450 486918 486916 486909 486915 484753 486912 486917,8,487450 486918 486916 486909 486915 484753,6,-88.295854500000004,30.386837600000000,2024/06/24 00:04:38.879,2024/06/23 19:04:38.879,
84,55388,A69-1604-28093,NA,2024/06/24 00:12:33.545,5039.039999999999964,5081.020000000000437,-1,2.038500000000000,NA,0.217000000000000,NA,NA,12,484753 487450 486916 486914 486918 486919 486912 486909 488550 486915,10,484753 487450 486916 486914 486918 486919,6,-88.295543800000004,30.387047500000001,2024/06/24 00:12:33.545,2024/06/23 19:12:33.545,
85,55403,A69-1604-28093,NA,2024/06/24 00:17:02.542,5037.289999999999964,5079.149999999999636,-1,2.281400000000000,NA,0.205700000000000,NA,NA,14,487450 484753 486916 486914 486918 486909 486915,7,487450 484753 486916 486914 486918 486909,6,-88.295562000000004,30.387030700000000,2024/06/24 00:17:02.542,2024/06/23 19:17:02.542,
86,55423,A69-1604-28093,NA,2024/06/24 00:22:35.830,5031.460000000000036,5081.869999999999891,-1,2.621300000000000,NA,0.238200000000000,NA,NA,10,487450 484753 486916 486914 486918 486919 486909,7,487450 484753 486916 486914 486918 486919,6,-88.295622600000002,30.387055199999999,2024/06/24 00:22:35.830,2024/06/23 19:22:35.830,
87,55451,A69-1604-28093,NA,2024/06/24 00:28:26.422,5050.239999999999782,5093.470000000000255,-1,2.954600000000000,NA,0.187300000000000,NA,NA,10,484753 486916 487450 486914 488550 486918 486915,7,484753 486916 487450 486914 488550 486918,6,-88.295427300000000,30.387159799999999,2024/06/24 00:28:26.422,2024/06/23 19:28:26.422,
88,55460,A69-1604-28093,NA,2024/06/24 00:31:07.939,5039.210000000000036,5089.609999999999673,-1,2.397400000000000,NA,0.138400000000000,NA,NA,12,484753 487450 486916 486914 486918 488550 486909 486915 486917,9,484753 487450 486916 486914 486918 488550,6,-88.295542100000006,30.387125000000001,2024/06/24 00:31:07.939,2024/06/23 19:31:07.939,
89,55467,A69-1604-28093,NA,2024/06/24 00:33:27.202,5027.640000000000327,5095.149999999999636,-1,4.467900000000000,NA,0.063700000000000,NA,NA,3,484753 486914 486918 486915,4,484753 486914 486918 486915,4,-88.295662399999998,30.387174999999999,2024/06/24 00:33:27.202,2024/06/23 19:33:27.202,
90,55489,A69-1604-28093,NA,2024/06/24 00:38:08.559,5010.539999999999964,5092.510000000000218,-1,2.552700000000000,NA,0.194000000000000,NA,NA,9,487450 486912 484753 486914 486916 486918 486915 486909 486919,9,486912 484753 486914 486916 486918,5,-88.295840299999995,30.387151200000002,2024/06/24 00:38:08.559,2024/06/23 19:38:08.559,
91,55496,A69-1604-28093,NA,2024/06/24 00:40:17.551,5014.970000000000255,5106.359999999999673,-1,2.107600000000000,NA,0.203400000000000,NA,NA,12,487450 486912 486914 484753 488550 486916 486915 486918 486919 486909 486917,11,487450 486912 486914 484753 488550 486916,6,-88.295794200000003,30.387276100000001,2024/06/24 00:40:17.551,2024/06/23 19:40:17.551,
92,55507,A69-1604-28093,NA,2024/06/24 00:42:31.678,5006.859999999999673,5101.859999999999673,-1,2.187900000000000,NA,0.235700000000000,NA,NA,13,487450 486912 488550 486914 484753 486915 486918 486919,8,487450 486912 488550 486914 484753 486915,6,-88.295878599999995,30.387235499999999,2024/06/24 00:42:31.678,2024/06/23 19:42:31.678,
93,55547,A69-1604-28093,NA,2024/06/24 00:52:58.775,4962.579999999999927,5077.729999999999563,-1,2.863500000000000,NA,0.073300000000000,NA,NA,11,486915 486912 487450 486918 484753 486909 486916 486919,8,486915 486912 487450 486918 484753 486909,6,-88.296339399999994,30.387017799999999,2024/06/24 00:52:58.775,2024/06/23 19:52:58.775,
94,55560,A69-1604-28093,NA,2024/06/24 00:55:36.074,4926.130000000000109,5060.699999999999818,-1,9.879600000000000,NA,0.251900000000000,NA,NA,7,486915 486917 486912 486918 487450 486909 486916,7,486917 486912 486918 487450 486909,5,-88.296718499999997,30.386864200000002,2024/06/24 00:55:36.074,2024/06/23 19:55:36.074,
129,62127,A69-1604-28093,NA,2024/06/25 04:56:22.565,4915.539999999999964,5043.130000000000109,-1,13.574400000000001,NA,0.074800000000000,NA,NA,9,486915 486917 486918 486912 487450 486909 486916 484753 486914 486919,10,486915 486917 486918 486912 487450 486909,6,-88.296828800000000,30.386705700000000,2024/06/25 04:56:22.565,2024/06/24 23:56:22.565,
132,62170,A69-1604-28093,NA,2024/06/25 05:05:22.970,4932.380000000000109,5043.859999999999673,-1,13.241000000000000,NA,0.166300000000000,NA,NA,8,486915 486917 486918 487450 486909 486919,6,486915 486917 486918 487450 486909 486919,6,-88.296653599999999,30.386712299999999,2024/06/25 05:05:22.970,2024/06/25 00:05:22.970,
133,62184,A69-1604-28093,NA,2024/06/25 05:08:14.532,4948.010000000000218,5051.329999999999927,-1,7.200600000000000,NA,0.080600000000000,NA,NA,2,486915 486917 486918 486912,4,486915 486917 486918 486912,4,-88.296491000000003,30.386779700000002,2024/06/25 05:08:14.532,2024/06/25 00:08:14.532,
134,62198,A69-1604-28093,NA,2024/06/25 05:10:53.940,4966.939999999999600,5062.979999999999563,-1,2.593700000000000,NA,0.261200000000000,NA,NA,9,486915 486918 486912 486917 486909 486919,6,486915 486918 486912 486917 486909 486919,6,-88.296294000000003,30.386884800000001,2024/06/25 05:10:53.940,2024/06/25 00:10:53.940,
135,62206,A69-1604-28093,NA,2024/06/25 05:13:08.982,4988.909999999999854,5077.529999999999745,-1,2.067500000000000,NA,0.130100000000000,NA,NA,13,487450 486912 486915 486918 484753 486916 486914 486909 486917 486919,10,487450 486912 486915 486918 484753 486916,6,-88.296065400000003,30.387015999999999,2024/06/25 05:13:08.982,2024/06/25 00:13:08.982,
141,62320,A69-1604-28093,NA,2024/06/25 05:38:03.048,5027.470000000000255,5049.430000000000291,-1,1.971400000000000,NA,0.117700000000000,NA,NA,17,486918 487450 486916 486909 484753 486919 486915 486912 486917 486914,10,486918 487450 486916 486909 484753 486919,6,-88.295664200000004,30.386762600000001,2024/06/25 05:38:03.048,2024/06/25 00:38:03.048,
158,62635,A69-1604-28093,NA,2024/06/25 06:43:43.653,5024.189999999999600,5049.579999999999927,-1,2.393300000000000,NA,0.183500000000000,NA,NA,8,486909 486919 486912 486917 488550,5,486909 486919 486912 486917 488550,5,-88.295698299999998,30.386763899999998,2024/06/25 06:43:43.653,2024/06/25 01:43:43.653,
173,63037,A69-1604-28093,NA,2024/06/25 08:04:23.340,5043.779999999999745,5086.149999999999636,-1,2.193000000000000,NA,0.146400000000000,NA,NA,11,484753 487450 486916 486914 486919 486918 486912 488550 486909 486915 486917,11,484753 487450 486916 486914 486919 486918,6,-88.295494500000004,30.387093799999999,2024/06/25 08:04:23.340,2024/06/25 03:04:23.340,
174,63049,A69-1604-28093,NA,2024/06/25 08:06:59.220,5043.270000000000437,5086.060000000000400,-1,2.171500000000000,NA,0.039900000000000,NA,NA,11,484753 487450 486916 486914 486919 486918 486912 488550 486909 486915 486917,11,484753 487450 486916 486914 486919 486918,6,-88.295499800000002,30.387093000000000,2024/06/25 08:06:59.220,2024/06/25 03:06:59.220,
175,63059,A69-1604-28093,NA,2024/06/25 08:09:07.472,5042.760000000000218,5086.140000000000327,-1,2.188500000000000,NA,0.343700000000000,NA,NA,11,484753 487450 486916 486914 486919 486918 486912 488550 486915 486917,10,484753 487450 486916 486914 486919 486918,6,-88.295505100000000,30.387093700000001,2024/06/25 08:09:07.472,2024/06/25 03:09:07.472,
176,63072,A69-1604-28093,NA,2024/06/25 08:11:20.183,5038.880000000000109,5086.439999999999600,-1,2.127900000000000,NA,0.107200000000000,NA,NA,12,484753 487450 486916 486914 486918 486919 486912 488550 486909 486915 486917,11,484753 487450 486916 486914 486918 486919,6,-88.295545399999995,30.387096400000001,2024/06/25 08:11:20.183,2024/06/25 03:11:20.183,
177,63089,A69-1604-28093,NA,2024/06/25 08:13:41.777,5029.090000000000146,5112.949999999999818,-1,2.021000000000000,NA,0.172300000000000,NA,NA,12,486914 487450 484753 488550 486912 486916 486918 486915 486919 486909 486917,11,486914 487450 484753 488550 486912 486916,6,-88.295647299999999,30.387335499999999,2024/06/25 08:13:41.777,2024/06/25 03:13:41.777,
267,70690,A69-1604-28093,NA,2024/06/26 14:39:30.733,4976.409999999999854,5105.939999999999600,-1,5.868100000000000,NA,0.405800000000000,NA,NA,5,486912 487450 486915 486914 486918,5,486912 487450 486915 486914 486918,5,-88.296195400000002,30.387272299999999,2024/06/26 14:39:30.733,2024/06/26 09:39:30.733,
333,86845,A69-1604-28093,NA,2024/06/29 23:55:49.043,4998.609999999999673,5105.229999999999563,-1,4.028200000000000,NA,0.160200000000000,NA,NA,8,487450 486912 484753 486918 486916 486909,6,486912 484753 486918 486916 486909,5,-88.295964499999997,30.387265899999999,2024/06/29 23:55:49.043,2024/06/29 18:55:49.043,
334,86855,A69-1604-28093,NA,2024/06/29 23:58:19.073,5023.079999999999927,5099.960000000000036,-1,3.707200000000000,NA,0.140700000000000,NA,NA,9,487450 484753 486914 486916 486918 486919 486909,7,487450 484753 486914 486916 486918 486919,6,-88.295709799999997,30.387218399999998,2024/06/29 23:58:19.073,2024/06/29 18:58:19.073,
335,86864,A69-1604-28093,NA,2024/06/30 00:01:15.329,5035.699999999999818,5126.260000000000218,-1,3.196700000000000,NA,0.389000000000000,NA,NA,9,486914 484753 488550 487450 486916 486918,6,486914 484753 488550 487450 486916 486918,6,-88.295578599999999,30.387455599999999,2024/06/30 00:01:15.329,2024/06/29 19:01:15.329,
350,92766,A69-1604-28093,NA,2024/07/01 01:29:12.309,4913.579999999999927,5065.640000000000327,-1,14.277799999999999,NA,0.211000000000000,NA,NA,7,486915 486912 486917 486918 487450 486909 484753 486916,8,486912 486917 486918 487450 486909,5,-88.296849199999997,30.386908800000000,2024/07/01 01:29:12.309,2024/06/30 20:29:12.309,
355,93188,A69-1604-28093,NA,2024/07/01 02:56:38.014,4940.939999999999600,5081.319999999999709,-1,7.305900000000000,NA,0.146700000000000,NA,NA,8,486915 486912 487450 486918 486917 484753 486914 486909 486916 486919,10,486915 486912 487450 486918 486917 484753,6,-88.296564500000002,30.387050200000001,2024/07/01 02:56:38.014,2024/06/30 21:56:38.014,
356,93207,A69-1604-28093,NA,2024/07/01 02:59:40.119,4944.869999999999891,5083.210000000000036,-1,7.129700000000000,NA,0.155600000000000,NA,NA,7,486915 486912 487450 486918 486917 486914 486909,7,486915 486912 487450 486918 486917 486914,6,-88.296523600000000,30.387067200000001,2024/07/01 02:59:40.119,2024/06/30 21:59:40.119,
357,93236,A69-1604-28093,NA,2024/07/01 03:05:38.431,4939.489999999999782,5078.210000000000036,-1,7.570800000000000,NA,0.163200000000000,NA,NA,8,486915 486912 487450 486917 486918 486909 484753 488568,8,486915 486912 487450 486917 486918 486909,6,-88.296579600000001,30.387022099999999,2024/07/01 03:05:38.431,2024/06/30 22:05:38.431,
410,98603,A69-1604-28093,NA,2024/07/02 00:30:54.149,5007.939999999999600,5150.149999999999636,-1,11.316400000000000,NA,0.452100000000000,NA,NA,2,488550 486914 486912 486916,4,488550 486914 486912 486916,4,-88.295867400000006,30.387671099999999,2024/07/02 00:30:54.149,2024/07/01 19:30:54.149,
423,99154,A69-1604-28093,NA,2024/07/02 02:28:02.509,4975.729999999999563,5103.819999999999709,-1,3.235400000000000,NA,0.305900000000000,NA,NA,11,486912 487450 486915 486914 486918 484753 486916 486917 486909 486919,10,486912 487450 486915 486914 486918 484753,6,-88.296202500000007,30.387253200000000,2024/07/02 02:28:02.509,2024/07/01 21:28:02.509,
424,99205,A69-1604-28093,NA,2024/07/02 02:39:32.504,4952.670000000000073,5079.159999999999854,-1,4.287400000000000,NA,0.195100000000000,NA,NA,10,486915 486912 487450 486918 486917 484753 486914,7,486915 486912 487450 486918 486917 484753,6,-88.296442400000004,30.387030700000000,2024/07/02 02:39:32.504,2024/07/01 21:39:32.504,
425,99214,A69-1604-28093,NA,2024/07/02 02:41:51.992,4941.529999999999745,5078.699999999999818,-1,10.718800000000000,NA,0.156100000000000,NA,NA,2,486915 486912 486918 486917 486909,5,486912 486918 486917 486909,4,-88.296558399999995,30.387026599999999,2024/07/02 02:41:51.992,2024/07/01 21:41:51.992,
426,99236,A69-1604-28093,NA,2024/07/02 02:46:34.491,4931.770000000000437,5082.560000000000400,-1,10.885800000000000,NA,0.157600000000000,NA,NA,7,486915 486912 487450 486917 486918 486914 486909 486916,8,486915 486912 487450 486917 486918 486914,6,-88.296659899999995,30.387061400000000,2024/07/02 02:46:34.491,2024/07/01 21:46:34.491,
493,103566,A69-1604-28093,NA,2024/07/02 19:44:48.919,5045.329999999999927,5051.649999999999636,-1,1.918800000000000,NA,0.087400000000000,NA,NA,16,486916 486919 484753 487450 486918 486909 486917,7,486916 486919 484753 487450 486918 486909,6,-88.295478399999993,30.386782600000000,2024/07/02 19:44:48.919,2024/07/02 14:44:48.919,
496,103612,A69-1604-28093,NA,2024/07/02 19:57:14.387,5058.359999999999673,5080.449999999999818,-1,2.768000000000000,NA,0.163700000000000,NA,NA,8,484753 486916 487450 486919 486914 486918 486909 486915 486917,9,484753 486916 487450 486919 486914 486918,6,-88.295342700000006,30.387042399999999,2024/07/02 19:57:14.387,2024/07/02 14:57:14.387,
497,103637,A69-1604-28093,NA,2024/07/02 20:03:55.817,5073.520000000000437,5099.050000000000182,-1,8.181500000000000,NA,0.813400000000000,NA,NA,4,484753 486916 486914 486919 486918 486909,6,486914 486919 486918 486909,4,-88.295185000000004,30.387210199999998,2024/07/02 20:03:55.817,2024/07/02 15:03:55.817,
498,103650,A69-1604-28093,NA,2024/07/02 20:08:04.385,5059.479999999999563,5075.199999999999818,-1,2.689400000000000,NA,0.141600000000000,NA,NA,8,486916 484753 487450 486919 486914 486918 486909 486915 486917,9,486916 484753 487450 486919 486914 486918,6,-88.295331099999999,30.386994999999999,2024/07/02 20:08:04.385,2024/07/02 15:08:04.385,
500,103676,A69-1604-28093,NA,2024/07/02 20:14:25.913,5035.680000000000291,5086.880000000000109,-1,2.778300000000000,NA,0.267900000000000,NA,NA,13,487450 484753 486916 486914 486918 486909,6,487450 484753 486916 486914 486918 486909,6,-88.295578800000001,30.387100300000000,2024/07/02 20:14:25.913,2024/07/02 15:14:25.913,
501,103684,A69-1604-28093,NA,2024/07/02 20:16:41.433,5031.420000000000073,5101.300000000000182,-1,2.388100000000000,NA,0.191500000000000,NA,NA,10,487450 484753 486914 486916 486918 486915 486909 486917,8,487450 484753 486914 486916 486918 486915,6,-88.295623100000000,30.387230400000000,2024/07/02 20:16:41.433,2024/07/02 15:16:41.433,
502,103723,A69-1604-28093,NA,2024/07/02 20:24:38.655,5020.220000000000255,5073.229999999999563,-1,2.452800000000000,NA,0.486200000000000,NA,NA,10,487450 484753 486916 486918 486912 486914 486909 486915 486917,9,487450 484753 486916 486918 486912 486914,6,-88.295739600000005,30.386977200000000,2024/07/02 20:24:38.655,2024/07/02 15:24:38.655,
503,103731,A69-1604-28093,NA,2024/07/02 20:26:52.314,5012.470000000000255,5070.630000000000109,-1,2.651600000000000,NA,0.150400000000000,NA,NA,13,487450 486918 484753 486916 486915 486909 486914 486917,8,487450 486918 484753 486916 486915 486909,6,-88.295820300000003,30.386953800000001,2024/07/02 20:26:52.314,2024/07/02 15:26:52.314,
504,103755,A69-1604-28093,NA,2024/07/02 20:34:23.372,5027.810000000000400,5077.939999999999600,-1,2.823600000000000,NA,0.183800000000000,NA,NA,9,487450 484753 486916 486918 486914 486919 486909 486915,8,487450 484753 486916 486918 486914 486919,6,-88.295660699999999,30.387019700000000,2024/07/02 20:34:23.372,2024/07/02 15:34:23.372,
505,103765,A69-1604-28093,NA,2024/07/02 20:37:07.213,5026.810000000000400,5073.649999999999636,-1,2.302000000000000,NA,0.298400000000000,NA,NA,11,487450 484753 486916 486918 486914 486912 486919 486909 486917,9,487450 484753 486916 486918 486914 486912,6,-88.295670999999999,30.386980999999999,2024/07/02 20:37:07.213,2024/07/02 15:37:07.213,
506,103775,A69-1604-28093,NA,2024/07/02 20:39:31.174,5033.850000000000364,5075.310000000000400,-1,2.188900000000000,NA,0.425500000000000,NA,NA,11,487450 484753 486916 486918 486914 486919 486909 486912 486915 488550 486917,11,487450 484753 486916 486918 486914 486919,6,-88.295597799999996,30.386996000000000,2024/07/02 20:39:31.174,2024/07/02 15:39:31.174,
507,103788,A69-1604-28093,NA,2024/07/02 20:42:15.462,5038.380000000000109,5080.260000000000218,-1,2.016900000000000,NA,0.059600000000000,NA,NA,12,487450 484753 486916 486914 486918 486919 486909 486915 486917,9,487450 484753 486916 486914 486918 486919,6,-88.295550700000007,30.387040599999999,2024/07/02 20:42:15.462,2024/07/02 15:42:15.462,
508,103799,A69-1604-28093,NA,2024/07/02 20:44:40.582,5031.430000000000291,5078.640000000000327,-1,2.508800000000000,NA,0.110700000000000,NA,NA,10,487450 484753 486916 486918 486914 486919 486909,7,487450 484753 486916 486918 486914 486919,6,-88.295623000000006,30.387025999999999,2024/07/02 20:44:40.582,2024/07/02 15:44:40.582,
509,103806,A69-1604-28093,NA,2024/07/02 20:47:27.259,5034.699999999999818,5073.460000000000036,-1,2.165700000000000,NA,0.157000000000000,NA,NA,11,487450 484753 486916 486918 486919 486914 486909 486915,8,487450 484753 486916 486918 486919 486914,6,-88.295588899999998,30.386979300000000,2024/07/02 20:47:27.259,2024/07/02 15:47:27.259,
512,103846,A69-1604-28093,NA,2024/07/02 20:55:39.710,5029.050000000000182,5076.520000000000437,-1,2.560900000000000,NA,0.044400000000000,NA,NA,10,487450 484753 486916 486918 486914 486919 486909,7,487450 484753 486916 486918 486914 486919,6,-88.295647799999998,30.387006899999999,2024/07/02 20:55:39.710,2024/07/02 15:55:39.710,
519,103950,A69-1604-28093,NA,2024/07/02 21:26:39.845,5031.180000000000291,5049.010000000000218,-1,1.927800000000000,NA,0.043000000000000,NA,NA,17,486918 486916 487450 486909 484753 486919 486915 486914 486917,9,486918 486916 487450 486909 484753 486919,6,-88.295625599999994,30.386758700000001,2024/07/02 21:26:39.845,2024/07/02 16:26:39.845,
521,103987,A69-1604-28093,NA,2024/07/02 21:36:56.333,5033.359999999999673,5072.270000000000437,-1,2.174800000000000,NA,0.074000000000000,NA,NA,11,487450 484753 486916 486918 486919 486914 486909 486915 486917,9,487450 484753 486916 486918 486919 486914,6,-88.295602900000006,30.386968599999999,2024/07/02 21:36:56.333,2024/07/02 16:36:56.333,
522,103997,A69-1604-28093,NA,2024/07/02 21:39:49.968,5037.869999999999891,5083.000000000000000,-1,2.146900000000000,NA,0.168700000000000,NA,NA,12,487450 484753 486916 486914 486918 486915 486917,7,487450 484753 486916 486914 486918 486915,6,-88.295556000000005,30.387065300000000,2024/07/02 21:39:49.968,2024/07/02 16:39:49.968,
523,104022,A69-1604-28093,NA,2024/07/02 21:44:57.747,5047.180000000000291,5093.630000000000109,-1,2.495000000000000,NA,0.082600000000000,NA,NA,8,484753 487450 486916 486914 486919 486918 486909 486917,8,484753 487450 486916 486914 486919 486918,6,-88.295459100000002,30.387161200000001,2024/07/02 21:44:57.747,2024/07/02 16:44:57.747,
524,104029,A69-1604-28093,NA,2024/07/02 21:47:42.041,5017.600000000000364,5090.039999999999964,-1,2.747100000000000,NA,0.278900000000000,NA,NA,10,487450 484753 486914 486916 486918 486915 486919 486909 486917,9,487450 484753 486914 486916 486918 486915,6,-88.295766900000004,30.387128900000000,2024/07/02 21:47:42.041,2024/07/02 16:47:42.041,
525,104049,A69-1604-28093,NA,2024/07/02 21:52:53.780,5020.930000000000291,5072.430000000000291,-1,2.917400000000000,NA,0.170100000000000,NA,NA,11,487450 484753 486916 486918 486914 486909 486915 486919 486917,9,487450 484753 486916 486918 486914 486909,6,-88.295732200000003,30.386970000000002,2024/07/02 21:52:53.780,2024/07/02 16:52:53.780,
526,104061,A69-1604-28093,NA,2024/07/02 21:55:23.352,5008.630000000000109,5074.100000000000364,-1,2.535100000000000,NA,0.127400000000000,NA,NA,10,487450 486918 484753 486916 486915 486914 486909 486917,8,487450 486918 484753 486916 486915 486914,6,-88.295860200000007,30.386985100000000,2024/07/02 21:55:23.352,2024/07/02 16:55:23.352,
527,104071,A69-1604-28093,NA,2024/07/02 21:58:18.631,5027.439999999999600,5073.069999999999709,-1,5.446100000000000,NA,1.273500000000000,NA,NA,4,486914 486912 486919 488550,4,486914 486912 486919 488550,4,-88.295664500000001,30.386975799999998,2024/07/02 21:58:18.631,2024/07/02 16:58:18.631,
528,104082,A69-1604-28093,NA,2024/07/02 22:01:05.510,5049.409999999999854,5068.609999999999673,-1,2.061900000000000,NA,0.129500000000000,NA,NA,15,486916 484753 487450 486919 486918 486909 486914 486915 486917,9,486916 484753 487450 486919 486918 486909,6,-88.295435900000001,30.386935500000000,2024/07/02 22:01:05.510,2024/07/02 17:01:05.510,
529,104095,A69-1604-28093,NA,2024/07/02 22:03:35.544,5058.090000000000146,5069.250000000000000,-1,2.304000000000000,NA,0.165100000000000,NA,NA,9,486916 484753 486919 487450 486918 486914 486909 486917,8,486916 484753 486919 487450 486918 486914,6,-88.295345600000005,30.386941300000000,2024/07/02 22:03:35.544,2024/07/02 17:03:35.544,
530,104105,A69-1604-28093,NA,2024/07/02 22:06:32.008,5056.930000000000291,5066.029999999999745,-1,2.452900000000000,NA,0.104300000000000,NA,NA,13,486916 484753 486919 487450 486918 486909 486914 486912 486915 486917,10,486916 484753 486919 487450 486918 486909,6,-88.295357600000003,30.386912299999999,2024/07/02 22:06:32.008,2024/07/02 17:06:32.008,
532,104131,A69-1604-28093,NA,2024/07/02 22:11:56.162,5063.590000000000146,5076.750000000000000,-1,3.212600000000000,NA,0.105300000000000,NA,NA,8,484753 486916 486919 487450 486914 486918 486909,7,484753 486916 486919 487450 486914 486918,6,-88.295288299999996,30.387008999999999,2024/07/02 22:11:56.162,2024/07/02 17:11:56.162,
533,104142,A69-1604-28093,NA,2024/07/02 22:14:02.313,5057.960000000000036,5074.430000000000291,-1,2.963600000000000,NA,0.278900000000000,NA,NA,10,486916 487450 486919 486914 486918 486909 486915 486917,8,486916 487450 486919 486914 486918 486909,6,-88.295347000000007,30.386988100000000,2024/07/02 22:14:02.313,2024/07/02 17:14:02.313,
534,104160,A69-1604-28093,NA,2024/07/02 22:18:24.892,5060.039999999999964,5077.210000000000036,-1,3.154800000000000,NA,0.192400000000000,NA,NA,10,486916 487450 486919 486914 486918 486909,6,486916 487450 486919 486914 486918 486909,6,-88.295325300000002,30.387013100000001,2024/07/02 22:18:24.892,2024/07/02 17:18:24.892,
536,104195,A69-1604-28093,NA,2024/07/02 22:25:57.616,5056.529999999999745,5079.300000000000182,-1,7.377900000000000,NA,0.215900000000000,NA,NA,9,486916 487450 486919 486918 486909 486915 486917,7,486916 487450 486919 486918 486909 486915,6,-88.295361799999995,30.387032000000001,2024/07/02 22:25:57.616,2024/07/02 17:25:57.616,
537,104210,A69-1604-28093,NA,2024/07/02 22:28:43.329,5059.550000000000182,5079.199999999999818,-1,2.616600000000000,NA,0.048900000000000,NA,NA,9,484753 486916 487450 486919 486914 486918 486917,7,484753 486916 487450 486919 486914 486918,6,-88.295330399999997,30.387031100000002,2024/07/02 22:28:43.329,2024/07/02 17:28:43.329,
539,104241,A69-1604-28093,NA,2024/07/02 22:36:42.879,5050.029999999999745,5071.960000000000036,-1,2.019200000000000,NA,0.123000000000000,NA,NA,10,486916 484753 487450 486919 486918 486914 486909 486915 486917,9,486916 484753 487450 486919 486918 486914,6,-88.295429400000003,30.386965799999999,2024/07/02 22:36:42.879,2024/07/02 17:36:42.879,
558,104566,A69-1604-28093,NA,2024/07/02 23:52:32.428,5018.770000000000437,5063.119999999999891,-1,1.991300000000000,NA,0.072500000000000,NA,NA,14,487450 486918 486916 484753 486909 486912 486915 486919 486914 486917,10,487450 486918 486916 484753 486909 486912,6,-88.295754700000003,30.386886100000002,2024/07/02 23:52:32.428,2024/07/02 18:52:32.428,
560,104590,A69-1604-28093,NA,2024/07/02 23:57:16.853,5018.479999999999563,5064.539999999999964,-1,2.002100000000000,NA,0.097100000000000,NA,NA,14,487450 486918 486916 484753 486909 486912 486915 486919 486914 486917,10,487450 486918 486916 484753 486909 486912,6,-88.295757699999996,30.386898899999998,2024/07/02 23:57:16.853,2024/07/02 18:57:16.853,
569,104770,A69-1604-28093,NA,2024/07/03 00:36:06.421,5023.689999999999600,5069.319999999999709,-1,2.281100000000000,NA,0.039300000000000,NA,NA,17,487450 484753 486916 486918 486909 486919 486914,7,487450 484753 486916 486918 486909 486919,6,-88.295703599999996,30.386942000000001,2024/07/03 00:36:06.421,2024/07/02 19:36:06.421,
570,104783,A69-1604-28093,NA,2024/07/03 00:38:54.938,5015.539999999999964,5076.130000000000109,-1,4.681100000000000,NA,0.168100000000000,NA,NA,9,487450 484753 486918 486916 486914 486909 486917,7,487450 484753 486918 486916 486914 486909,6,-88.295788299999998,30.387003400000001,2024/07/03 00:38:54.938,2024/07/02 19:38:54.938,
572,104804,A69-1604-28093,NA,2024/07/03 00:44:31.038,5027.159999999999854,5098.890000000000327,-1,3.209000000000000,NA,0.182700000000000,NA,NA,9,487450 484753 486914 486916 486918 486919 486915 486917,8,487450 484753 486914 486916 486918 486919,6,-88.295667399999999,30.387208699999999,2024/07/03 00:44:31.038,2024/07/02 19:44:31.038,
573,104827,A69-1604-28093,NA,2024/07/03 00:50:33.560,5004.060000000000400,5097.850000000000364,-1,2.374900000000000,NA,0.109500000000000,NA,NA,11,487450 486912 484753 486914 486918 486916 486919,7,487450 486912 484753 486914 486918 486916,6,-88.295907700000001,30.387199299999999,2024/07/03 00:50:33.560,2024/07/02 19:50:33.560,
574,104841,A69-1604-28093,NA,2024/07/03 00:53:30.973,5027.340000000000146,5088.060000000000400,-1,2.212800000000000,NA,0.152800000000000,NA,NA,10,487450 484753 486916 486914 486912 486918 486915 486909,8,487450 484753 486916 486914 486912 486918,6,-88.295665600000007,30.387111000000001,2024/07/03 00:53:30.973,2024/07/02 19:53:30.973,
575,104852,A69-1604-28093,NA,2024/07/03 00:56:22.066,5038.560000000000400,5083.029999999999745,-1,2.112600000000000,NA,0.063300000000000,NA,NA,14,486916 486914 486918 486919 486912 486909 486917,7,486916 486914 486918 486919 486912 486909,6,-88.295548699999998,30.387065600000000,2024/07/03 00:56:22.066,2024/07/02 19:56:22.066,
576,104865,A69-1604-28093,NA,2024/07/03 00:59:00.762,5043.020000000000437,5092.449999999999818,-1,2.400000000000000,NA,0.227600000000000,NA,NA,9,484753 487450 486916 486914 486919 486918 486909 486915 486917,9,484753 487450 486916 486914 486919 486918,6,-88.295502400000004,30.387150599999998,2024/07/03 00:59:00.762,2024/07/02 19:59:00.762,
577,104882,A69-1604-28093,NA,2024/07/03 01:03:38.126,5052.460000000000036,5096.920000000000073,-1,3.175600000000000,NA,0.129900000000000,NA,NA,7,484753 486916 487450 486914 486919 486918 486909 486917,8,484753 486916 487450 486914 486919 486918,6,-88.295404099999999,30.387190900000000,2024/07/03 01:03:38.126,2024/07/02 20:03:38.126,
578,104891,A69-1604-28093,NA,2024/07/03 01:06:21.734,5052.890000000000327,5095.630000000000109,-1,4.463600000000000,NA,0.121900000000000,NA,NA,6,484753 486916 486914 486919 486918 486909 486915 486917,8,486916 486914 486919 486918 486909,5,-88.295399700000004,30.387179300000000,2024/07/03 01:06:21.734,2024/07/02 20:06:21.734,
579,104903,A69-1604-28093,NA,2024/07/03 01:08:45.229,5052.729999999999563,5098.689999999999600,-1,3.264700000000000,NA,0.191000000000000,NA,NA,7,484753 486914 486916 487450 486919 486918 486909 486917,8,484753 486914 486916 487450 486919 486918,6,-88.295401299999995,30.387206899999999,2024/07/03 01:08:45.229,2024/07/02 20:08:45.229,
580,104919,A69-1604-28093,NA,2024/07/03 01:13:51.572,5058.199999999999818,5099.199999999999818,-1,7.679500000000000,NA,0.000000000000000,NA,NA,1,486914 486919 486918,3,486914 486919 486918,3,-88.295344499999999,30.387211499999999,2024/07/03 01:13:51.572,2024/07/02 20:13:51.572,
581,104929,A69-1604-28093,NA,2024/07/03 01:16:33.769,5054.420000000000073,5106.000000000000000,-1,3.458400000000000,NA,0.041300000000000,NA,NA,11,486914 487450 486916 486919 486918 486909 486917,7,486914 487450 486916 486919 486918 486909,6,-88.295383799999996,30.387272899999999,2024/07/03 01:16:33.769,2024/07/02 20:16:33.769,
582,104942,A69-1604-28093,NA,2024/07/03 01:18:54.430,5048.199999999999818,5105.180000000000291,-1,2.747000000000000,NA,0.281700000000000,NA,NA,7,484753 486914 487450 486916 486919 486918 486909 486915 486917,9,484753 486914 487450 486916 486919 486918,6,-88.295448399999998,30.387265400000000,2024/07/03 01:18:54.430,2024/07/02 20:18:54.430,
583,104970,A69-1604-28093,NA,2024/07/03 01:26:03.671,5005.880000000000109,5115.039999999999964,-1,3.084900000000000,NA,0.243400000000000,NA,NA,12,487450 488550 486914 484753 486916 486918 486919,7,487450 488550 486914 484753 486916 486918,6,-88.295888899999994,30.387354400000000,2024/07/03 01:26:03.671,2024/07/02 20:26:03.671,
598,109084,A69-1604-28093,NA,2024/07/03 19:31:48.243,5049.579999999999927,5126.600000000000364,-1,4.404900000000000,NA,0.344600000000000,NA,NA,5,486914 484753 487450 488550 486916 486919 486918 486909 486917,9,486914 484753 487450 488550 486916 486919,6,-88.295434099999994,30.387458599999999,2024/07/03 19:31:48.243,2024/07/03 14:31:48.243,
599,109098,A69-1604-28093,NA,2024/07/03 19:34:35.104,5054.760000000000218,5115.600000000000364,-1,3.876900000000000,NA,0.195600000000000,NA,NA,7,486914 484753 487450 486916 486919 486918 486915,7,486914 484753 487450 486916 486919 486918,6,-88.295380300000005,30.387359400000001,2024/07/03 19:34:35.104,2024/07/03 14:34:35.104,
600,109109,A69-1604-28093,NA,2024/07/03 19:37:05.117,5055.949999999999818,5109.380000000000109,-1,3.805400000000000,NA,0.360700000000000,NA,NA,5,484753 486914 487450 486916 488550 486919 486912 486918 486909,9,484753 486914 487450 486916 488550 486919,6,-88.295367799999994,30.387303299999999,2024/07/03 19:37:05.117,2024/07/03 14:37:05.117,
601,109119,A69-1604-28093,NA,2024/07/03 19:40:01.562,5043.689999999999600,5089.210000000000036,-1,2.282100000000000,NA,0.086300000000000,NA,NA,11,484753 487450 486916 486914 486919 486918 486912 488550 486909 486915 486917,11,484753 487450 486916 486914 486919 486918,6,-88.295495399999993,30.387121400000002,2024/07/03 19:40:01.562,2024/07/03 14:40:01.562,
602,109128,A69-1604-28093,NA,2024/07/03 19:42:51.023,5043.020000000000437,5095.600000000000364,-1,2.154400000000000,NA,0.367400000000000,NA,NA,7,484753 487450 486916 486914 486919 486912 486918 486909 486917,9,484753 487450 486916 486914 486919 486912,6,-88.295502299999995,30.387179000000000,2024/07/03 19:42:51.023,2024/07/03 14:42:51.023,
603,109142,A69-1604-28093,NA,2024/07/03 19:45:26.214,5042.689999999999600,5084.510000000000218,-1,2.747500000000000,NA,0.085900000000000,NA,NA,17,486919 486918 486912 488550 486909 486915 486917,7,486919 486918 486912 488550 486909 486915,6,-88.295505899999995,30.387078899999999,2024/07/03 19:45:26.214,2024/07/03 14:45:26.214,
604,109148,A69-1604-28093,NA,2024/07/03 19:47:33.084,5040.859999999999673,5080.609999999999673,-1,1.964600000000000,NA,0.071300000000000,NA,NA,12,484753 487450 486916 486914 486919 486918 486909 486912 488550 486917,10,484753 487450 486916 486914 486919 486918,6,-88.295524799999995,30.387043800000001,2024/07/03 19:47:33.084,2024/07/03 14:47:33.084,
606,109163,A69-1604-28093,NA,2024/07/03 19:51:59.677,5034.970000000000255,5073.100000000000364,-1,2.140500000000000,NA,0.369000000000000,NA,NA,11,487450 484753 486916 486918 486919 486914 486909 486912 486915 486917,10,487450 484753 486916 486918 486919 486914,6,-88.295586200000002,30.386976099999998,2024/07/03 19:51:59.677,2024/07/03 14:51:59.677,
607,109172,A69-1604-28093,NA,2024/07/03 19:54:28.996,5039.100000000000364,5077.949999999999818,-1,1.950500000000000,NA,0.118900000000000,NA,NA,12,487450 484753 486916 486914 486918 486919 486909 486912 486917,9,487450 484753 486916 486914 486918 486919,6,-88.295543199999997,30.387019800000001,2024/07/03 19:54:28.996,2024/07/03 14:54:28.996,
608,109182,A69-1604-28093,NA,2024/07/03 19:57:24.084,5039.149999999999636,5081.409999999999854,-1,2.001700000000000,NA,0.118800000000000,NA,NA,12,484753 487450 486916 486914 486918 486919 486912 486909 488550 486917,10,484753 487450 486916 486914 486918 486919,6,-88.295542699999999,30.387051000000000,2024/07/03 19:57:24.084,2024/07/03 14:57:24.084,
609,109229,A69-1604-28093,NA,2024/07/03 20:10:54.298,5050.479999999999563,5091.989999999999782,-1,2.884000000000000,NA,0.084700000000000,NA,NA,7,484753 486916 487450 486914 486919 486918 486912 486909 486917,9,484753 486916 487450 486914 486919 486918,6,-88.295424800000006,30.387146500000000,2024/07/03 20:10:54.298,2024/07/03 15:10:54.298,
611,109261,A69-1604-28093,NA,2024/07/03 20:19:31.259,5044.239999999999782,5102.960000000000036,-1,2.052000000000000,NA,0.365400000000000,NA,NA,13,484753 486914 487450 486916 488550 486912 486919 486918 486915 486917,10,484753 486914 487450 486916 488550 486912,6,-88.295489700000005,30.387245400000001,2024/07/03 20:19:31.259,2024/07/03 15:19:31.259,
612,109269,A69-1604-28093,NA,2024/07/03 20:21:56.136,5061.149999999999636,5099.619999999999891,-1,8.497400000000004,NA,0.375900000000000,NA,NA,11,487450 486919 486912 486909 486915 486917,6,487450 486919 486912 486909 486915 486917,6,-88.295313800000002,30.387215300000001,2024/07/03 20:21:56.136,2024/07/03 15:21:56.136,
615,109398,A69-1604-28093,NA,2024/07/03 20:53:55.389,5019.729999999999563,5063.069999999999709,-1,2.445900000000000,NA,0.033900000000000,NA,NA,17,487450 486918 486916 484753 486909 486919 486915 486914 486917,9,487450 486918 486916 484753 486909 486919,6,-88.295744700000000,30.386885599999999,2024/07/03 20:53:55.389,2024/07/03 15:53:55.389,
626,109570,A69-1604-28093,NA,2024/07/03 21:37:09.204,5039.029999999999745,5083.340000000000146,-1,2.074800000000000,NA,0.138800000000000,NA,NA,12,484753 487450 486916 486914 486918 486919 486909 486917,8,484753 487450 486916 486914 486918 486919,6,-88.295543899999998,30.387068400000000,2024/07/03 21:37:09.204,2024/07/03 16:37:09.204,
628,109614,A69-1604-28093,NA,2024/07/03 21:48:06.595,5036.760000000000218,5073.350000000000364,-1,2.022100000000000,NA,0.105500000000000,NA,NA,12,487450 484753 486916 486918 486919 486914 486909,7,487450 484753 486916 486918 486919 486914,6,-88.295567500000004,30.386978299999999,2024/07/03 21:48:06.595,2024/07/03 16:48:06.595,
629,109636,A69-1604-28093,NA,2024/07/03 21:54:07.973,5066.300000000000182,5077.270000000000437,-1,3.505200000000000,NA,0.299800000000000,NA,NA,10,486916 486919 487450 486914 486918 486909,6,486916 486919 487450 486914 486918 486909,6,-88.295260099999993,30.387013700000001,2024/07/03 21:54:07.973,2024/07/03 16:54:07.973,
630,109648,A69-1604-28093,NA,2024/07/03 21:57:03.998,5069.079999999999927,5071.020000000000437,-1,4.112200000000000,NA,0.095200000000000,NA,NA,8,486916 484753 486919 487450 486914 486909 486918 486917,8,486916 484753 486919 487450 486914 486909,6,-88.295231200000003,30.386957299999999,2024/07/03 21:57:03.998,2024/07/03 16:57:03.998,
649,109896,A69-1604-28093,NA,2024/07/03 23:01:03.364,5001.659999999999854,5036.500000000000000,-1,2.500800000000000,NA,0.157500000000000,NA,NA,10,486918 486909 487450 486915 486917 486912,6,486918 486909 487450 486915 486917 486912,6,-88.295932699999994,30.386645900000001,2024/07/03 23:01:03.364,2024/07/03 18:01:03.364,
657,110072,A69-1604-28093,NA,2024/07/03 23:44:46.131,5017.640000000000327,5061.850000000000364,-1,2.623900000000000,NA,0.083500000000000,NA,NA,17,487450 486918 486916 484753 486909 486919 486914 486917,8,487450 486918 486916 484753 486909 486919,6,-88.295766499999999,30.386874500000001,2024/07/03 23:44:46.131,2024/07/03 18:44:46.131,
658,110090,A69-1604-28093,NA,2024/07/03 23:48:58.737,5016.579999999999927,5063.930000000000291,-1,2.913100000000000,NA,0.159700000000000,NA,NA,16,487450 486918 486916 484753 486909 486919 486917,7,487450 486918 486916 484753 486909 486919,6,-88.295777500000000,30.386893300000001,2024/07/03 23:48:58.737,2024/07/03 18:48:58.737,
659,110107,A69-1604-28093,NA,2024/07/03 23:53:26.310,5016.619999999999891,5062.609999999999673,-1,2.103900000000000,NA,0.159400000000000,NA,NA,16,487450 486918 486916 484753 486909 486915 486919 486914 486917,9,487450 486918 486916 484753 486909 486915,6,-88.295777099999995,30.386881400000000,2024/07/03 23:53:26.310,2024/07/03 18:53:26.310,
660,110119,A69-1604-28093,NA,2024/07/03 23:55:57.035,5017.810000000000400,5064.300000000000182,-1,9.762900000000000,NA,0.328800000000000,NA,NA,1,486918 486909 486912 486917,4,486909 486912 486917,3,-88.295764700000007,30.386896700000001,2024/07/03 23:55:57.035,2024/07/03 18:55:57.035,
661,110149,A69-1604-28093,NA,2024/07/04 00:04:27.530,5013.239999999999782,5061.149999999999636,-1,6.749900000000000,NA,0.217000000000000,NA,NA,1,486918 486909 486914 486917,4,486909 486914 486917,3,-88.295812200000000,30.386868300000000,2024/07/04 00:04:27.530,2024/07/03 19:04:27.530,
662,110173,A69-1604-28093,NA,2024/07/04 00:09:16.103,5010.050000000000182,5059.239999999999782,-1,2.937700000000000,NA,0.106800000000000,NA,NA,5,486918 486909 486915 486917 486914,5,486918 486909 486915 486917 486914,5,-88.295845400000005,30.386851000000000,2024/07/04 00:09:16.103,2024/07/03 19:09:16.103,
663,110195,A69-1604-28093,NA,2024/07/04 00:15:08.140,5010.350000000000364,5061.859999999999673,-1,2.157200000000000,NA,0.383000000000000,NA,NA,14,487450 486918 486916 484753 486915 486909 486919 486917 486914,9,487450 486918 486916 484753 486915 486909,6,-88.295842300000004,30.386874700000000,2024/07/04 00:15:08.140,2024/07/03 19:15:08.140,
664,110209,A69-1604-28093,NA,2024/07/04 00:17:51.511,5010.619999999999891,5063.609999999999673,-1,2.990900000000000,NA,0.069300000000000,NA,NA,6,486918 486915 486909 486914 486917,5,486918 486915 486909 486914 486917,5,-88.295839500000000,30.386890399999999,2024/07/04 00:17:51.511,2024/07/03 19:17:51.511,
665,110216,A69-1604-28093,NA,2024/07/04 00:20:14.730,5008.699999999999818,5064.770000000000437,-1,2.214300000000000,NA,0.123300000000000,NA,NA,14,487450 486918 486916 484753 486915 486909 486919 486914 486917,9,487450 486918 486916 484753 486915 486909,6,-88.295859500000006,30.386900900000001,2024/07/04 00:20:14.730,2024/07/03 19:20:14.730,
666,110226,A69-1604-28093,NA,2024/07/04 00:22:57.417,5006.449999999999818,5067.140000000000327,-1,2.302000000000000,NA,0.092200000000000,NA,NA,10,486915 486912 486916 486909 486914,5,486915 486912 486916 486909 486914,5,-88.295882899999995,30.386922299999998,2024/07/04 00:22:57.417,2024/07/03 19:22:57.417,
667,110236,A69-1604-28093,NA,2024/07/04 00:25:19.024,5006.319999999999709,5066.199999999999818,-1,2.118500000000000,NA,0.418400000000000,NA,NA,13,487450 486918 486915 484753 486916 486912 486909 486914 486917,9,487450 486918 486915 484753 486916 486912,6,-88.295884299999997,30.386913799999999,2024/07/04 00:25:19.024,2024/07/03 19:25:19.024,
668,110243,A69-1604-28093,NA,2024/07/04 00:27:58.610,5005.899999999999636,5064.729999999999563,-1,2.217900000000000,NA,0.217000000000000,NA,NA,12,487450 486918 486915 484753 486916 486909 486917,7,487450 486918 486915 484753 486916 486909,6,-88.295888599999998,30.386900499999999,2024/07/04 00:27:58.610,2024/07/03 19:27:58.610,
669,110251,A69-1604-28093,NA,2024/07/04 00:30:14.161,5005.109999999999673,5063.300000000000182,-1,2.177400000000000,NA,0.143000000000000,NA,NA,12,487450 486918 486915 486916 484753 486909 486919 486914,8,487450 486918 486915 486916 484753 486909,6,-88.295896799999994,30.386887699999999,2024/07/04 00:30:14.161,2024/07/03 19:30:14.161,
670,110259,A69-1604-28093,NA,2024/07/04 00:32:41.389,5006.640000000000327,5061.260000000000218,-1,2.147500000000000,NA,0.090100000000000,NA,NA,12,487450 486918 486915 486916 484753 486909 486912 486919,8,487450 486918 486915 486916 484753 486909,6,-88.295880900000000,30.386869200000000,2024/07/04 00:32:41.389,2024/07/03 19:32:41.389,
671,110272,A69-1604-28093,NA,2024/07/04 00:35:32.027,5006.420000000000073,5062.039999999999964,-1,2.111600000000000,NA,0.769900000000000,NA,NA,13,487450 486918 486915 486916 486912 484753 486909 486917,8,487450 486918 486915 486916 486912 484753,6,-88.295883200000006,30.386876300000001,2024/07/04 00:35:32.027,2024/07/03 19:35:32.027,
672,110289,A69-1604-28093,NA,2024/07/04 00:40:21.086,5007.380000000000109,5062.989999999999782,-1,2.107400000000000,NA,0.166100000000000,NA,NA,13,487450 486918 486915 486916 484753 486912 486909 486919 486917,9,487450 486918 486915 486916 484753 486912,6,-88.295873299999997,30.386884899999998,2024/07/04 00:40:21.086,2024/07/03 19:40:21.086,
673,110297,A69-1604-28093,NA,2024/07/04 00:42:40.363,5007.140000000000327,5062.069999999999709,-1,2.107300000000000,NA,0.164700000000000,NA,NA,13,487450 486918 486915 486916 484753 486912 486909 486919 486917 486914,10,487450 486918 486915 486916 484753 486912,6,-88.295875699999996,30.386876500000000,2024/07/04 00:42:40.363,2024/07/03 19:42:40.363,
674,110313,A69-1604-28093,NA,2024/07/04 00:47:21.719,5003.310000000000400,5061.449999999999818,-1,2.116500000000000,NA,0.184600000000000,NA,NA,13,487450 486918 486915 486912 486916 484753 486909 486919 486914,9,487450 486918 486915 486912 486916 484753,6,-88.295915500000007,30.386870999999999,2024/07/04 00:47:21.719,2024/07/03 19:47:21.719,
675,110325,A69-1604-28093,NA,2024/07/04 00:49:30.904,5003.750000000000000,5063.930000000000291,-1,4.391100000000000,NA,0.183800000000000,NA,NA,8,487450 486918 484753 486916 486909 486917 486919 486914,8,487450 486918 484753 486916 486909 486917,6,-88.295911000000004,30.386893400000002,2024/07/04 00:49:30.904,2024/07/03 19:49:30.904,
676,110340,A69-1604-28093,NA,2024/07/04 00:54:11.532,5002.750000000000000,5065.130000000000109,-1,2.054100000000000,NA,0.111500000000000,NA,NA,12,487450 486918 486915 486912 486916 486909 486917 486914 486919,9,487450 486918 486915 486912 486916 486909,6,-88.295921300000003,30.386904200000000,2024/07/04 00:54:11.532,2024/07/03 19:54:11.532,
677,110366,A69-1604-28093,NA,2024/07/04 00:59:32.165,4997.000000000000000,5083.140000000000327,-1,2.214600000000000,NA,0.230000000000000,NA,NA,12,487450 486912 486915 486918 484753 486916 486914 486909,8,487450 486912 486915 486918 484753 486916,6,-88.295981200000000,30.387066600000001,2024/07/04 00:59:32.165,2024/07/03 19:59:32.165,
678,110378,A69-1604-28093,NA,2024/07/04 01:02:33.732,4991.640000000000327,5088.520000000000437,-1,2.238100000000000,NA,0.400100000000000,NA,NA,12,487450 486912 486915 486918 484753 486916 486909 486919,8,487450 486912 486915 486918 484753 486916,6,-88.296036999999998,30.387115200000000,2024/07/04 01:02:33.732,2024/07/03 20:02:33.732,
679,110390,A69-1604-28093,NA,2024/07/04 01:05:33.481,4981.939999999999600,5083.979999999999563,-1,2.066400000000000,NA,0.427700000000000,NA,NA,13,487450 486912 486915 486918 484753 486916 486909,7,487450 486912 486915 486918 484753 486916,6,-88.296137900000005,30.387074200000001,2024/07/04 01:05:33.481,2024/07/03 20:05:33.481,
680,110409,A69-1604-28093,NA,2024/07/04 01:11:17.315,4980.960000000000036,5077.659999999999854,-1,2.124100000000000,NA,0.215500000000000,NA,NA,13,487450 486915 486912 486918 484753 486916 486914 486909,8,487450 486915 486912 486918 484753 486916,6,-88.296148099999996,30.387017199999999,2024/07/04 01:11:17.315,2024/07/03 20:11:17.315,
681,110419,A69-1604-28093,NA,2024/07/04 01:13:49.674,4976.510000000000218,5074.340000000000146,-1,5.379900000000000,NA,0.000000000000000,NA,NA,1,486915 486912 486918,3,486915 486912 486918,3,-88.296194400000005,30.386987300000001,2024/07/04 01:13:49.674,2024/07/03 20:13:49.674,
682,110432,A69-1604-28093,NA,2024/07/04 01:16:50.846,4959.829999999999927,5076.180000000000291,-1,3.138300000000000,NA,0.217900000000000,NA,NA,10,486915 486912 487450 486918 486917 484753 486909 486916,8,486915 486912 487450 486918 486917 484753,6,-88.296367900000007,30.387003799999999,2024/07/04 01:16:50.846,2024/07/03 20:16:50.846,
683,110445,A69-1604-28093,NA,2024/07/04 01:19:49.419,4946.340000000000146,5068.060000000000400,-1,14.737800000000000,NA,0.381600000000000,NA,NA,3,486915 487450 486918 486917 486909 484753 486916,7,487450 486918 486917 486909 484753,5,-88.296508299999999,30.386930599999999,2024/07/04 01:19:49.419,2024/07/03 20:19:49.419,
685,110485,A69-1604-28093,NA,2024/07/04 01:30:33.350,4955.069999999999709,5087.310000000000400,-1,12.982600000000000,NA,0.274100000000000,NA,NA,7,486915 487450 486918 486917 486909 486916,6,486915 487450 486918 486917 486909 486916,6,-88.296417500000004,30.387104200000000,2024/07/04 01:30:33.350,2024/07/03 20:30:33.350,
686,110511,A69-1604-28093,NA,2024/07/04 01:37:55.956,4983.250000000000000,5097.670000000000073,-1,2.086600000000000,NA,0.132900000000000,NA,NA,18,486912 486915 486918 486914 484753 486916 486917 486919,8,486912 486915 486918 486914 484753 486916,6,-88.296124300000002,30.387197700000002,2024/07/04 01:37:55.956,2024/07/03 20:37:55.956,
687,110522,A69-1604-28093,NA,2024/07/04 01:40:29.988,4984.859999999999673,5109.359999999999673,-1,3.549700000000000,NA,0.323800000000000,NA,NA,11,486912 487450 486915 486914 486918 486916,6,486912 487450 486915 486914 486918 486916,6,-88.296107599999999,30.387303100000000,2024/07/04 01:40:29.988,2024/07/03 20:40:29.988,
688,110537,A69-1604-28093,NA,2024/07/04 01:44:39.249,4990.560000000000400,5114.470000000000255,-1,4.187700000000002,NA,0.282300000000000,NA,NA,5,486912 487450 486914 484753 486916,5,486912 487450 486914 484753 486916,5,-88.296048200000001,30.387349199999999,2024/07/04 01:44:39.249,2024/07/03 20:44:39.249,
689,110547,A69-1604-28093,NA,2024/07/04 01:46:45.647,4995.069999999999709,5116.319999999999709,-1,2.198500000000000,NA,0.468000000000000,NA,NA,13,486912 487450 488550 486914 484753 486916,6,486912 487450 488550 486914 484753 486916,6,-88.296001300000000,30.387365899999999,2024/07/04 01:46:45.647,2024/07/03 20:46:45.647,
701,114794,A69-1604-28093,NA,2024/07/04 19:12:48.257,5022.279999999999745,5113.210000000000036,-1,7.461500000000000,NA,0.223500000000000,NA,NA,3,487450 486914 484753 486919 486909,5,487450 486914 484753 486919 486909,5,-88.295718199999996,30.387337899999999,2024/07/04 19:12:48.257,2024/07/04 14:12:48.257,
702,114802,A69-1604-28093,NA,2024/07/04 19:14:55.605,5029.300000000000182,5122.470000000000255,-1,2.471000000000000,NA,0.125600000000000,NA,NA,10,486914 487450 488550 484753 486916 486918 486919,7,486914 487450 488550 484753 486916 486918,6,-88.295645100000002,30.387421400000001,2024/07/04 19:14:55.605,2024/07/04 14:14:55.605,
703,114838,A69-1604-28093,NA,2024/07/04 19:21:56.263,5044.529999999999745,5090.399999999999636,-1,2.858400000000000,NA,0.092600000000000,NA,NA,13,484753 487450 486916 486914 486918 486909 486917,7,484753 487450 486916 486914 486918 486909,6,-88.295486600000004,30.387132099999999,2024/07/04 19:21:56.263,2024/07/04 14:21:56.263,
704,114852,A69-1604-28093,NA,2024/07/04 19:24:56.468,5039.029999999999745,5086.859999999999673,-1,2.140000000000000,NA,0.097100000000000,NA,NA,12,484753 487450 486916 486914 486918 486919 486909 486917,8,484753 487450 486916 486914 486918 486919,6,-88.295543899999998,30.387100199999999,2024/07/04 19:24:56.468,2024/07/04 14:24:56.468,
706,114874,A69-1604-28093,NA,2024/07/04 19:30:43.825,5046.859999999999673,5093.550000000000182,-1,2.483600000000000,NA,0.038000000000000,NA,NA,8,484753 487450 486916 486914 486919 486918 486917,7,484753 487450 486916 486914 486919 486918,6,-88.295462499999999,30.387160500000000,2024/07/04 19:30:43.825,2024/07/04 14:30:43.825,
707,114885,A69-1604-28093,NA,2024/07/04 19:33:21.129,5046.189999999999600,5095.130000000000109,-1,2.252900000000000,NA,0.171400000000000,NA,NA,7,484753 487450 486916 486914 486919 486912 486918 486909 486917,9,484753 487450 486916 486914 486919 486912,6,-88.295469400000002,30.387174800000000,2024/07/04 19:33:21.129,2024/07/04 14:33:21.129,
708,114898,A69-1604-28093,NA,2024/07/04 19:35:32.187,5049.699999999999818,5092.710000000000036,-1,5.360600000000000,NA,0.508600000000000,NA,NA,2,484753 486916 487450 486914 486909,5,486916 487450 486914 486909,4,-88.295432899999994,30.387153000000001,2024/07/04 19:35:32.187,2024/07/04 14:35:32.187,
710,114917,A69-1604-28093,NA,2024/07/04 19:40:24.040,5047.399999999999636,5093.109999999999673,-1,2.502600000000000,NA,0.021100000000000,NA,NA,8,484753 487450 486916 486914 486919 486918 486909,7,484753 487450 486916 486914 486919 486918,6,-88.295456799999997,30.387156600000001,2024/07/04 19:40:24.040,2024/07/04 14:40:24.040,
711,114929,A69-1604-28093,NA,2024/07/04 19:43:26.834,5049.930000000000291,5094.369999999999891,-1,6.545500000000000,NA,0.053700000000000,NA,NA,4,487450 486914 486918 486909 486915,5,487450 486914 486918 486909 486915,5,-88.295430499999995,30.387167900000001,2024/07/04 19:43:26.834,2024/07/04 14:43:26.834,
712,114938,A69-1604-28093,NA,2024/07/04 19:46:28.911,5049.920000000000073,5097.289999999999964,-1,2.840700000000000,NA,0.131800000000000,NA,NA,6,484753 487450 486914 486916 486919 486909 486917,7,484753 487450 486914 486916 486919 486909,6,-88.295430600000003,30.387194200000000,2024/07/04 19:46:28.911,2024/07/04 14:46:28.911,
713,114953,A69-1604-28093,NA,2024/07/04 19:49:29.362,5047.500000000000000,5093.279999999999745,-1,2.502000000000000,NA,0.084000000000000,NA,NA,8,484753 487450 486916 486914 486919 486918 486909 486915 486917,9,484753 487450 486916 486914 486919 486918,6,-88.295455799999999,30.387158100000001,2024/07/04 19:49:29.362,2024/07/04 14:49:29.362,
714,114965,A69-1604-28093,NA,2024/07/04 19:52:26.537,5049.800000000000182,5094.039999999999964,-1,3.212300000000000,NA,0.302200000000000,NA,NA,6,484753 486916 486914 486919 486909 486915,6,486916 486914 486919 486909 486915,5,-88.295431800000003,30.387165000000000,2024/07/04 19:52:26.537,2024/07/04 14:52:26.537,
716,114996,A69-1604-28093,NA,2024/07/04 20:00:06.228,5067.560000000000400,5094.590000000000146,-1,6.971400000000000,NA,0.399900000000000,NA,NA,5,484753 486916 486914 487450 486918 486909 486917,7,486916 486914 487450 486918 486909,5,-88.295247000000003,30.387169900000000,2024/07/04 20:00:06.228,2024/07/04 15:00:06.228,
718,115028,A69-1604-28093,NA,2024/07/04 20:07:07.744,5069.899999999999636,5094.659999999999854,-1,5.166700000000000,NA,0.700100000000000,NA,NA,5,484753 486916 486914 487450 486919 486909 486917,7,486916 486914 487450 486919 486909,5,-88.295222699999997,30.387170500000000,2024/07/04 20:07:07.744,2024/07/04 15:07:07.744,
719,115048,A69-1604-28093,NA,2024/07/04 20:11:33.657,5066.520000000000437,5103.569999999999709,-1,6.713300000000000,NA,0.091500000000000,NA,NA,5,484753 486914 486916 486919 486918 486909,6,486914 486916 486919 486918 486909,5,-88.295257800000002,30.387250900000002,2024/07/04 20:11:33.657,2024/07/04 15:11:33.657,
722,115439,A69-1604-28093,NA,2024/07/04 21:32:47.137,5074.779999999999745,5110.210000000000036,-1,9.333100000000000,NA,0.311300000000000,NA,NA,5,484753 486914 486916 486919 486918 486909 486917,7,486914 486916 486919 486918 486909,5,-88.295171900000000,30.387310800000002,2024/07/04 21:32:47.137,2024/07/04 16:32:47.137,
724,115510,A69-1604-28093,NA,2024/07/04 21:48:21.898,5092.130000000000109,5114.270000000000437,-1,12.393599999999999,NA,0.096300000000000,NA,NA,4,484753 486914 486916 486919 487450 486918 486915 486917,8,486914 486916 486919 487450 486918,5,-88.294991400000001,30.387347500000001,2024/07/04 21:48:21.898,2024/07/04 16:48:21.898,
727,115575,A69-1604-28093,NA,2024/07/04 22:00:52.315,5070.720000000000255,5107.560000000000400,-1,5.764100000000000,NA,0.131200000000000,NA,NA,4,484753 486914 486916 487450 486919 488550 486912 486918 486909 486915 486917,11,486914 486916 487450 486919 488550,5,-88.295214099999995,30.387286899999999,2024/07/04 22:00:52.315,2024/07/04 17:00:52.315,
736,115831,A69-1604-28093,NA,2024/07/04 22:54:02.880,5079.949999999999818,5091.409999999999854,-1,6.590500000000000,NA,0.187500000000000,NA,NA,4,484753 486916 486914 486919 487450 486918 486909 486915 486917,9,486916 486914 486919 487450 486918,5,-88.295118099999996,30.387141199999999,2024/07/04 22:54:02.880,2024/07/04 17:54:02.880,
737,115850,A69-1604-28093,NA,2024/07/04 22:57:01.200,5069.069999999999709,5084.289999999999964,-1,7.821500000000000,NA,0.369800000000000,NA,NA,2,484753 486916 486919 486914 486918,5,484753 486916 486919 486914 486918,5,-88.295231299999998,30.387077000000001,2024/07/04 22:57:01.200,2024/07/04 17:57:01.200,
738,115864,A69-1604-28093,NA,2024/07/04 22:59:54.437,5071.210000000000036,5086.079999999999927,-1,8.560900000000000,NA,0.380500000000000,NA,NA,14,486918 486909 488550 486912 486915 486917,6,486918 486909 488550 486912 486915 486917,6,-88.295209099999994,30.387093100000001,2024/07/04 22:59:54.437,2024/07/04 17:59:54.437,
739,115874,A69-1604-28093,NA,2024/07/04 23:02:37.110,5080.439999999999600,5090.399999999999636,-1,8.770000000000000,NA,0.463900000000000,NA,NA,4,484753 486916 486914 486919 486918 486909 486912 486915 486917,9,484753 486914 486919 486918 486909,5,-88.295113000000001,30.387132099999999,2024/07/04 23:02:37.110,2024/07/04 18:02:37.110,
740,115898,A69-1604-28093,NA,2024/07/04 23:07:39.068,5093.380000000000109,5099.520000000000437,-1,10.769600000000001,NA,0.330800000000000,NA,NA,6,484753 486916 486914 486919 487450 486909 486912 486917,8,484753 486916 486914 486919 487450 486909,6,-88.294978400000005,30.387214400000001,2024/07/04 23:07:39.068,2024/07/04 18:07:39.068,
742,116200,A69-1604-28093,NA,2024/07/05 00:08:40.210,5032.399999999999636,5048.050000000000182,-1,1.913400000000000,NA,0.076700000000000,NA,NA,17,486918 486916 487450 486909 484753 486919 486915 486914 486917,9,486918 486916 487450 486909 484753 486919,6,-88.295612899999995,30.386750100000000,2024/07/05 00:08:40.210,2024/07/04 19:08:40.210,
743,116211,A69-1604-28093,NA,2024/07/05 00:11:29.664,5032.810000000000400,5049.569999999999709,-1,1.908300000000000,NA,0.063400000000000,NA,NA,17,486916 486918 487450 486909 484753 486919 486915 486914 486917,9,486916 486918 487450 486909 484753 486919,6,-88.295608599999994,30.386763800000001,2024/07/05 00:11:29.664,2024/07/04 19:11:29.664,
744,116224,A69-1604-28093,NA,2024/07/05 00:14:05.056,5033.729999999999563,5048.810000000000400,-1,1.898000000000000,NA,0.075400000000000,NA,NA,17,486916 486918 487450 486909 484753 486919 486915 486914 486917,9,486916 486918 487450 486909 484753 486919,6,-88.295599100000004,30.386756999999999,2024/07/05 00:14:05.056,2024/07/04 19:14:05.056,
745,116237,A69-1604-28093,NA,2024/07/05 00:16:12.155,5035.149999999999636,5044.210000000000036,-1,1.893000000000000,NA,0.123400000000000,NA,NA,17,486916 486918 486909 487450 486919 484753 486915 486917 486914,9,486916 486918 486909 487450 486919 484753,6,-88.295584300000002,30.386715500000001,2024/07/05 00:16:12.155,2024/07/04 19:16:12.155,
746,116266,A69-1604-28093,NA,2024/07/05 00:23:09.784,5024.920000000000073,5039.710000000000036,-1,2.051300000000000,NA,0.111100000000000,NA,NA,17,486918 486909 487450 486916 486919 484753 486915 486917 486914,9,486918 486909 487450 486916 486919 484753,6,-88.295690699999994,30.386674800000002,2024/07/05 00:23:09.784,2024/07/04 19:23:09.784,
747,116284,A69-1604-28093,NA,2024/07/05 00:26:06.723,5035.100000000000364,5043.579999999999927,-1,1.893400000000000,NA,0.127100000000000,NA,NA,17,486918 486916 486909 487450 486919 484753 486915 486917 486914 486912,10,486918 486916 486909 487450 486919 484753,6,-88.295584800000000,30.386709799999998,2024/07/05 00:26:06.723,2024/07/04 19:26:06.723,
748,116317,A69-1604-28093,NA,2024/07/05 00:33:44.792,5048.840000000000146,5055.460000000000036,-1,12.891600000000000,NA,0.167800000000000,NA,NA,5,486918 486909 486912 486915 486917,5,486918 486909 486912 486915 486917,5,-88.295441800000006,30.386817000000001,2024/07/05 00:33:44.792,2024/07/04 19:33:44.792,
753,116407,A69-1604-28093,NA,2024/07/05 00:52:20.500,5020.500000000000000,5068.960000000000036,-1,2.034000000000000,NA,0.150200000000000,NA,NA,13,487450 486918 484753 486916 486909 486912 486919 486915 486914 486917,10,487450 486918 484753 486916 486909 486912,6,-88.295736700000006,30.386938700000002,2024/07/05 00:52:20.500,2024/07/04 19:52:20.500,
760,116511,A69-1604-28093,NA,2024/07/05 01:14:07.848,5034.130000000000109,5075.550000000000182,-1,2.380600000000000,NA,0.083700000000000,NA,NA,10,487450 484753 486916 486918 486914 486919 486909 486915 486917,9,487450 484753 486916 486918 486914 486919,6,-88.295594899999998,30.386998200000001,2024/07/05 01:14:07.848,2024/07/04 20:14:07.848,
761,116526,A69-1604-28093,NA,2024/07/05 01:16:54.492,5039.460000000000036,5086.020000000000437,-1,2.123000000000000,NA,0.121800000000000,NA,NA,12,484753 487450 486916 486914 486919 486918 486909 486915 486917,9,484753 487450 486916 486914 486919 486918,6,-88.295539500000004,30.387092599999999,2024/07/05 01:16:54.492,2024/07/04 20:16:54.492,
762,116556,A69-1604-28093,NA,2024/07/05 01:25:08.838,5013.800000000000182,5115.869999999999891,-1,7.797600000000000,NA,0.385500000000000,NA,NA,4,487450 486914 484753 486916 486918,5,487450 486914 484753 486916 486918,5,-88.295806400000004,30.387361899999998,2024/07/05 01:25:08.838,2024/07/04 20:25:08.838,
763,116607,A69-1604-28093,NA,2024/07/05 01:36:48.667,5010.319999999999709,5118.810000000000400,-1,12.555099999999999,NA,0.149700000000000,NA,NA,2,487450 486914 484753 486918,4,487450 486914 484753 486918,4,-88.295842600000000,30.387388399999999,2024/07/05 01:36:48.667,2024/07/04 20:36:48.667,
772,116960,A69-1604-28093,NA,2024/07/05 02:49:25.451,5005.909999999999854,5116.569999999999709,-1,1.919300000000000,NA,1.070100000000000,NA,NA,15,487450 486912 488550 486914 484753 486915 486916 486918 486909 486917,10,487450 486912 488550 486914 484753 486915,6,-88.295888500000004,30.387368200000001,2024/07/05 02:49:25.451,2024/07/04 21:49:25.451,
798,121339,A69-1604-28093,NA,2024/07/05 20:18:31.731,5060.640000000000327,5107.029999999999745,-1,7.123500000000000,NA,0.456600000000000,NA,NA,2,484753 486914 486916 486919 486918,5,486914 486916 486919 486918,4,-88.295319000000006,30.387282200000001,2024/07/05 20:18:31.731,2024/07/05 15:18:31.731,
806,122060,A69-1604-28093,NA,2024/07/05 23:49:48.293,5028.000000000000000,5098.319999999999709,-1,6.409000000000000,NA,0.000000000000000,NA,NA,1,487450 484753 486914,3,487450 484753 486914,3,-88.295658700000004,30.387203599999999,2024/07/05 23:49:48.293,2024/07/05 18:49:48.293,
807,122068,A69-1604-28093,NA,2024/07/05 23:51:54.941,5014.600000000000364,5099.539999999999964,-1,2.325300000000000,NA,0.256900000000000,NA,NA,12,487450 484753 486912 486914 486916 486915,6,487450 484753 486912 486914 486916 486915,6,-88.295798099999999,30.387214600000000,2024/07/05 23:51:54.941,2024/07/05 18:51:54.941,
808,122086,A69-1604-28093,NA,2024/07/05 23:56:19.635,4997.359999999999673,5086.930000000000291,-1,2.269900000000000,NA,0.145300000000000,NA,NA,12,487450 486912 486915 486918 484753 486916 486909,7,487450 486912 486915 486918 484753 486916,6,-88.295977399999998,30.387100799999999,2024/07/05 23:56:19.635,2024/07/05 18:56:19.635,
809,122096,A69-1604-28093,NA,2024/07/05 23:58:46.620,4995.659999999999854,5082.489999999999782,-1,3.669700000000000,NA,0.264400000000000,NA,NA,4,487450 486912 486918 484753 486914,5,486912 486918 484753 486914,4,-88.295995099999999,30.387060699999999,2024/07/05 23:58:46.620,2024/07/05 18:58:46.620,
810,122108,A69-1604-28093,NA,2024/07/06 00:01:36.793,4998.359999999999673,5074.560000000000400,-1,8.749400000000000,NA,0.191500000000000,NA,NA,3,487450 486918 484753 486916 486914,5,486918 484753 486916 486914,4,-88.295967099999999,30.386989300000000,2024/07/06 00:01:36.793,2024/07/05 19:01:36.793,
811,122152,A69-1604-28093,NA,2024/07/06 00:16:26.962,5041.430000000000291,5087.989999999999782,-1,2.240900000000000,NA,0.392300000000000,NA,NA,11,484753 487450 486916 486914 486919 486918,6,484753 487450 486916 486914 486919 486918,6,-88.295518900000005,30.387110400000001,2024/07/06 00:16:26.962,2024/07/05 19:16:26.962,
812,122162,A69-1604-28093,NA,2024/07/06 00:18:31.507,5041.340000000000146,5087.829999999999927,-1,2.237100000000000,NA,0.447200000000000,NA,NA,11,484753 487450 486916 486914 486919 486918 486912 486917,8,484753 487450 486916 486914 486919 486918,6,-88.295519900000002,30.387108999999999,2024/07/06 00:18:31.507,2024/07/05 19:18:31.507,
813,122173,A69-1604-28093,NA,2024/07/06 00:20:36.965,5042.100000000000364,5087.560000000000400,-1,2.298500000000000,NA,0.129000000000000,NA,NA,11,484753 487450 486916 486914 486918 486915,6,484753 487450 486916 486914 486918 486915,6,-88.295512000000002,30.387106500000002,2024/07/06 00:20:36.965,2024/07/05 19:20:36.965,
814,122193,A69-1604-28093,NA,2024/07/06 00:27:11.378,5035.329999999999927,5081.380000000000109,-1,12.218999999999999,NA,0.000000000000000,NA,NA,1,487450 484753 486914,3,487450 484753 486914,3,-88.295582400000001,30.387050800000001,2024/07/06 00:27:11.378,2024/07/05 19:27:11.378,
815,122201,A69-1604-28093,NA,2024/07/06 00:29:41.397,5037.789999999999964,5080.939999999999600,-1,2.733300000000000,NA,0.521300000000000,NA,NA,7,487450 484753 486916 486914 486918,5,487450 484753 486916 486914 486918,5,-88.295556800000000,30.387046800000000,2024/07/06 00:29:41.397,2024/07/05 19:29:41.397,
816,122216,A69-1604-28093,NA,2024/07/06 00:32:37.856,5036.859999999999673,5081.489999999999782,-1,12.669800000000000,NA,0.260200000000000,NA,NA,1,487450 486918 486919 486917,4,487450 486918 486919,3,-88.295566500000007,30.387051700000001,2024/07/06 00:32:37.856,2024/07/05 19:32:37.856,
817,122264,A69-1604-28093,NA,2024/07/06 00:42:16.931,5041.619999999999891,5095.779999999999745,-1,2.391000000000000,NA,0.382300000000000,NA,NA,8,484753 487450 486914 486916 486919 486918 486909 486915 486917,9,484753 487450 486914 486916 486919 486918,6,-88.295516899999996,30.387180699999998,2024/07/06 00:42:16.931,2024/07/05 19:42:16.931,
818,122332,A69-1604-28093,NA,2024/07/06 00:54:43.381,5035.060000000000400,5075.520000000000437,-1,2.176400000000000,NA,0.355400000000000,NA,NA,11,487450 484753 486916 486918 486914 486919 486909 486912 486915 486917,10,487450 484753 486916 486918 486914 486919,6,-88.295585200000005,30.386997900000001,2024/07/06 00:54:43.381,2024/07/05 19:54:43.381,
819,122346,A69-1604-28093,NA,2024/07/06 00:57:04.996,5037.229999999999563,5084.010000000000218,-1,2.305600000000000,NA,0.548300000000000,NA,NA,8,487450 484753 486916 486914 486919 486912 486909 486915 486917,9,487450 484753 486916 486914 486919 486912,6,-88.295562599999997,30.387074500000001,2024/07/06 00:57:04.996,2024/07/05 19:57:04.996,
820,122360,A69-1604-28093,NA,2024/07/06 00:59:44.412,5037.520000000000437,5098.350000000000364,-1,2.112400000000000,NA,1.032000000000000,NA,NA,8,484753 487450 486914 486916 486912 486919 486909 486915,8,484753 487450 486914 486916 486912 486919,6,-88.295559699999998,30.387203800000002,2024/07/06 00:59:44.412,2024/07/05 19:59:44.412,
821,122371,A69-1604-28093,NA,2024/07/06 01:01:59.681,5050.380000000000109,5093.970000000000255,-1,2.967000000000000,NA,0.453100000000000,NA,NA,7,484753 486916 487450 486914 486919 486918 486912 486909 486915 486917,10,484753 486916 487450 486914 486919 486918,6,-88.295425800000004,30.387164299999998,2024/07/06 01:01:59.681,2024/07/05 20:01:59.681,
822,122384,A69-1604-28093,NA,2024/07/06 01:04:26.677,5046.680000000000291,5091.340000000000146,-1,2.504700000000000,NA,0.328300000000000,NA,NA,8,484753 487450 486916 486914 486919 486918 488550 486912 486909 486915 486917,11,484753 487450 486916 486914 486919 486918,6,-88.295464300000006,30.387140599999999,2024/07/06 01:04:26.677,2024/07/05 20:04:26.677,
823,122446,A69-1604-28093,NA,2024/07/06 01:16:45.149,5022.060000000000400,5120.750000000000000,-1,2.076300000000000,NA,0.537000000000000,NA,NA,12,486914 487450 488550 484753 486912 486916 486918 486919 486909,9,486914 487450 488550 484753 486912 486916,6,-88.295720500000002,30.387405900000001,2024/07/06 01:16:45.149,2024/07/05 20:16:45.149,
824,122460,A69-1604-28093,NA,2024/07/06 01:19:35.545,5013.750000000000000,5124.689999999999600,-1,5.703500000000000,NA,0.000000000000000,NA,NA,1,488550 486914 487450,3,488550 486914 487450,3,-88.295806900000002,30.387441400000000,2024/07/06 01:19:35.545,2024/07/05 20:19:35.545,
825,122473,A69-1604-28093,NA,2024/07/06 01:22:12.592,5012.449999999999818,5143.770000000000437,-1,2.807600000000000,NA,0.150800000000000,NA,NA,15,488550 486914 486912 487450 484753 486909,6,488550 486914 486912 487450 484753 486909,6,-88.295820500000005,30.387613500000000,2024/07/06 01:22:12.592,2024/07/05 20:22:12.592,
826,123215,A69-1604-28093,NA,2024/07/06 03:40:17.435,5033.279999999999745,5095.619999999999891,-1,8.865200000000000,NA,0.049500000000000,NA,NA,2,486914 486918 486909 486917,4,486914 486918 486909 486917,4,-88.295603799999995,30.387179199999999,2024/07/06 03:40:17.435,2024/07/05 22:40:17.435,
827,123249,A69-1604-28093,NA,2024/07/06 03:48:13.433,5039.119999999999891,5079.529999999999745,-1,6.148800000000000,NA,0.184700000000000,NA,NA,9,486916 486918 486919 486909 486915 486917,6,486916 486918 486919 486909 486915 486917,6,-88.295542900000001,30.387034000000000,2024/07/06 03:48:13.433,2024/07/05 22:48:13.433,
828,123260,A69-1604-28093,NA,2024/07/06 03:50:51.685,5040.720000000000255,5083.859999999999673,-1,2.055100000000000,NA,0.138000000000000,NA,NA,12,484753 487450 486916 486914 486919 486918 486909 486915,8,484753 487450 486916 486914 486919 486918,6,-88.295526400000000,30.387073099999999,2024/07/06 03:50:51.685,2024/07/05 22:50:51.685,
829,123284,A69-1604-28093,NA,2024/07/06 03:55:26.916,5041.300000000000182,5086.729999999999563,-1,2.202800000000000,NA,0.157500000000000,NA,NA,11,484753 487450 486916 486914 486919 486918 486909 486915 486917,9,484753 487450 486916 486914 486919 486918,6,-88.295520300000007,30.387098999999999,2024/07/06 03:55:26.916,2024/07/05 22:55:26.916,
830,123297,A69-1604-28093,NA,2024/07/06 03:58:07.920,5042.680000000000291,5091.500000000000000,-1,2.381900000000000,NA,0.250500000000000,NA,NA,9,484753 487450 486916 486914 486919 486918 486909 486915,8,484753 487450 486916 486914 486919 486918,6,-88.295505899999995,30.387142000000001,2024/07/06 03:58:07.920,2024/07/05 22:58:07.920,
831,123307,A69-1604-28093,NA,2024/07/06 04:00:26.232,5036.750000000000000,5090.239999999999782,-1,2.267600000000000,NA,0.493500000000000,NA,NA,11,484753 487450 486916 486914 486918 486919 486909 486915 486917,9,484753 487450 486916 486914 486918 486919,6,-88.295567599999998,30.387130700000000,2024/07/06 04:00:26.232,2024/07/05 23:00:26.232,
832,123319,A69-1604-28093,NA,2024/07/06 04:02:59.315,5034.529999999999745,5087.520000000000437,-1,2.247500000000000,NA,0.155300000000000,NA,NA,10,487450 484753 486916 486914 486918 486919 486909 486915 486917,9,487450 484753 486916 486914 486918 486919,6,-88.295590700000005,30.387106200000002,2024/07/06 04:02:59.315,2024/07/05 23:02:59.315,
834,123360,A69-1604-28093,NA,2024/07/06 04:12:00.853,5022.149999999999636,5079.930000000000291,-1,2.367800000000000,NA,0.154700000000000,NA,NA,10,487450 484753 486916 486918 486912 486914 486915 486909 486919 486917,10,487450 484753 486916 486918 486912 486914,6,-88.295719500000004,30.387037599999999,2024/07/06 04:12:00.853,2024/07/05 23:12:00.853,
835,123385,A69-1604-28093,NA,2024/07/06 04:17:36.699,5020.350000000000364,5073.699999999999818,-1,2.440400000000000,NA,0.299500000000000,NA,NA,10,487450 484753 486916 486918 486912 486914 486909 486915 486919 486917,10,487450 484753 486916 486918 486912 486914,6,-88.295738299999996,30.386981500000001,2024/07/06 04:17:36.699,2024/07/05 23:17:36.699,
836,123398,A69-1604-28093,NA,2024/07/06 04:19:58.524,5020.399999999999636,5072.170000000000073,-1,2.056600000000000,NA,0.204300000000000,NA,NA,13,487450 484753 486916 486918 486912 486909 486914 486917,8,487450 484753 486916 486918 486912 486909,6,-88.295737700000004,30.386967700000000,2024/07/06 04:19:58.524,2024/07/05 23:19:58.524,
837,123411,A69-1604-28093,NA,2024/07/06 04:22:38.648,5023.829999999999927,5074.670000000000073,-1,3.511600000000000,NA,0.071300000000000,NA,NA,6,486918 486914 486909 486915 486917,5,486918 486914 486909 486915 486917,5,-88.295702100000000,30.386990200000000,2024/07/06 04:22:38.648,2024/07/05 23:22:38.648,
838,123424,A69-1604-28093,NA,2024/07/06 04:24:55.107,5037.859999999999673,5082.140000000000327,-1,2.073100000000000,NA,0.147800000000000,NA,NA,12,487450 484753 486916 486914 486918 486919 486912 486909 486915,9,487450 484753 486916 486914 486918 486919,6,-88.295556000000005,30.387057599999999,2024/07/06 04:24:55.107,2024/07/05 23:24:55.107,
839,123492,A69-1604-28093,NA,2024/07/06 04:38:18.875,5015.970000000000255,5102.460000000000036,-1,2.263200000000000,NA,0.294700000000000,NA,NA,11,487450 484753 486912 486914 486916 486918 486915 486919 486909 486917,10,487450 484753 486912 486914 486916 486918,6,-88.295783799999995,30.387240899999998,2024/07/06 04:38:18.875,2024/07/05 23:38:18.875,
840,123544,A69-1604-28093,NA,2024/07/06 04:49:33.271,4971.399999999999636,5098.680000000000291,-1,7.743200000000000,NA,0.265100000000000,NA,NA,2,486912 487450 486918 484753,4,486912 487450 486918 484753,4,-88.296247600000001,30.387206800000001,2024/07/06 04:49:33.271,2024/07/05 23:49:33.271,
863,128625,A69-1604-28093,NA,2024/07/07 01:23:57.834,5024.619999999999891,5129.689999999999600,-1,2.287700000000000,NA,0.398700000000000,NA,NA,13,486914 488550 487450 484753 486912 486916 486919,7,486914 488550 487450 484753 486912 486916,6,-88.295693799999995,30.387486599999999,2024/07/07 01:23:57.834,2024/07/06 20:23:57.834,
864,128636,A69-1604-28093,NA,2024/07/07 01:26:34.176,5041.460000000000036,5102.399999999999636,-1,2.090700000000000,NA,0.624600000000000,NA,NA,7,484753 487450 486914 486916 486912 486919 486918 486909 486915 486917,10,484753 487450 486914 486916 486912 486919,6,-88.295518599999994,30.387240400000000,2024/07/07 01:26:34.176,2024/07/06 20:26:34.176,
865,128645,A69-1604-28093,NA,2024/07/07 01:28:43.374,5045.119999999999891,5091.960000000000036,-1,2.424200000000000,NA,0.102600000000000,NA,NA,9,484753 487450 486916 486914 486919 486918 488550 486909 486915 486917,10,484753 487450 486916 486914 486919 486918,6,-88.295480499999996,30.387146200000000,2024/07/07 01:28:43.374,2024/07/06 20:28:43.374,
866,128656,A69-1604-28093,NA,2024/07/07 01:30:57.964,5045.670000000000073,5087.579999999999927,-1,3.384400000000000,NA,0.663200000000000,NA,NA,12,484753 487450 486914 486918 486912 488550 486909 486915 486917,9,484753 487450 486914 486918 486912 488550,6,-88.295474900000002,30.387106700000000,2024/07/07 01:30:57.964,2024/07/06 20:30:57.964,
868,128737,A69-1604-28093,NA,2024/07/07 01:47:16.337,5046.920000000000073,5089.420000000000073,-1,2.602300000000000,NA,0.129900000000000,NA,NA,8,484753 487450 486916 486914 486919 486918 486912 488550 486909 486917,10,484753 487450 486916 486914 486919 486918,6,-88.295461799999998,30.387123299999999,2024/07/07 01:47:16.337,2024/07/06 20:47:16.337,
869,128746,A69-1604-28093,NA,2024/07/07 01:49:38.663,5047.289999999999964,5089.420000000000073,-1,2.620400000000000,NA,0.224300000000000,NA,NA,8,484753 487450 486916 486914 486919 486918 486909 486915 486917,9,484753 487450 486916 486914 486919 486918,6,-88.295457900000002,30.387123200000001,2024/07/07 01:49:38.663,2024/07/06 20:49:38.663,
870,128759,A69-1604-28093,NA,2024/07/07 01:52:19.455,5048.850000000000364,5089.409999999999854,-1,2.662400000000000,NA,0.183700000000000,NA,NA,8,484753 486916 487450 486914 486919 486918 486909 486917,8,484753 486916 487450 486914 486919 486918,6,-88.295441699999998,30.387123200000001,2024/07/07 01:52:19.455,2024/07/06 20:52:19.455,
871,128775,A69-1604-28093,NA,2024/07/07 01:54:37.541,5044.439999999999600,5088.720000000000255,-1,2.309400000000000,NA,0.088000000000000,NA,NA,10,484753 487450 486916 486914 486919 486918 488550 486909 486915 486917,10,484753 487450 486916 486914 486919 486918,6,-88.295487600000001,30.387116899999999,2024/07/07 01:54:37.541,2024/07/06 20:54:37.541,
872,128801,A69-1604-28093,NA,2024/07/07 02:00:11.849,5039.770000000000437,5091.479999999999563,-1,2.326600000000000,NA,0.107100000000000,NA,NA,10,484753 487450 486916 486914 486919 486918 488550 486909 486917,9,484753 487450 486916 486914 486919 486918,6,-88.295536200000001,30.387141900000000,2024/07/07 02:00:11.849,2024/07/06 21:00:11.849,
873,128829,A69-1604-28093,NA,2024/07/07 02:06:06.868,5045.640000000000327,5093.079999999999927,-1,2.471300000000000,NA,0.247600000000000,NA,NA,8,484753 487450 486916 486914 486919 486918 486909,7,484753 487450 486916 486914 486919 486918,6,-88.295475100000004,30.387156300000001,2024/07/07 02:06:06.868,2024/07/06 21:06:06.868,
874,128840,A69-1604-28093,NA,2024/07/07 02:08:54.190,5043.270000000000437,5092.880000000000109,-1,2.228100000000000,NA,0.071600000000000,NA,NA,7,484753 487450 486916 486914 486919 486912 486918 486917,8,484753 487450 486916 486914 486919 486912,6,-88.295499800000002,30.387154500000001,2024/07/07 02:08:54.190,2024/07/06 21:08:54.190,
875,128879,A69-1604-28093,NA,2024/07/07 02:17:16.757,5044.890000000000327,5092.329999999999927,-1,14.221600000000000,NA,0.085300000000000,NA,NA,2,484753 486919 486915 486917,4,484753 486919 486915 486917,4,-88.295482899999996,30.387149600000001,2024/07/07 02:17:16.757,2024/07/06 21:17:16.757,
876,128891,A69-1604-28093,NA,2024/07/07 02:19:59.640,5046.829999999999927,5093.640000000000327,-1,3.078300000000000,NA,0.207700000000000,NA,NA,11,484753 487450 486916 486914 486918 486909 486915 486917,8,484753 487450 486916 486914 486918 486909,6,-88.295462799999996,30.387161299999999,2024/07/07 02:19:59.640,2024/07/06 21:19:59.640,
877,128903,A69-1604-28093,NA,2024/07/07 02:22:21.695,5045.319999999999709,5093.000000000000000,-1,2.454400000000000,NA,0.179300000000000,NA,NA,8,484753 487450 486916 486914 486919 486918 488550 486909 486917,9,484753 487450 486916 486914 486919 486918,6,-88.295478500000002,30.387155499999999,2024/07/07 02:22:21.695,2024/07/06 21:22:21.695,
879,128927,A69-1604-28093,NA,2024/07/07 02:27:19.216,5044.850000000000364,5097.279999999999745,-1,2.160200000000000,NA,0.112700000000000,NA,NA,7,484753 487450 486914 486916 486919 486912 488550 486918 486909 486915 486917,11,484753 487450 486914 486916 486919 486912,6,-88.295483399999995,30.387194200000000,2024/07/07 02:27:19.216,2024/07/06 21:27:19.216,
880,128963,A69-1604-28093,NA,2024/07/07 02:35:37.517,5039.489999999999782,5090.319999999999709,-1,2.301000000000000,NA,0.121100000000000,NA,NA,10,484753 487450 486916 486914 486919 486918 488550 486909 486917,9,484753 487450 486916 486914 486919 486918,6,-88.295539099999999,30.387131400000001,2024/07/07 02:35:37.517,2024/07/06 21:35:37.517,
881,128981,A69-1604-28093,NA,2024/07/07 02:40:27.299,5044.340000000000146,5087.590000000000146,-1,2.252400000000000,NA,0.090400000000000,NA,NA,11,484753 487450 486916 486914 486919 486918 486912 488550 486909 486915 486917,11,484753 487450 486916 486914 486919 486918,6,-88.295488700000007,30.387106800000002,2024/07/07 02:40:27.299,2024/07/06 21:40:27.299,
882,128991,A69-1604-28093,NA,2024/07/07 02:42:47.735,5042.250000000000000,5083.500000000000000,-1,2.031600000000000,NA,0.151600000000000,NA,NA,12,484753 487450 486916 486914 486919 486918 486912 486909 488550 486915 486917,11,484753 487450 486916 486914 486919 486918,6,-88.295510399999998,30.387069900000000,2024/07/07 02:42:47.735,2024/07/06 21:42:47.735,
885,129058,A69-1604-28093,NA,2024/07/07 02:55:30.006,5012.069999999999709,5062.329999999999927,-1,3.679600000000000,NA,0.098200000000000,NA,NA,11,487450 486918 486916 484753 486909 486914,6,487450 486918 486916 484753 486909 486914,6,-88.295824400000001,30.386878899999999,2024/07/07 02:55:30.006,2024/07/06 21:55:30.006,
886,129071,A69-1604-28093,NA,2024/07/07 02:58:31.621,5006.250000000000000,5082.600000000000364,-1,2.343500000000000,NA,0.182100000000000,NA,NA,11,487450 486912 484753 486918 486915 486916 486914 486909 486919 486917,10,487450 486912 484753 486918 486915 486916,6,-88.295884999999998,30.387061800000001,2024/07/07 02:58:31.621,2024/07/06 21:58:31.621,
922,131085,A69-1604-28093,NA,2024/07/07 10:14:51.391,5004.720000000000255,5141.300000000000182,-1,2.755000000000000,NA,0.383600000000000,NA,NA,12,488550 486914 486912 487450 486915 486916 486918 486909,8,488550 486914 486912 487450 486915 486916,6,-88.295900900000007,30.387591300000000,2024/07/07 10:14:51.391,2024/07/07 05:14:51.391,
924,132862,A69-1604-28093,NA,2024/07/07 17:54:58.702,5012.939999999999600,5151.340000000000146,-1,5.153300000000000,NA,0.112800000000000,NA,NA,5,488550 486914 487450 486918 486909,5,488550 486914 487450 486918 486909,5,-88.295815300000001,30.387681799999999,2024/07/07 17:54:58.702,2024/07/07 12:54:58.702,
954,139575,A69-1604-28093,NA,2024/07/09 01:05:27.859,5005.420000000000073,5147.119999999999891,-1,13.404100000000000,NA,1.768800000000000,NA,NA,2,488550 486912 486914 484753,4,488550 486912 486914 484753,4,-88.295893599999999,30.387643799999999,2024/07/09 01:05:27.859,2024/07/08 20:05:27.859,
955,139586,A69-1604-28093,NA,2024/07/09 01:08:09.843,5001.239999999999782,5115.529999999999745,-1,5.461500000000000,NA,0.000000000000000,NA,NA,1,486912 488550 484753,3,486912 488550 484753,3,-88.295937100000003,30.387358800000001,2024/07/09 01:08:09.843,2024/07/08 20:08:09.843,
978,144663,A69-1604-28093,NA,2024/07/10 06:09:45.782,4945.470000000000255,5086.789999999999964,-1,7.052500000000000,NA,0.454300000000000,NA,NA,8,486915 486912 487450 486918 486917 486909 486916 486919,8,486915 486912 487450 486918 486917 486909,6,-88.296517399999999,30.387099599999999,2024/07/10 06:09:45.782,2024/07/10 01:09:45.782,
979,144674,A69-1604-28093,NA,2024/07/10 06:12:16.750,4941.239999999999782,5083.140000000000327,-1,7.384800000000000,NA,0.184100000000000,NA,NA,8,486915 486912 487450 486918 486917 484753 486914 486909 486916,9,486915 486912 487450 486918 486917 484753,6,-88.296561299999993,30.387066600000001,2024/07/10 06:12:16.750,2024/07/10 01:12:16.750,
980,144692,A69-1604-28093,NA,2024/07/10 06:15:14.842,4940.890000000000327,5075.939999999999600,-1,7.139600000000000,NA,0.200100000000000,NA,NA,8,486915 486912 487450 486918 486917 486909 486914 486916 486919,9,486915 486912 487450 486918 486917 486909,6,-88.296565000000001,30.387001699999999,2024/07/10 06:15:14.842,2024/07/10 01:15:14.842,
986,144827,A69-1604-28093,NA,2024/07/10 06:42:57.172,4915.289999999999964,5068.199999999999818,-1,13.737299999999999,NA,0.122000000000000,NA,NA,7,486915 486912 486917 486918 487450 486909,6,486912 486917 486918 487450 486909,5,-88.296831400000002,30.386931799999999,2024/07/10 06:42:57.172,2024/07/10 01:42:57.172,
996,145183,A69-1604-28093,NA,2024/07/10 07:50:02.841,4918.819999999999709,5075.069999999999709,-1,13.976000000000001,NA,0.313900000000000,NA,NA,6,486915 486912 486917 486918 486909 484753 486916 486919,8,486912 486917 486918 486909 484753,5,-88.296794599999998,30.386993799999999,2024/07/10 07:50:02.841,2024/07/10 02:50:02.841,
1004,145351,A69-1604-28093,NA,2024/07/10 08:25:27.222,4913.949999999999818,5069.539999999999964,-1,14.346200000000000,NA,0.070100000000000,NA,NA,7,486915 486912 486917 486918 487450 486909 484753 486916 486919,9,486912 486917 486918 487450 486909,5,-88.296845300000001,30.386944000000000,2024/07/10 08:25:27.222,2024/07/10 03:25:27.222,
1009,145463,A69-1604-28093,NA,2024/07/10 08:48:32.548,4950.779999999999745,5086.189999999999600,-1,4.781300000000000,NA,0.869100000000000,NA,NA,9,486915 486912 487450 486918 488550 486917 486914 484753 486909 486916 486919,11,486915 486912 487450 486918 488550 486917,6,-88.296462099999999,30.387094099999999,2024/07/10 08:48:32.548,2024/07/10 03:48:32.548,
1010,145475,A69-1604-28093,NA,2024/07/10 08:51:11.929,4948.579999999999927,5078.489999999999782,-1,4.788000000000000,NA,0.240400000000000,NA,NA,8,486915 486912 487450 486918 486917 488550 484753 486909 486914 486916,10,486915 486912 487450 486918 486917 488550,6,-88.296485099999998,30.387024700000001,2024/07/10 08:51:11.929,2024/07/10 03:51:11.929,
1011,145499,A69-1604-28093,NA,2024/07/10 08:55:53.497,4954.079999999999927,5082.779999999999745,-1,4.231700000000000,NA,0.190400000000000,NA,NA,9,486915 486912 487450 486918 488550 484753 486914 486909 486916 486919,10,486915 486912 487450 486918 488550 484753,6,-88.296427800000004,30.387063399999999,2024/07/10 08:55:53.497,2024/07/10 03:55:53.497,
1012,145513,A69-1604-28093,NA,2024/07/10 08:58:42.925,4951.909999999999854,5088.109999999999673,-1,4.322600000000002,NA,0.171600000000000,NA,NA,10,486915 486912 487450 486918 488550 486917 486914 484753 486909 486916,10,486915 486912 487450 486918 488550 486917,6,-88.296450300000004,30.387111500000000,2024/07/10 08:58:42.925,2024/07/10 03:58:42.925,
1013,145537,A69-1604-28093,NA,2024/07/10 09:03:25.479,4947.850000000000364,5084.069999999999709,-1,7.438300000000000,NA,0.084600000000000,NA,NA,10,486915 486912 487450 486918 486909 486916,6,486915 486912 487450 486918 486909 486916,6,-88.296492599999993,30.387074999999999,2024/07/10 09:03:25.479,2024/07/10 04:03:25.479,
1014,145555,A69-1604-28093,NA,2024/07/10 09:10:22.816,4952.640000000000327,5082.039999999999964,-1,12.552300000000001,NA,0.405200000000000,NA,NA,1,486915 486912 486918 486917,4,486912 486918 486917,3,-88.296442799999994,30.387056699999999,2024/07/10 09:10:22.816,2024/07/10 04:10:22.816,
1015,145571,A69-1604-28093,NA,2024/07/10 09:13:19.052,4939.979999999999563,5078.460000000000036,-1,6.379000000000000,NA,0.227600000000000,NA,NA,8,486915 486912 487450 486918 486917 488550 486909 484753 486916,9,486915 486912 487450 486918 486917 488550,6,-88.296574500000006,30.387024400000001,2024/07/10 09:13:19.052,2024/07/10 04:13:19.052,
1016,145611,A69-1604-28093,NA,2024/07/10 09:20:47.686,4934.510000000000218,5074.659999999999854,-1,9.038500000000001,NA,0.217500000000000,NA,NA,6,486915 486912 486917 486918 488550 486914,6,486915 486912 486917 486918 488550 486914,6,-88.296631399999995,30.386990099999998,2024/07/10 09:20:47.686,2024/07/10 04:20:47.686,
1017,145631,A69-1604-28093,NA,2024/07/10 09:25:04.660,4928.079999999999927,5073.020000000000437,-1,11.000100000000000,NA,0.333800000000000,NA,NA,6,486915 486912 486917 486918 484753 486914,6,486912 486917 486918 484753 486914,5,-88.296698300000003,30.386975400000001,2024/07/10 09:25:04.660,2024/07/10 04:25:04.660,
1018,145642,A69-1604-28093,NA,2024/07/10 09:27:21.122,4923.180000000000291,5073.260000000000218,-1,11.569800000000001,NA,0.260700000000000,NA,NA,6,486915 486912 486917 486918 486909 486916,6,486912 486917 486918 486909 486916,5,-88.296749300000002,30.386977500000000,2024/07/10 09:27:21.122,2024/07/10 04:27:21.122,
1019,145655,A69-1604-28093,NA,2024/07/10 09:29:50.467,4927.229999999999563,5062.859999999999673,-1,9.650499999999999,NA,0.313900000000000,NA,NA,7,486915 486912 486917 486918 487450 486909 484753 486916,8,486912 486917 486918 487450 486909,5,-88.296707200000000,30.386883699999998,2024/07/10 09:29:50.467,2024/07/10 04:29:50.467,
1020,145676,A69-1604-28093,NA,2024/07/10 09:35:32.178,4938.500000000000000,5083.199999999999818,-1,6.674200000000000,NA,0.163700000000000,NA,NA,8,486915 486912 487450 486918 486917 488550 484753,7,486915 486912 487450 486918 486917 488550,6,-88.296589900000001,30.387067200000001,2024/07/10 09:35:32.178,2024/07/10 04:35:32.178,
1021,145711,A69-1604-28093,NA,2024/07/10 09:43:44.170,4951.640000000000327,5085.760000000000218,-1,4.488400000000002,NA,0.245900000000000,NA,NA,9,486915 486912 487450 486918 488550 486917 486909 486916,8,486915 486912 487450 486918 488550 486917,6,-88.296453099999994,30.387090199999999,2024/07/10 09:43:44.170,2024/07/10 04:43:44.170,
1024,145773,A69-1604-28093,NA,2024/07/10 09:57:03.730,4977.930000000000291,5097.510000000000218,-1,2.507300000000000,NA,0.230300000000000,NA,NA,12,486912 487450 486915 488550 486918 486914 484753 486916 486917 486909,10,486912 487450 486915 488550 486918 486914,6,-88.296179600000002,30.387196200000002,2024/07/10 09:57:03.730,2024/07/10 04:57:03.730,
1026,145815,A69-1604-28093,NA,2024/07/10 10:05:33.705,4976.930000000000291,5101.470000000000255,-1,2.665600000000000,NA,0.282600000000000,NA,NA,11,486912 487450 486915 488550 486918 486914 484753 486916 486917 486909 486919,11,486912 487450 486915 488550 486918 486914,6,-88.296189999999996,30.387232000000001,2024/07/10 10:05:33.705,2024/07/10 05:05:33.705,
1027,145829,A69-1604-28093,NA,2024/07/10 10:08:24.801,4977.029999999999745,5102.689999999999600,-1,2.709200000000000,NA,0.260300000000000,NA,NA,11,486912 487450 486915 488550 486914 486918 484753 486916 486909 486919,10,486912 487450 486915 488550 486914 486918,6,-88.296188999999998,30.387242900000000,2024/07/10 10:08:24.801,2024/07/10 05:08:24.801,
1028,145845,A69-1604-28093,NA,2024/07/10 10:11:03.463,4974.199999999999818,5094.460000000000036,-1,2.466300000000000,NA,0.294300000000000,NA,NA,14,486912 486915 488550 486918 486914 484753 486916 486917 486909,9,486912 486915 488550 486918 486914 484753,6,-88.296218400000001,30.387168700000000,2024/07/10 10:11:03.463,2024/07/10 05:11:03.463,
1029,145859,A69-1604-28093,NA,2024/07/10 10:13:17.130,4964.550000000000182,5094.619999999999891,-1,3.313400000000000,NA,0.272500000000000,NA,NA,11,486912 486915 487450 488550 486918 486914 484753 486917 486916 486909 486919,11,486912 486915 487450 488550 486918 486914,6,-88.296318900000003,30.387170099999999,2024/07/10 10:13:17.130,2024/07/10 05:13:17.130,
1030,145873,A69-1604-28093,NA,2024/07/10 10:15:40.835,4973.739999999999782,5101.090000000000146,-1,2.769400000000000,NA,0.531100000000000,NA,NA,11,486912 487450 486915 488550 486918 486914 484753 486916 486917 486909,10,486912 487450 486915 488550 486918 486914,6,-88.296223200000000,30.387228499999999,2024/07/10 10:15:40.835,2024/07/10 05:15:40.835,
1031,145887,A69-1604-28093,NA,2024/07/10 10:18:24.426,4979.590000000000146,5100.210000000000036,-1,4.116400000000000,NA,0.322600000000000,NA,NA,10,486912 487450 488550 486918 486914 484753,6,486912 487450 488550 486918 486914 484753,6,-88.296162400000000,30.387220599999999,2024/07/10 10:18:24.426,2024/07/10 05:18:24.426,
1032,145918,A69-1604-28093,NA,2024/07/10 10:25:53.582,4986.510000000000218,5108.510000000000218,-1,5.145900000000000,NA,0.256700000000000,NA,NA,10,487450 488550 486914 484753 486918 486916 486917 486919,8,487450 488550 486914 484753 486918 486916,6,-88.296090300000003,30.387295500000000,2024/07/10 10:25:53.582,2024/07/10 05:25:53.582,
1033,145929,A69-1604-28093,NA,2024/07/10 10:28:34.851,4996.869999999999891,5115.279999999999745,-1,2.120400000000000,NA,0.287600000000000,NA,NA,14,486912 487450 488550 486914 484753 486918 486916 486919 486917,9,486912 487450 488550 486914 484753 486918,6,-88.295982600000002,30.387356600000000,2024/07/10 10:28:34.851,2024/07/10 05:28:34.851,
1035,145955,A69-1604-28093,NA,2024/07/10 10:33:27.415,4999.279999999999745,5152.189999999999600,-1,12.040800000000001,NA,0.304100000000000,NA,NA,6,488550 486912 486914 487450 484753 486915 486916 486918,8,486912 486914 487450 484753 486915,5,-88.295957500000000,30.387689500000000,2024/07/10 10:33:27.415,2024/07/10 05:33:27.415,
1040,149248,A69-1604-28093,NA,2024/07/10 23:59:34.976,4964.399999999999636,5084.640000000000327,-1,2.726300000000000,NA,0.115800000000000,NA,NA,10,486915 486912 487450 486918 488550 486917 484753 486914 486916 486909 486919,11,486915 486912 487450 486918 488550 486917,6,-88.296320399999999,30.387080099999999,2024/07/10 23:59:34.976,2024/07/10 18:59:34.976,
1041,149264,A69-1604-28093,NA,2024/07/11 00:02:12.281,4952.529999999999745,5083.659999999999854,-1,4.288700000000002,NA,0.283500000000000,NA,NA,9,486915 486912 487450 486918 488550 486917 484753 486909 486916,9,486915 486912 487450 486918 488550 486917,6,-88.296443999999994,30.387071299999999,2024/07/11 00:02:12.281,2024/07/10 19:02:12.281,
1042,149276,A69-1604-28093,NA,2024/07/11 00:04:23.353,4939.619999999999891,5080.920000000000073,-1,6.423500000000000,NA,0.250500000000000,NA,NA,8,486915 486912 487450 486918 486917 488550 486909 484753 486916 486919,10,486915 486912 487450 486918 486917 488550,6,-88.296578199999999,30.387046600000001,2024/07/11 00:04:23.353,2024/07/10 19:04:23.353,
1043,149289,A69-1604-28093,NA,2024/07/11 00:06:41.917,4920.600000000000364,5070.979999999999563,-1,10.005699999999999,NA,0.189100000000000,NA,NA,6,486915 486912 486917 486918 487450 488550 486909 484753 486914 486916 486919,11,486912 486917 486918 487450 488550,5,-88.296776199999996,30.386956999999999,2024/07/11 00:06:41.917,2024/07/10 19:06:41.917,
1044,149335,A69-1604-28093,NA,2024/07/11 00:15:21.796,4959.670000000000073,5092.729999999999563,-1,3.557000000000000,NA,0.199200000000000,NA,NA,10,486912 486915 487450 488550 486918 486917 486914 484753 486916 486909,10,486912 486915 487450 488550 486918 486917,6,-88.296369600000006,30.387153099999999,2024/07/11 00:15:21.796,2024/07/10 19:15:21.796,
1045,149359,A69-1604-28093,NA,2024/07/11 00:21:25.726,4954.000000000000000,5083.109999999999673,-1,12.487000000000000,NA,0.222700000000000,NA,NA,7,486915 487450 486918 486917 486909 486916 486919,7,486915 487450 486918 486917 486909 486916,6,-88.296428599999999,30.387066399999998,2024/07/11 00:21:25.726,2024/07/10 19:21:25.726,
1047,149403,A69-1604-28093,NA,2024/07/11 00:30:05.803,4926.350000000000364,5077.529999999999745,-1,11.759100000000000,NA,0.262500000000000,NA,NA,8,486915 486912 486917 487450 486918 484753 486914 486916,8,486915 486912 486917 487450 486918 484753,6,-88.296716300000000,30.387015999999999,2024/07/11 00:30:05.803,2024/07/10 19:30:05.803,
1048,149426,A69-1604-28093,NA,2024/07/11 00:35:27.362,4924.340000000000146,5076.359999999999673,-1,11.536300000000001,NA,0.149500000000000,NA,NA,8,486915 486912 486917 487450 486918 486909 484753 486916,8,486915 486912 486917 487450 486918 486909,6,-88.296737300000004,30.387005500000001,2024/07/11 00:35:27.362,2024/07/10 19:35:27.362,
1053,149591,A69-1604-28093,NA,2024/07/11 01:11:23.684,4914.659999999999854,5052.149999999999636,-1,13.494999999999999,NA,0.157500000000000,NA,NA,9,486915 486917 486912 486918 487450 486909 484753 486916,8,486915 486917 486912 486918 487450 486909,6,-88.296837999999994,30.386787099999999,2024/07/11 01:11:23.684,2024/07/10 20:11:23.684,
1054,149601,A69-1604-28093,NA,2024/07/11 01:14:11.989,4913.569999999999709,5054.819999999999709,-1,13.984800000000000,NA,0.099900000000000,NA,NA,8,486915 486917 486912 486918 487450 486909 486914,7,486915 486917 486912 486918 487450 486909,6,-88.296849300000005,30.386811200000000,2024/07/11 01:14:11.989,2024/07/10 20:14:11.989,
1091,161761,A69-1604-28093,NA,2024/07/13 03:08:39.766,5011.760000000000218,5145.029999999999745,-1,3.708600000000000,NA,0.337800000000000,NA,NA,12,488550 486914 486912 487450 484753 486916 486915 486918 486909 486917,10,488550 486914 486912 487450 484753 486916,6,-88.295827700000004,30.387624899999999,2024/07/13 03:08:39.766,2024/07/12 22:08:39.766,
1101,167970,A69-1604-28093,NA,2024/07/14 05:31:32.281,4996.729999999999563,5152.680000000000291,-1,14.168699999999999,NA,0.049000000000000,NA,NA,6,488550 486912 486914 487450 484753 486916,6,486912 486914 487450 484753 486916,5,-88.295984099999998,30.387693899999999,2024/07/14 05:31:32.281,2024/07/14 00:31:32.281,
1127,186078,A69-1604-28093,NA,2024/07/17 20:25:39.818,5036.170000000000073,5102.420000000000073,-1,2.711500000000000,NA,0.290300000000000,NA,NA,5,484753 487450 486914 486916 486918 486919 486909,7,484753 487450 486914 486916 486918 486919,6,-88.295573599999997,30.387240500000001,2024/07/17 20:25:39.818,2024/07/17 15:25:39.818,
1128,186085,A69-1604-28093,NA,2024/07/17 20:27:56.510,5005.680000000000291,5097.640000000000327,-1,2.115000000000000,NA,0.790200000000000,NA,NA,13,487450 486912 484753 488550 486914 486918 486909,7,487450 486912 484753 488550 486914 486918,6,-88.295890900000003,30.387197400000002,2024/07/17 20:27:56.510,2024/07/17 15:27:56.510,
1129,186090,A69-1604-28093,NA,2024/07/17 20:30:26.090,5011.609999999999673,5068.590000000000146,-1,2.314500000000000,NA,0.112200000000000,NA,NA,11,487450 486918 484753 486912 486915 486914 488550,7,487450 486918 484753 486912 486915 486914,6,-88.295829200000000,30.386935399999999,2024/07/17 20:30:26.090,2024/07/17 15:30:26.090,
1130,186093,A69-1604-28093,NA,2024/07/17 20:33:21.608,5054.710000000000036,5077.590000000000146,-1,3.263200000000000,NA,0.129400000000000,NA,NA,3,484753 486916 487450 486914 486912,5,484753 486916 487450 486914 486912,5,-88.295380699999995,30.387016599999999,2024/07/17 20:33:21.608,2024/07/17 15:33:21.608,
1131,186100,A69-1604-28093,NA,2024/07/17 20:36:09.180,5071.630000000000109,5094.489999999999782,-1,6.666500000000000,NA,0.320700000000000,NA,NA,2,484753 486916 486914 487450 486919,5,486916 486914 487450 486919,4,-88.295204699999999,30.387169000000000,2024/07/17 20:36:09.180,2024/07/17 15:36:09.180,
1144,186820,A69-1604-28093,NA,2024/07/17 23:39:14.899,5090.949999999999818,5107.800000000000182,-1,10.692800000000000,NA,0.091200000000000,NA,NA,4,484753 486914 486916 486919 487450 486918 486909 486915,8,486914 486916 486919 487450 486918,5,-88.295003600000001,30.387289100000000,2024/07/17 23:39:14.899,2024/07/17 18:39:14.899,
1148,186886,A69-1604-28093,NA,2024/07/17 23:53:07.345,5060.189999999999600,5108.670000000000073,-1,4.143500000000002,NA,0.120400000000000,NA,NA,7,484753 486914 486916 487450 486919 486918 486909 486915 486917,9,484753 486914 486916 487450 486919 486918,6,-88.295323699999997,30.387296899999999,2024/07/17 23:53:07.345,2024/07/17 18:53:07.345,
1149,186910,A69-1604-28093,NA,2024/07/17 23:57:58.324,5019.420000000000073,5077.590000000000146,-1,2.057100000000000,NA,0.333900000000000,NA,NA,14,484753 486916 486912 486914 486915 486919 486917,7,484753 486916 486912 486914 486915 486919,6,-88.295747899999995,30.387016500000001,2024/07/17 23:57:58.324,2024/07/17 18:57:58.324,
1150,186935,A69-1604-28093,NA,2024/07/18 00:02:59.304,5006.060000000000400,5070.460000000000036,-1,2.147800000000000,NA,0.107800000000000,NA,NA,12,487450 486918 486912 484753 486915 486916 486909 486914 486919 486917,10,487450 486918 486912 484753 486915 486916,6,-88.295886899999999,30.386952200000000,2024/07/18 00:02:59.304,2024/07/17 19:02:59.304,
1151,186947,A69-1604-28093,NA,2024/07/18 00:05:14.582,4997.210000000000036,5065.189999999999600,-1,2.012700000000000,NA,0.153500000000000,NA,NA,14,487450 486918 486915 486912 484753 486916 486909 486917 488550 486914 486919,11,487450 486918 486915 486912 484753 486916,6,-88.295979000000003,30.386904699999999,2024/07/18 00:05:14.582,2024/07/17 19:05:14.582,
1152,186959,A69-1604-28093,NA,2024/07/18 00:07:41.553,4979.939999999999600,5069.779999999999745,-1,4.714600000000000,NA,0.101100000000000,NA,NA,4,486915 487450 486918 486917,4,486915 487450 486918 486917,4,-88.296158700000007,30.386946099999999,2024/07/18 00:07:41.553,2024/07/17 19:07:41.553,
1153,186975,A69-1604-28093,NA,2024/07/18 00:10:31.732,4967.699999999999818,5077.260000000000218,-1,2.278200000000000,NA,0.589900000000000,NA,NA,11,486915 486912 487450 486918 486917 484753 486909 486914 486916 486919,10,486915 486912 487450 486918 486917 484753,6,-88.296285999999995,30.387013600000000,2024/07/18 00:10:31.732,2024/07/17 19:10:31.732,
1154,186982,A69-1604-28093,NA,2024/07/18 00:13:08.316,4959.760000000000218,5066.810000000000400,-1,3.312400000000000,NA,0.183100000000000,NA,NA,10,486915 486912 487450 486918 486917 486909 484753 486916 486914 486919,10,486915 486912 487450 486918 486917 486909,6,-88.296368700000002,30.386919299999999,2024/07/18 00:13:08.316,2024/07/17 19:13:08.316,
1155,186996,A69-1604-28093,NA,2024/07/18 00:15:17.771,4956.039999999999964,5059.390000000000327,-1,4.011900000000000,NA,0.225800000000000,NA,NA,8,486915 486918 486912 486917 487450 486909 484753 486914,8,486915 486918 486912 486917 487450 486909,6,-88.296407400000007,30.386852399999999,2024/07/18 00:15:17.771,2024/07/17 19:15:17.771,
1156,187019,A69-1604-28093,NA,2024/07/18 00:19:59.827,4950.569999999999709,5054.180000000000291,-1,5.824900000000000,NA,0.230500000000000,NA,NA,5,486915 486917 486918 487450 486909 484753 486916 486919,8,486915 486917 486918 487450 486909 484753,6,-88.296464299999997,30.386805400000000,2024/07/18 00:19:59.827,2024/07/17 19:19:59.827,
1158,187071,A69-1604-28093,NA,2024/07/18 00:29:47.803,4945.069999999999709,5058.489999999999782,-1,5.873300000000000,NA,0.144400000000000,NA,NA,7,486915 486917 486912 486918 487450 486909 484753 486914,8,486917 486912 486918 487450 486909,5,-88.296521499999997,30.386844300000000,2024/07/18 00:29:47.803,2024/07/17 19:29:47.803,
1160,187126,A69-1604-28093,NA,2024/07/18 00:39:57.020,4971.069999999999709,5062.819999999999709,-1,2.185400000000000,NA,0.116400000000000,NA,NA,12,486915 486918 487450 486912 486917 484753 486914,7,486915 486918 487450 486912 486917 484753,6,-88.296250999999998,30.386883300000001,2024/07/18 00:39:57.020,2024/07/17 19:39:57.020,
1161,187149,A69-1604-28093,NA,2024/07/18 00:44:47.098,4971.890000000000327,5061.619999999999891,-1,2.546300000000000,NA,0.213300000000000,NA,NA,10,486915 486918 487450 486917 486909 484753,6,486915 486918 487450 486917 486909 484753,6,-88.296242500000005,30.386872499999999,2024/07/18 00:44:47.098,2024/07/17 19:44:47.098,
1162,187179,A69-1604-28093,NA,2024/07/18 00:50:44.975,4971.470000000000255,5061.539999999999964,-1,2.057200000000000,NA,0.522400000000000,NA,NA,13,486915 486918 487450 486912 486917 484753,6,486915 486918 487450 486912 486917 484753,6,-88.296246800000006,30.386871800000002,2024/07/18 00:50:44.975,2024/07/17 19:50:44.975,
1163,187199,A69-1604-28093,NA,2024/07/18 00:56:14.791,4975.229999999999563,5065.100000000000364,-1,2.043500000000000,NA,0.373800000000000,NA,NA,13,486915 487450 486918 486912 486917 484753 486916,7,486915 487450 486918 486912 486917 484753,6,-88.296207699999997,30.386903900000000,2024/07/18 00:56:14.791,2024/07/17 19:56:14.791,
1164,187219,A69-1604-28093,NA,2024/07/18 01:00:52.668,4977.800000000000182,5079.510000000000218,-1,2.039600000000000,NA,0.284300000000000,NA,NA,13,486915 486912 487450 486918 484753 486917 486916 486909,8,486915 486912 487450 486918 484753 486917,6,-88.296181000000004,30.387033899999999,2024/07/18 01:00:52.668,2024/07/17 20:00:52.668,
1165,187230,A69-1604-28093,NA,2024/07/18 01:03:36.747,4954.850000000000364,5078.399999999999636,-1,3.889000000000000,NA,0.303500000000000,NA,NA,10,486915 486912 487450 486918 486917 484753 486909,7,486915 486912 487450 486918 486917 484753,6,-88.296419700000001,30.387023899999999,2024/07/18 01:03:36.747,2024/07/17 20:03:36.747,
1166,187241,A69-1604-28093,NA,2024/07/18 01:06:01.188,4956.090000000000146,5064.819999999999709,-1,3.856300000000000,NA,0.081900000000000,NA,NA,9,486915 486912 486918 487450 486917 486909,6,486915 486912 486918 487450 486917 486909,6,-88.296406899999994,30.386901300000002,2024/07/18 01:06:01.188,2024/07/17 20:06:01.188,
1167,187252,A69-1604-28093,NA,2024/07/18 01:08:46.434,4951.859999999999673,5064.140000000000327,-1,5.112800000000000,NA,0.295300000000000,NA,NA,7,486915 486912 486918 487450 486917 486909 484753 486916,8,486912 486918 487450 486917 486909,5,-88.296450899999996,30.386895299999999,2024/07/18 01:08:46.434,2024/07/17 20:08:46.434,
1178,191316,A69-1604-28093,NA,2024/07/18 19:00:30.278,5025.210000000000036,5103.619999999999891,-1,5.002100000000000,NA,0.158800000000000,NA,NA,15,486912 486918 486915 486919 486909 486917,6,486912 486918 486915 486919 486909 486917,6,-88.295687700000002,30.387251400000000,2024/07/18 19:00:30.278,2024/07/18 14:00:30.278,
1179,191325,A69-1604-28093,NA,2024/07/18 19:02:59.329,5059.079999999999927,5095.930000000000291,-1,3.661900000000000,NA,0.247400000000000,NA,NA,6,484753 486916 486914 487450 486919 486918 486909 486915 486917,9,486916 486914 487450 486919 486918,5,-88.295335300000005,30.387181999999999,2024/07/18 19:02:59.329,2024/07/18 14:02:59.329,
1180,191339,A69-1604-28093,NA,2024/07/18 19:05:53.895,5091.819999999999709,5108.079999999999927,-1,10.976100000000001,NA,0.159400000000000,NA,NA,4,484753 486914 486916 486919 487450 486918 486909 486917,8,486914 486916 486919 487450 486918,5,-88.294994599999995,30.387291600000001,2024/07/18 19:05:53.895,2024/07/18 14:05:53.895,
1189,192017,A69-1604-28093,NA,2024/07/18 22:45:00.744,5023.119999999999891,5048.979999999999563,-1,2.792500000000000,NA,0.112200000000000,NA,NA,9,486918 487450 486916 486909 484753,5,486918 487450 486916 486909 484753,5,-88.295709500000001,30.386758499999999,2024/07/18 22:45:00.744,2024/07/18 17:45:00.744,
1203,192198,A69-1604-28093,NA,2024/07/18 23:49:24.870,5015.880000000000109,5062.380000000000109,-1,7.084000000000000,NA,0.027800000000000,NA,NA,3,487450 486918 484753 486909,4,487450 486918 484753 486909,4,-88.295784800000007,30.386879400000002,2024/07/18 23:49:24.870,2024/07/18 18:49:24.870,
1204,192209,A69-1604-28093,NA,2024/07/18 23:51:55.584,5012.100000000000364,5062.829999999999927,-1,2.200000000000000,NA,0.584700000000000,NA,NA,13,487450 486918 486916 484753 486909 486912 486915 486919 486917,9,487450 486918 486916 484753 486909 486912,6,-88.295824100000004,30.386883399999999,2024/07/18 23:51:55.584,2024/07/18 18:51:55.584,
1207,192268,A69-1604-28093,NA,2024/07/19 00:05:15.424,5001.239999999999782,5053.369999999999891,-1,1.879200000000000,NA,0.248800000000000,NA,NA,13,486918 487450 486915 486909 486912 484753 486917,7,486918 487450 486915 486909 486912 484753,6,-88.295937100000003,30.386798100000000,2024/07/19 00:05:15.424,2024/07/18 19:05:15.424,
1208,192283,A69-1604-28093,NA,2024/07/19 00:08:14.969,5003.069999999999709,5056.810000000000400,-1,1.896100000000000,NA,0.178400000000000,NA,NA,11,486918 487450 486915 486909 486912 484753 486917,7,486918 487450 486915 486909 486912 484753,6,-88.295918099999994,30.386829100000000,2024/07/19 00:08:14.969,2024/07/18 19:08:14.969,
1209,192326,A69-1604-28093,NA,2024/07/19 00:16:27.407,4998.050000000000182,5056.739999999999782,-1,2.040400000000000,NA,0.089800000000000,NA,NA,12,486918 487450 486915 486909 486912 486916 484753 486919 486914,9,486918 487450 486915 486909 486912 486916,6,-88.295970299999993,30.386828500000000,2024/07/19 00:16:27.407,2024/07/18 19:16:27.407,
1210,192341,A69-1604-28093,NA,2024/07/19 00:19:24.101,4995.310000000000400,5056.270000000000437,-1,2.051300000000000,NA,0.179000000000000,NA,NA,12,486918 487450 486915 486912 486909 486916 484753 486919,8,486918 487450 486915 486912 486909 486916,6,-88.295998800000007,30.386824300000001,2024/07/19 00:19:24.101,2024/07/18 19:19:24.101,
1211,192352,A69-1604-28093,NA,2024/07/19 00:22:13.777,4994.279999999999745,5057.069999999999709,-1,4.278900000000000,NA,0.145900000000000,NA,NA,9,486918 487450 486909 486917 486916 484753,6,486918 487450 486909 486917 486916 484753,6,-88.296009499999997,30.386831500000000,2024/07/19 00:22:13.777,2024/07/18 19:22:13.777,
1212,192364,A69-1604-28093,NA,2024/07/19 00:24:49.411,4991.689999999999600,5057.479999999999563,-1,3.333600000000000,NA,0.240200000000000,NA,NA,10,486918 487450 486912 486909 486916 484753,6,486918 487450 486912 486909 486916 484753,6,-88.296036500000000,30.386835200000000,2024/07/19 00:24:49.411,2024/07/18 19:24:49.411,
1213,192383,A69-1604-28093,NA,2024/07/19 00:29:08.274,4992.520000000000437,5062.909999999999854,-1,2.469300000000000,NA,0.310000000000000,NA,NA,11,487450 486918 486915 486916 484753 486917,6,487450 486918 486915 486916 484753 486917,6,-88.296027800000005,30.386884100000000,2024/07/19 00:29:08.274,2024/07/18 19:29:08.274,
1214,192394,A69-1604-28093,NA,2024/07/19 00:31:27.075,4992.489999999999782,5063.109999999999673,-1,2.005900000000000,NA,0.313700000000000,NA,NA,13,487450 486918 486915 486912 486909 486916 486917,7,487450 486918 486915 486912 486909 486916,6,-88.296028199999995,30.386885899999999,2024/07/19 00:31:27.075,2024/07/18 19:31:27.075,
1215,192424,A69-1604-28093,NA,2024/07/19 00:38:10.161,4996.680000000000291,5059.180000000000291,-1,1.930100000000000,NA,0.325000000000000,NA,NA,13,487450 486918 486915 486912 486909 486916 484753 486917 486919 486914,10,487450 486918 486915 486912 486909 486916,6,-88.295984500000003,30.386850500000001,2024/07/19 00:38:10.161,2024/07/18 19:38:10.161,
1216,192432,A69-1604-28093,NA,2024/07/19 00:40:15.860,4998.000000000000000,5057.039999999999964,-1,3.973400000000000,NA,0.315900000000000,NA,NA,5,486918 486915 486912 486909 486917,5,486918 486915 486912 486909 486917,5,-88.295970800000006,30.386831200000000,2024/07/19 00:40:15.860,2024/07/18 19:40:15.860,
1217,192451,A69-1604-28093,NA,2024/07/19 00:44:35.671,5001.439999999999600,5059.279999999999745,-1,6.801300000000000,NA,0.217200000000000,NA,NA,6,487450 486912 486916 484753 486919 486914,6,487450 486912 486916 484753 486919 486914,6,-88.295935000000000,30.386851400000001,2024/07/19 00:44:35.671,2024/07/18 19:44:35.671,
1218,192462,A69-1604-28093,NA,2024/07/19 00:46:56.104,4999.840000000000146,5058.260000000000218,-1,1.933800000000000,NA,0.328400000000000,NA,NA,13,487450 486918 486915 486912 486909 486916 484753 486917 486919 486914,10,487450 486918 486915 486912 486909 486916,6,-88.295951700000003,30.386842200000000,2024/07/19 00:46:56.104,2024/07/18 19:46:56.104,
1219,192481,A69-1604-28093,NA,2024/07/19 00:51:43.525,5000.319999999999709,5058.949999999999818,-1,2.006500000000000,NA,0.211400000000000,NA,NA,10,487450 486918 486915 486909 484753 486917 486919,7,487450 486918 486915 486909 484753 486917,6,-88.295946700000002,30.386848400000002,2024/07/19 00:51:43.525,2024/07/18 19:51:43.525,
1220,192492,A69-1604-28093,NA,2024/07/19 00:54:00.463,5001.279999999999745,5059.369999999999891,-1,1.935200000000000,NA,0.181000000000000,NA,NA,13,487450 486918 486915 486912 486909 486916 484753 486917 486919,9,487450 486918 486915 486912 486909 486916,6,-88.295936699999999,30.386852200000000,2024/07/19 00:54:00.463,2024/07/18 19:54:00.463,
1221,192506,A69-1604-28093,NA,2024/07/19 00:56:30.742,5001.560000000000400,5060.420000000000073,-1,1.860300000000000,NA,0.185400000000000,NA,NA,11,487450 486918 486915 486912 486909 484753 486916 486917,8,487450 486918 486915 486912 486909 484753,6,-88.295933800000000,30.386861700000001,2024/07/19 00:56:30.742,2024/07/18 19:56:30.742,
1222,192533,A69-1604-28093,NA,2024/07/19 01:02:17.171,5005.140000000000327,5067.300000000000182,-1,2.405600000000000,NA,0.115600000000000,NA,NA,14,487450 486918 486915 486916 486909 486917 486919,7,487450 486918 486915 486916 486909 486917,6,-88.295896499999998,30.386923800000002,2024/07/19 01:02:17.171,2024/07/18 20:02:17.171,
1223,192544,A69-1604-28093,NA,2024/07/19 01:04:53.083,5008.600000000000364,5069.300000000000182,-1,2.317500000000000,NA,0.030200000000000,NA,NA,14,487450 486918 484753 486916 486915 486909 486917,7,487450 486918 484753 486916 486915 486909,6,-88.295860500000003,30.386941799999999,2024/07/19 01:04:53.083,2024/07/18 20:04:53.083,
1224,192557,A69-1604-28093,NA,2024/07/19 01:07:01.381,5013.100000000000364,5068.039999999999964,-1,2.121700000000000,NA,0.238200000000000,NA,NA,13,487450 486918 484753 486916 486912 486915 486909 486914 486917,9,487450 486918 484753 486916 486912 486915,6,-88.295813699999997,30.386930400000001,2024/07/19 01:07:01.381,2024/07/18 20:07:01.381,
1225,192567,A69-1604-28093,NA,2024/07/19 01:09:14.344,5015.050000000000182,5068.569999999999709,-1,2.507200000000000,NA,0.337600000000000,NA,NA,14,487450 486918 484753 486916 486915 486909 486917,7,487450 486918 484753 486916 486915 486909,6,-88.295793399999994,30.386935200000000,2024/07/19 01:09:14.344,2024/07/18 20:09:14.344,
1226,192650,A69-1604-28093,NA,2024/07/19 01:25:05.756,5010.949999999999818,5069.699999999999818,-1,2.596300000000000,NA,0.309500000000000,NA,NA,10,487450 486918 486915 486909 486914 486917,6,487450 486918 486915 486909 486914 486917,6,-88.295835999999994,30.386945399999998,2024/07/19 01:25:05.756,2024/07/18 20:25:05.756,
1227,192677,A69-1604-28093,NA,2024/07/19 01:30:37.401,5003.170000000000073,5075.619999999999891,-1,2.160400000000000,NA,0.165500000000000,NA,NA,12,487450 486918 486912 486915 484753 486916 486909 486919 486917,9,487450 486918 486912 486915 484753 486916,6,-88.295917000000003,30.386998800000001,2024/07/19 01:30:37.401,2024/07/18 20:30:37.401,
1228,192687,A69-1604-28093,NA,2024/07/19 01:32:53.628,5003.079999999999927,5076.079999999999927,-1,2.174500000000000,NA,0.123800000000000,NA,NA,12,487450 486918 486912 486915 484753 486916 486909 486919,8,487450 486918 486912 486915 484753 486916,6,-88.295917900000006,30.387003000000000,2024/07/19 01:32:53.628,2024/07/18 20:32:53.628,
1229,192700,A69-1604-28093,NA,2024/07/19 01:35:22.470,5001.090000000000146,5082.119999999999891,-1,2.232700000000000,NA,0.126800000000000,NA,NA,12,487450 486912 486918 486915 484753 486916 486909 486917 486919,9,487450 486912 486918 486915 484753 486916,6,-88.295938699999994,30.387057400000000,2024/07/19 01:35:22.470,2024/07/18 20:35:22.470,
1230,192711,A69-1604-28093,NA,2024/07/19 01:38:16.619,4986.520000000000437,5078.369999999999891,-1,1.894800000000000,NA,0.104200000000000,NA,NA,14,487450 486912 486915 486918 484753 486917 486909 486919,8,487450 486912 486915 486918 484753 486917,6,-88.296090300000003,30.387023599999999,2024/07/19 01:38:16.619,2024/07/18 20:38:16.619,
1231,192723,A69-1604-28093,NA,2024/07/19 01:41:01.386,4980.909999999999854,5074.680000000000291,-1,3.505400000000000,NA,0.106800000000000,NA,NA,11,486915 487450 486918 486917 484753 486916 486909 486919,8,486915 487450 486918 486917 484753 486916,6,-88.296148599999995,30.386990300000001,2024/07/19 01:41:01.386,2024/07/18 20:41:01.386,
1232,192738,A69-1604-28093,NA,2024/07/19 01:43:27.461,4970.350000000000364,5072.449999999999818,-1,2.194900000000000,NA,0.088600000000000,NA,NA,12,486915 486912 487450 486918 486917 484753 486909 486916 486919,9,486915 486912 487450 486918 486917 484753,6,-88.296258499999993,30.386970200000000,2024/07/19 01:43:27.461,2024/07/18 20:43:27.461,
1238,192950,A69-1604-28093,NA,2024/07/19 02:24:11.954,4949.189999999999600,5056.449999999999818,-1,11.847500000000000,NA,0.404100000000000,NA,NA,3,486915 486917 486918 487450 486909 484753,6,486917 486918 487450 486909 484753,5,-88.296478699999994,30.386825800000000,2024/07/19 02:24:11.954,2024/07/18 21:24:11.954,
1239,192966,A69-1604-28093,NA,2024/07/19 02:26:50.170,4949.109999999999673,5055.319999999999709,-1,11.744300000000001,NA,0.410700000000000,NA,NA,3,486915 486917 486918 487450 486909 484753 486916 486919,8,486917 486918 487450 486909 484753,5,-88.296479500000004,30.386815700000000,2024/07/19 02:26:50.170,2024/07/18 21:26:50.170,
1240,192979,A69-1604-28093,NA,2024/07/19 02:29:02.879,4946.939999999999600,5056.279999999999745,-1,12.593500000000001,NA,0.235500000000000,NA,NA,3,486915 486917 486918 487450 486909 484753,6,486917 486918 487450 486909 484753,5,-88.296502099999998,30.386824300000001,2024/07/19 02:29:02.879,2024/07/18 21:29:02.879,
1242,193030,A69-1604-28093,NA,2024/07/19 02:38:51.297,4958.399999999999636,5056.229999999999563,-1,3.295800000000000,NA,0.074400000000000,NA,NA,9,486915 486918 486917 487450 486909 484753,6,486915 486918 486917 487450 486909 484753,6,-88.296382800000003,30.386823900000000,2024/07/19 02:38:51.297,2024/07/18 21:38:51.297,
1243,193044,A69-1604-28093,NA,2024/07/19 02:41:47.040,4965.829999999999927,5055.329999999999927,-1,4.070200000000000,NA,0.157500000000000,NA,NA,4,486915 486918 486917 486912 486909,5,486915 486918 486917 486912 486909,5,-88.296305500000003,30.386815800000001,2024/07/19 02:41:47.040,2024/07/18 21:41:47.040,
1244,193059,A69-1604-28093,NA,2024/07/19 02:44:35.065,4963.760000000000218,5051.029999999999745,-1,5.059000000000000,NA,0.081200000000000,NA,NA,3,486915 486918 486917 487450,4,486915 486918 486917 487450,4,-88.296327099999999,30.386776999999999,2024/07/19 02:44:35.065,2024/07/18 21:44:35.065,
1245,193075,A69-1604-28093,NA,2024/07/19 02:47:07.450,4962.000000000000000,5048.779999999999745,-1,2.624500000000000,NA,0.090500000000000,NA,NA,14,486915 486918 486917 487450 486909 486916 484753,7,486915 486918 486917 487450 486909 486916,6,-88.296345400000007,30.386756699999999,2024/07/19 02:47:07.450,2024/07/18 21:47:07.450,
1246,193101,A69-1604-28093,NA,2024/07/19 02:53:07.192,4961.220000000000255,5050.119999999999891,-1,3.134500000000000,NA,0.195500000000000,NA,NA,9,486915 486918 486917 487450 486909 484753,6,486915 486918 486917 487450 486909 484753,6,-88.296353499999995,30.386768799999999,2024/07/19 02:53:07.192,2024/07/18 21:53:07.192,
1247,193121,A69-1604-28093,NA,2024/07/19 02:56:00.669,4967.770000000000437,5052.079999999999927,-1,2.195800000000000,NA,0.083200000000000,NA,NA,13,486915 486918 486917 487450 486912 486909 484753 486914,8,486915 486918 486917 487450 486912 486909,6,-88.296285400000002,30.386786399999998,2024/07/19 02:56:00.669,2024/07/18 21:56:00.669,
1248,193136,A69-1604-28093,NA,2024/07/19 02:58:43.798,4965.369999999999891,5052.479999999999563,-1,2.603100000000000,NA,0.161100000000000,NA,NA,12,486915 486918 486917 487450 486912 486909 486916 484753 486914,9,486915 486918 486917 487450 486912 486909,6,-88.296310300000002,30.386790000000001,2024/07/19 02:58:43.798,2024/07/18 21:58:43.798,
1249,193162,A69-1604-28093,NA,2024/07/19 03:03:47.813,4966.029999999999745,5055.840000000000146,-1,4.124200000000000,NA,0.234800000000000,NA,NA,4,486915 486918 486917 486912 486909,5,486915 486918 486917 486912 486909,5,-88.296303399999999,30.386820400000001,2024/07/19 03:03:47.813,2024/07/18 22:03:47.813,
1250,193185,A69-1604-28093,NA,2024/07/19 03:08:42.507,4977.739999999999782,5064.180000000000291,-1,1.935100000000000,NA,0.119500000000000,NA,NA,14,486915 487450 486918 486912 486917 486909 484753 486916 488568 486919,10,486915 487450 486918 486912 486917 486909,6,-88.296181599999997,30.386895599999999,2024/07/19 03:08:42.507,2024/07/18 22:08:42.507,
1251,193207,A69-1604-28093,NA,2024/07/19 03:12:58.615,4990.930000000000291,5071.260000000000218,-1,2.075300000000000,NA,0.089100000000000,NA,NA,13,487450 486915 486918 486912 484753 486916 486909 486917 486914,9,487450 486915 486918 486912 484753 486916,6,-88.296044300000005,30.386959399999999,2024/07/19 03:12:58.615,2024/07/18 22:12:58.615,
1252,193220,A69-1604-28093,NA,2024/07/19 03:15:13.888,5012.189999999999600,5088.640000000000327,-1,2.510200000000000,NA,0.114300000000000,NA,NA,9,487450 484753 486912 486914 486916 486918 486915 486909 486919 486917,10,484753 486912 486914 486916 486918,5,-88.295823200000001,30.387116299999999,2024/07/19 03:15:13.888,2024/07/18 22:15:13.888,
1256,193277,A69-1604-28093,NA,2024/07/19 03:25:18.698,5007.340000000000146,5145.100000000000364,-1,9.955500000000001,NA,0.249300000000000,NA,NA,2,488550 487450 486916 486918,4,488550 487450 486916 486918,4,-88.295873599999993,30.387625600000000,2024/07/19 03:25:18.698,2024/07/18 22:25:18.698,
1300,203348,A69-1604-28093,NA,2024/07/21 05:50:25.662,4967.670000000000073,5094.020000000000437,-1,2.692600000000000,NA,0.304500000000000,NA,NA,11,486912 486915 487450 486918 486917 486916 486909,7,486912 486915 487450 486918 486917 486916,6,-88.296286400000000,30.387164800000001,2024/07/21 05:50:25.662,2024/07/21 00:50:25.662,
1320,209112,A69-1604-28093,NA,2024/07/22 06:50:33.619,5012.390000000000327,5157.149999999999636,-1,12.048400000000001,NA,0.305300000000000,NA,NA,6,488550 486914 486912 487450 484753 486916 486919 486909,8,488550 486914 486912 487450 484753 486916,6,-88.295821099999998,30.387734200000001,2024/07/22 06:50:33.619,2024/07/22 01:50:33.619,
1329,209709,A69-1604-28093,NA,2024/07/22 09:00:56.071,4994.229999999999563,5114.689999999999600,-1,2.038300000000000,NA,0.228000000000000,NA,NA,14,486912 487450 488550 486914 484753 486915 486918 486916 486909 486919,10,486912 487450 488550 486914 484753 486915,6,-88.296009999999995,30.387351200000001,2024/07/22 09:00:56.071,2024/07/22 04:00:56.071,
1330,209718,A69-1604-28093,NA,2024/07/22 09:03:06.425,5000.619999999999891,5112.319999999999709,-1,2.944400000000000,NA,0.132300000000000,NA,NA,10,486912 487450 486914 484753 486915 486916 486918 486909,8,486912 487450 486914 484753 486915 486916,6,-88.295943500000007,30.387329900000001,2024/07/22 09:03:06.425,2024/07/22 04:03:06.425,
1332,209743,A69-1604-28093,NA,2024/07/22 09:07:53.622,5014.119999999999891,5116.329999999999927,-1,2.012200000000000,NA,0.292700000000000,NA,NA,13,487450 486914 488550 486912 484753 486916 486915 486918 486909 486917,10,487450 486914 488550 486912 484753 486916,6,-88.295803100000001,30.387366000000000,2024/07/22 09:07:53.622,2024/07/22 04:07:53.622,
1342,212921,A69-1604-28093,NA,2024/07/22 22:47:07.733,5012.260000000000218,5121.090000000000146,-1,2.403600000000000,NA,0.815900000000000,NA,NA,10,488550 486914 487450 486912 484753,5,488550 486914 487450 486912 484753,5,-88.295822500000000,30.387409000000002,2024/07/22 22:47:07.733,2024/07/22 17:47:07.733,
1343,212928,A69-1604-28093,NA,2024/07/22 22:49:56.488,5043.029999999999745,5092.859999999999673,-1,3.049000000000000,NA,0.126100000000000,NA,NA,3,484753 487450 486916 486914 486917,5,484753 487450 486916 486914 486917,5,-88.295502299999995,30.387154299999999,2024/07/22 22:49:56.488,2024/07/22 17:49:56.488,
1344,212939,A69-1604-28093,NA,2024/07/22 22:52:30.514,5040.630000000000109,5090.960000000000036,-1,2.295500000000000,NA,0.208900000000000,NA,NA,11,484753 487450 486916 486914 486919 486918 486917,7,484753 487450 486916 486914 486919 486918,6,-88.295527199999995,30.387137200000002,2024/07/22 22:52:30.514,2024/07/22 17:52:30.514,
1345,212945,A69-1604-28093,NA,2024/07/22 22:54:35.058,5038.840000000000146,5089.130000000000109,-1,2.213500000000000,NA,0.264400000000000,NA,NA,11,484753 487450 486916 486914 486919 486918,6,484753 487450 486916 486914 486919 486918,6,-88.295545799999999,30.387120700000001,2024/07/22 22:54:35.058,2024/07/22 17:54:35.058,
1346,212961,A69-1604-28093,NA,2024/07/22 22:58:47.669,5038.380000000000109,5080.930000000000291,-1,2.355700000000000,NA,0.325700000000000,NA,NA,13,487450 484753 486916 486914 486918 486909 486917,7,487450 484753 486916 486914 486918 486909,6,-88.295550599999999,30.387046699999999,2024/07/22 22:58:47.669,2024/07/22 17:58:47.669,
1347,212977,A69-1604-28093,NA,2024/07/22 23:03:15.188,5036.390000000000327,5076.590000000000146,-1,2.997300000000000,NA,0.127600000000000,NA,NA,9,487450 484753 486918 486914 486909 486917,6,487450 484753 486918 486914 486909 486917,6,-88.295571300000006,30.387007600000000,2024/07/22 23:03:15.188,2024/07/22 18:03:15.188,
1348,212984,A69-1604-28093,NA,2024/07/22 23:05:45.676,5035.689999999999600,5074.640000000000327,-1,2.031300000000000,NA,0.060800000000000,NA,NA,12,487450 484753 486916 486918 486919 486914 486909 486915 486917,9,487450 484753 486916 486918 486919 486914,6,-88.295578699999993,30.386989900000000,2024/07/22 23:05:45.676,2024/07/22 18:05:45.676,
1349,212992,A69-1604-28093,NA,2024/07/22 23:08:42.847,5035.180000000000291,5073.840000000000146,-1,2.045300000000000,NA,0.081900000000000,NA,NA,14,487450 484753 486916 486918 486909 486915 486917,7,487450 484753 486916 486918 486909 486915,6,-88.295583899999997,30.386982799999998,2024/07/22 23:08:42.847,2024/07/22 18:08:42.847,
1350,213002,A69-1604-28093,NA,2024/07/22 23:11:33.468,5034.859999999999673,5073.529999999999745,-1,7.422400000000000,NA,0.435300000000000,NA,NA,2,486918 486914 486909 486917,4,486918 486914 486909 486917,4,-88.295587299999994,30.386980000000001,2024/07/22 23:11:33.468,2024/07/22 18:11:33.468,
1351,213009,A69-1604-28093,NA,2024/07/22 23:14:10.969,5032.789999999999964,5072.949999999999818,-1,2.180100000000000,NA,0.057200000000000,NA,NA,11,487450 484753 486916 486918 486919 486914 486909 486917,8,487450 484753 486916 486918 486919 486914,6,-88.295608799999997,30.386974700000000,2024/07/22 23:14:10.969,2024/07/22 18:14:10.969,
1352,213023,A69-1604-28093,NA,2024/07/22 23:18:41.058,5032.180000000000291,5072.199999999999818,-1,2.071200000000000,NA,0.147000000000000,NA,NA,15,487450 484753 486916 486918 486919 486909 486917,7,487450 484753 486916 486918 486919 486909,6,-88.295615200000000,30.386967899999998,2024/07/22 23:18:41.058,2024/07/22 18:18:41.058,
1353,213031,A69-1604-28093,NA,2024/07/22 23:21:14.858,5031.550000000000182,5071.069999999999709,-1,2.051800000000000,NA,0.410400000000000,NA,NA,15,487450 484753 486916 486918 486919 486909 486917,7,487450 484753 486916 486918 486919 486909,6,-88.295621699999998,30.386957700000000,2024/07/22 23:21:14.858,2024/07/22 18:21:14.858,
1354,213038,A69-1604-28093,NA,2024/07/22 23:23:18.900,5031.140000000000327,5071.720000000000255,-1,2.240300000000000,NA,0.112200000000000,NA,NA,14,487450 484753 486916 486918 486919 486909,6,487450 484753 486916 486918 486919 486909,6,-88.295625999999999,30.386963600000001,2024/07/22 23:23:18.900,2024/07/22 18:23:18.900,
1355,213047,A69-1604-28093,NA,2024/07/22 23:25:23.400,5028.890000000000327,5070.630000000000109,-1,2.222600000000000,NA,0.090500000000000,NA,NA,15,487450 484753 486916 486918 486919 486909 486917,7,487450 484753 486916 486918 486919 486909,6,-88.295649400000002,30.386953800000001,2024/07/22 23:25:23.400,2024/07/22 18:25:23.400,
1394,213464,A69-1604-28093,NA,2024/07/23 01:21:15.205,4985.750000000000000,5073.789999999999964,-1,1.900300000000000,NA,0.194300000000000,NA,NA,14,487450 486915 486912 486918 484753 486917 486916 486909 486914,9,487450 486915 486912 486918 484753 486917,6,-88.296098299999997,30.386982300000000,2024/07/23 01:21:15.205,2024/07/22 20:21:15.205,
1395,213491,A69-1604-28093,NA,2024/07/23 01:27:10.267,4943.359999999999673,5061.939999999999600,-1,14.685300000000000,NA,0.153300000000000,NA,NA,3,486915 486917 486918 487450 486909 484753 486916,7,486917 486918 487450 486909 484753,5,-88.296539300000006,30.386875400000001,2024/07/23 01:27:10.267,2024/07/22 20:27:10.267,
1406,213739,A69-1604-28093,NA,2024/07/23 02:32:46.492,4977.710000000000036,5075.840000000000146,-1,2.035100000000000,NA,0.061100000000000,NA,NA,13,486915 487450 486912 486918 486917 484753 486916 486909,8,486915 487450 486912 486918 486917 484753,6,-88.296182000000002,30.387000799999999,2024/07/23 02:32:46.492,2024/07/22 21:32:46.492,
1407,213763,A69-1604-28093,NA,2024/07/23 02:38:07.842,5017.470000000000255,5089.270000000000437,-1,8.988600000000000,NA,0.134600000000000,NA,NA,4,486912 486915 486909 486917,4,486912 486915 486909 486917,4,-88.295768199999998,30.387121900000000,2024/07/23 02:38:07.842,2024/07/22 21:38:07.842,
1408,213775,A69-1604-28093,NA,2024/07/23 02:41:10.415,5033.520000000000437,5074.149999999999636,-1,2.379300000000000,NA,0.100500000000000,NA,NA,10,487450 484753 486916 486918 486919 486914 486909 486912 486915 486917,10,487450 484753 486916 486918 486919 486914,6,-88.295601199999993,30.386985500000002,2024/07/23 02:41:10.415,2024/07/22 21:41:10.415,
1411,213847,A69-1604-28093,NA,2024/07/23 02:58:31.683,5050.630000000000109,5097.369999999999891,-1,4.335400000000000,NA,0.074300000000000,NA,NA,9,484753 487450 486916 486914 486918 486909 486915 486917,8,484753 487450 486916 486914 486918 486909,6,-88.295423200000002,30.387194999999998,2024/07/23 02:58:31.683,2024/07/22 21:58:31.683,
1412,213886,A69-1604-28093,NA,2024/07/23 03:07:28.134,5049.390000000000327,5096.850000000000364,-1,5.591300000000000,NA,0.352700000000000,NA,NA,6,486914 486918 486909 486915 486917,5,486914 486918 486909 486915 486917,5,-88.295436199999997,30.387190300000000,2024/07/23 03:07:28.134,2024/07/22 22:07:28.134,
1413,213910,A69-1604-28093,NA,2024/07/23 03:12:45.295,5041.300000000000182,5092.920000000000073,-1,2.490000000000000,NA,0.420400000000000,NA,NA,7,484753 487450 486916 486914 486919 488550 486918 486909 486917,9,484753 487450 486916 486914 486919 488550,6,-88.295520300000007,30.387154800000001,2024/07/23 03:12:45.295,2024/07/22 22:12:45.295,
1414,213921,A69-1604-28093,NA,2024/07/23 03:15:42.239,5040.590000000000146,5094.329999999999927,-1,3.376900000000000,NA,0.234000000000000,NA,NA,6,484753 487450 486914 486918 486915 486917,6,484753 487450 486914 486918 486915 486917,6,-88.295527600000000,30.387167500000000,2024/07/23 03:15:42.239,2024/07/22 22:15:42.239,
1415,213956,A69-1604-28093,NA,2024/07/23 03:23:18.424,5044.279999999999745,5097.569999999999709,-1,2.416600000000000,NA,0.254500000000000,NA,NA,8,484753 487450 486914 486916 486919 486918 486915 486917,8,484753 487450 486914 486916 486919 486918,6,-88.295489300000000,30.387196800000002,2024/07/23 03:23:18.424,2024/07/22 22:23:18.424,
1416,213997,A69-1604-28093,NA,2024/07/23 03:33:23.035,5044.619999999999891,5094.270000000000437,-1,2.431400000000000,NA,0.227300000000000,NA,NA,8,484753 487450 486916 486914 486919 486918 486909 486915 486917,9,484753 487450 486916 486914 486919 486918,6,-88.295485700000000,30.387167000000002,2024/07/23 03:33:23.035,2024/07/22 22:33:23.035,
1417,214007,A69-1604-28093,NA,2024/07/23 03:35:27.831,5042.489999999999782,5095.729999999999563,-1,2.392100000000000,NA,0.191500000000000,NA,NA,8,484753 487450 486914 486916 486919 486918 486909 486915 486917,9,484753 487450 486914 486916 486919 486918,6,-88.295507900000004,30.387180200000000,2024/07/23 03:35:27.831,2024/07/22 22:35:27.831,
1418,214022,A69-1604-28093,NA,2024/07/23 03:39:41.335,5040.770000000000437,5096.170000000000073,-1,2.436100000000000,NA,0.468700000000000,NA,NA,6,484753 487450 486914 486916 488550 486919 486918 486909 486915 486917,10,484753 487450 486914 486916 488550 486919,6,-88.295525799999993,30.387184200000000,2024/07/23 03:39:41.335,2024/07/22 22:39:41.335,
1419,214038,A69-1604-28093,NA,2024/07/23 03:41:53.344,5043.520000000000437,5096.600000000000364,-1,2.394400000000000,NA,0.091200000000000,NA,NA,8,484753 487450 486914 486916 486919 486918 486909 486915 486917,9,484753 487450 486914 486916 486919 486918,6,-88.295497200000000,30.387188099999999,2024/07/23 03:41:53.344,2024/07/22 22:41:53.344,
1420,214054,A69-1604-28093,NA,2024/07/23 03:46:51.098,5041.119999999999891,5094.279999999999745,-1,9.569000000000001,NA,0.154100000000000,NA,NA,4,484753 488550 486918 486909 486917,5,484753 488550 486918 486909 486917,5,-88.295522199999994,30.387167099999999,2024/07/23 03:46:51.098,2024/07/22 22:46:51.098,
1421,214065,A69-1604-28093,NA,2024/07/23 03:49:01.923,5039.939999999999600,5095.109999999999673,-1,2.170900000000000,NA,0.182200000000000,NA,NA,13,484753 487450 486914 486916 488550 486912 486919 486918 486909 486915 486917,11,484753 487450 486914 486916 488550 486912,6,-88.295534399999994,30.387174600000002,2024/07/23 03:49:01.923,2024/07/22 22:49:01.923,
1422,214075,A69-1604-28093,NA,2024/07/23 03:51:20.018,5045.170000000000073,5093.039999999999964,-1,3.561800000000000,NA,0.101900000000000,NA,NA,15,486914 488550 486918 486909 486915 486917,6,486914 488550 486918 486909 486915 486917,6,-88.295479999999998,30.387156000000001,2024/07/23 03:51:20.018,2024/07/22 22:51:20.018,
1423,214100,A69-1604-28093,NA,2024/07/23 03:56:53.536,5045.829999999999927,5093.500000000000000,-1,2.458900000000000,NA,0.221500000000000,NA,NA,8,484753 487450 486916 486914 486919 486918 486909 486915 486917,9,484753 487450 486916 486914 486919 486918,6,-88.295473099999995,30.387160000000002,2024/07/23 03:56:53.536,2024/07/22 22:56:53.536,
1424,214116,A69-1604-28093,NA,2024/07/23 03:59:52.095,5045.180000000000291,5095.989999999999782,-1,2.427200000000000,NA,0.083700000000000,NA,NA,8,484753 487450 486916 486914 486919 486918 486909 486915 486917,9,484753 487450 486916 486914 486919 486918,6,-88.295479900000004,30.387182500000002,2024/07/23 03:59:52.095,2024/07/22 22:59:52.095,
1425,214129,A69-1604-28093,NA,2024/07/23 04:02:45.508,5044.920000000000073,5096.970000000000255,-1,2.338800000000000,NA,0.116200000000000,NA,NA,7,484753 487450 486914 486916 488550 486919 486915 486917,8,484753 487450 486914 486916 488550 486919,6,-88.295482600000000,30.387191399999999,2024/07/23 04:02:45.508,2024/07/22 23:02:45.508,
1426,214140,A69-1604-28093,NA,2024/07/23 04:05:28.662,5046.550000000000182,5096.670000000000073,-1,2.478900000000000,NA,0.495200000000000,NA,NA,8,484753 487450 486914 486916 486919 486918 486909 486915 486917,9,484753 487450 486914 486916 486919 486918,6,-88.295465600000000,30.387188699999999,2024/07/23 04:05:28.662,2024/07/22 23:05:28.662,
1427,214150,A69-1604-28093,NA,2024/07/23 04:07:51.182,5046.079999999999927,5093.890000000000327,-1,2.283200000000000,NA,0.362400000000000,NA,NA,6,484753 487450 486916 486914 486919 486912 486918 486909 486915 486917,10,484753 487450 486916 486914 486919 486912,6,-88.295470499999993,30.387163600000001,2024/07/23 04:07:51.182,2024/07/22 23:07:51.182,
1428,214162,A69-1604-28093,NA,2024/07/23 04:10:32.674,5043.359999999999673,5093.420000000000073,-1,2.506900000000000,NA,0.132000000000000,NA,NA,7,484753 487450 486916 486914 486919 488550 486918 486909 486915 486917,10,484753 487450 486916 486914 486919 488550,6,-88.295498800000004,30.387159400000002,2024/07/23 04:10:32.674,2024/07/22 23:10:32.674,
1429,214182,A69-1604-28093,NA,2024/07/23 04:15:27.596,5043.100000000000364,5096.189999999999600,-1,2.240600000000000,NA,0.232100000000000,NA,NA,12,484753 487450 486914 486916 488550 486912 486919 486918 486909 486915 486917,11,484753 487450 486914 486916 488550 486912,6,-88.295501500000000,30.387184399999999,2024/07/23 04:15:27.596,2024/07/22 23:15:27.596,
1430,214193,A69-1604-28093,NA,2024/07/23 04:17:34.703,5043.310000000000400,5095.859999999999673,-1,2.402800000000000,NA,0.166300000000000,NA,NA,7,484753 487450 486916 486914 488550 486919 486912 486918 486915 486917,10,484753 487450 486916 486914 488550 486919,6,-88.295499399999997,30.387181399999999,2024/07/23 04:17:34.703,2024/07/22 23:17:34.703,
1431,214206,A69-1604-28093,NA,2024/07/23 04:19:45.064,5044.770000000000437,5094.279999999999745,-1,2.510800000000000,NA,0.286500000000000,NA,NA,7,484753 487450 486916 486914 486919 488550 486912 486918 486909 486915 486917,11,484753 487450 486916 486914 486919 488550,6,-88.295484200000004,30.387167099999999,2024/07/23 04:19:45.064,2024/07/22 23:19:45.064,
1432,214225,A69-1604-28093,NA,2024/07/23 04:24:32.723,5042.579999999999927,5088.989999999999782,-1,2.597500000000000,NA,0.156300000000000,NA,NA,8,484753 487450 486916 486914 486919 488550 486915 486917,8,484753 487450 486916 486914 486919 488550,6,-88.295507000000001,30.387119400000000,2024/07/23 04:24:32.723,2024/07/22 23:24:32.723,
1443,214407,A69-1604-28093,NA,2024/07/23 05:08:48.179,5033.140000000000327,5074.289999999999964,-1,2.388100000000000,NA,0.160000000000000,NA,NA,10,487450 484753 486916 486918 486914 486919 486909 486912 488550 486915 486917,11,487450 484753 486916 486918 486914 486919,6,-88.295605100000003,30.386986799999999,2024/07/23 05:08:48.179,2024/07/23 00:08:48.179,
1444,214443,A69-1604-28093,NA,2024/07/23 05:17:36.980,5038.369999999999891,5086.510000000000218,-1,2.173700000000000,NA,0.106800000000000,NA,NA,11,484753 487450 486916 486914 486918 486919 486912 488550 486915,9,484753 487450 486916 486914 486918 486919,6,-88.295550800000001,30.387097099999998,2024/07/23 05:17:36.980,2024/07/23 00:17:36.980,
1445,214465,A69-1604-28093,NA,2024/07/23 05:22:32.869,5039.079999999999927,5090.229999999999563,-1,2.746100000000000,NA,0.105900000000000,NA,NA,13,484753 487450 486916 486914 486918 486909 486915 486917,8,484753 487450 486916 486914 486918 486909,6,-88.295543300000006,30.387130500000001,2024/07/23 05:22:32.869,2024/07/23 00:22:32.869,
1446,214474,A69-1604-28093,NA,2024/07/23 05:25:01.026,5042.289999999999964,5085.649999999999636,-1,2.126000000000000,NA,0.303200000000000,NA,NA,12,484753 487450 486916 486914 486918 486912 488550 486909 486915 486917,10,484753 487450 486916 486914 486918 486912,6,-88.295509999999993,30.387089300000000,2024/07/23 05:25:01.026,2024/07/23 00:25:01.026,
1447,214486,A69-1604-28093,NA,2024/07/23 05:27:53.531,5040.140000000000327,5087.659999999999854,-1,2.110700000000000,NA,0.114800000000000,NA,NA,12,484753 487450 486916 486914 486918 486912 488550 486909 486915 486917,10,484753 487450 486916 486914 486918 486912,6,-88.295532399999999,30.387107400000001,2024/07/23 05:27:53.531,2024/07/23 00:27:53.531,
1448,214500,A69-1604-28093,NA,2024/07/23 05:30:35.047,5042.359999999999673,5084.039999999999964,-1,3.954600000000000,NA,0.288900000000000,NA,NA,11,487450 486914 486918 486912 488550 486909 486915 486917,8,487450 486914 486918 486912 488550 486909,6,-88.295509199999998,30.387074699999999,2024/07/23 05:30:35.047,2024/07/23 00:30:35.047,
1449,214513,A69-1604-28093,NA,2024/07/23 05:32:54.322,5045.180000000000291,5090.100000000000364,-1,2.431400000000000,NA,0.327200000000000,NA,NA,9,484753 487450 486916 486914 486919 486918 488550 486912 486909 486915 486917,11,484753 487450 486916 486914 486919 486918,6,-88.295479900000004,30.387129500000000,2024/07/23 05:32:54.322,2024/07/23 00:32:54.322,
1450,214524,A69-1604-28093,NA,2024/07/23 05:35:29.258,5042.529999999999745,5090.229999999999563,-1,2.314000000000000,NA,0.137100000000000,NA,NA,10,484753 487450 486916 486914 486919 486918 488550 486912 486909 486915 486917,11,484753 487450 486916 486914 486919 486918,6,-88.295507499999999,30.387130599999999,2024/07/23 05:35:29.258,2024/07/23 00:35:29.258,
1451,214535,A69-1604-28093,NA,2024/07/23 05:37:35.441,5041.699999999999818,5088.079999999999927,-1,2.238400000000000,NA,0.241500000000000,NA,NA,11,484753 487450 486916 486914 486919 486918 486912 488550 486909 486915 486917,11,484753 487450 486916 486914 486919 486918,6,-88.295516100000000,30.387111200000000,2024/07/23 05:37:35.441,2024/07/23 00:37:35.441,
1452,214544,A69-1604-28093,NA,2024/07/23 05:39:43.937,5042.420000000000073,5086.699999999999818,-1,2.293300000000000,NA,0.353600000000000,NA,NA,7,484753 487450 486916 486914 486919 486912 488550 486909 486915 486917,10,484753 487450 486916 486914 486919 486912,6,-88.295508600000005,30.387098800000000,2024/07/23 05:39:43.937,2024/07/23 00:39:43.937,
1454,214622,A69-1604-28093,NA,2024/07/23 05:58:32.434,5039.840000000000146,5087.250000000000000,-1,2.134700000000000,NA,0.082300000000000,NA,NA,12,484753 487450 486916 486914 486919 486918 486912 488550 486909 486915 486917,11,484753 487450 486916 486914 486919 486918,6,-88.295535500000000,30.387103700000001,2024/07/23 05:58:32.434,2024/07/23 00:58:32.434,
1455,214649,A69-1604-28093,NA,2024/07/23 06:04:05.990,5043.699999999999818,5091.859999999999673,-1,2.437600000000000,NA,0.183100000000000,NA,NA,12,484753 487450 486916 486914 488550 486918 486909 486915,8,484753 487450 486916 486914 488550 486918,6,-88.295495299999999,30.387145300000000,2024/07/23 06:04:05.990,2024/07/23 01:04:05.990,
1456,214660,A69-1604-28093,NA,2024/07/23 06:07:04.579,5044.579999999999927,5092.859999999999673,-1,2.401600000000000,NA,0.282000000000000,NA,NA,13,484753 487450 486916 486914 488550 486912 486918 486909 486915 486917,10,484753 487450 486916 486914 488550 486912,6,-88.295486199999999,30.387154299999999,2024/07/23 06:07:04.579,2024/07/23 01:07:04.579,
1457,214671,A69-1604-28093,NA,2024/07/23 06:09:58.014,5044.970000000000255,5092.329999999999927,-1,2.594100000000000,NA,0.205000000000000,NA,NA,7,484753 487450 486916 486914 486919 488550 486918 486912 486909 486915 486917,11,484753 487450 486916 486914 486919 488550,6,-88.295482100000001,30.387149600000001,2024/07/23 06:09:58.014,2024/07/23 01:09:58.014,
1458,214682,A69-1604-28093,NA,2024/07/23 06:12:41.362,5044.159999999999854,5092.439999999999600,-1,2.560700000000000,NA,0.214300000000000,NA,NA,7,484753 487450 486916 486914 486919 488550 486912 486918 486915 486917,10,484753 487450 486916 486914 486919 488550,6,-88.295490500000000,30.387150500000001,2024/07/23 06:12:41.362,2024/07/23 01:12:41.362,
1459,214692,A69-1604-28093,NA,2024/07/23 06:15:04.365,5045.729999999999563,5096.609999999999673,-1,2.380500000000000,NA,0.206000000000000,NA,NA,7,484753 487450 486914 486916 488550 486919 486912 486909 486915 486917,10,484753 487450 486914 486916 488550 486919,6,-88.295474200000001,30.387188099999999,2024/07/23 06:15:04.365,2024/07/23 01:15:04.365,
1460,214714,A69-1604-28093,NA,2024/07/23 06:20:07.431,5060.260000000000218,5096.380000000000109,-1,4.360100000000000,NA,0.248900000000000,NA,NA,5,484753 486916 486914 487450 486919 488550 486918 486912 486909 486915 486917,11,484753 486916 486914 487450 486919 488550,6,-88.295323100000005,30.387186100000001,2024/07/23 06:20:07.431,2024/07/23 01:20:07.431,
1461,214736,A69-1604-28093,NA,2024/07/23 06:24:57.667,5054.569999999999709,5099.159999999999854,-1,3.490800000000000,NA,0.153200000000000,NA,NA,6,484753 486914 486916 487450 486919 488550 486917,7,484753 486914 486916 487450 486919 488550,6,-88.295382200000006,30.387211199999999,2024/07/23 06:24:57.667,2024/07/23 01:24:57.667,
1462,214746,A69-1604-28093,NA,2024/07/23 06:27:18.572,5051.619999999999891,5099.109999999999673,-1,10.813900000000000,NA,0.251300000000000,NA,NA,3,488550 486912 486909 486917,4,488550 486912 486909 486917,4,-88.295412900000002,30.387210700000001,2024/07/23 06:27:18.572,2024/07/23 01:27:18.572,
1463,214757,A69-1604-28093,NA,2024/07/23 06:29:56.792,5048.829999999999927,5098.840000000000146,-1,2.473400000000000,NA,0.172300000000000,NA,NA,7,484753 487450 486914 486916 488550 486919 486918 486909 486915 486917,10,484753 487450 486914 486916 488550 486919,6,-88.295441900000000,30.387208200000000,2024/07/23 06:29:56.792,2024/07/23 01:29:56.792,
1464,214766,A69-1604-28093,NA,2024/07/23 06:32:09.764,5043.739999999999782,5096.840000000000146,-1,2.164300000000000,NA,0.224400000000000,NA,NA,13,484753 487450 486914 486916 488550 486912 486919 486918 486915,9,484753 487450 486914 486916 488550 486912,6,-88.295494899999994,30.387190199999999,2024/07/23 06:32:09.764,2024/07/23 01:32:09.764,
1465,214777,A69-1604-28093,NA,2024/07/23 06:34:32.048,5044.119999999999891,5089.699999999999818,-1,2.382900000000000,NA,0.156900000000000,NA,NA,9,484753 487450 486916 486914 486919 486918 488550 486912 486909 486915 486917,11,484753 487450 486916 486914 486919 486918,6,-88.295490999999998,30.387125800000000,2024/07/23 06:34:32.048,2024/07/23 01:34:32.048,
1466,214799,A69-1604-28093,NA,2024/07/23 06:39:31.420,5043.350000000000364,5089.470000000000255,-1,2.309500000000000,NA,0.179300000000000,NA,NA,10,484753 487450 486916 486914 486919 486918 488550 486912 486909 486915,10,484753 487450 486916 486914 486919 486918,6,-88.295498899999998,30.387123700000000,2024/07/23 06:39:31.420,2024/07/23 01:39:31.420,
1468,214821,A69-1604-28093,NA,2024/07/23 06:45:06.351,5045.600000000000364,5090.760000000000218,-1,2.707400000000000,NA,0.162000000000000,NA,NA,7,484753 487450 486916 486914 486919 488550 486918 486912 486915 486917,10,484753 487450 486916 486914 486919 488550,6,-88.295475600000003,30.387135300000001,2024/07/23 06:45:06.351,2024/07/23 01:45:06.351,
1469,214835,A69-1604-28093,NA,2024/07/23 06:48:07.040,5044.479999999999563,5089.569999999999709,-1,2.212200000000000,NA,0.166300000000000,NA,NA,12,484753 487450 486916 486914 486918 486912 486909 486915 486917,9,484753 487450 486916 486914 486918 486912,6,-88.295487199999997,30.387124700000001,2024/07/23 06:48:07.040,2024/07/23 01:48:07.040,
1470,214859,A69-1604-28093,NA,2024/07/23 06:53:56.914,5047.279999999999745,5094.939999999999600,-1,2.469800000000000,NA,0.087700000000000,NA,NA,7,484753 487450 486916 486914 486919 488550 486912 486918 486909 486915 486917,11,484753 487450 486916 486914 486919 488550,6,-88.295458100000005,30.387173099999998,2024/07/23 06:53:56.914,2024/07/23 01:53:56.914,
1471,214871,A69-1604-28093,NA,2024/07/23 06:56:37.481,5048.850000000000364,5108.609999999999673,-1,2.447600000000000,NA,0.200600000000000,NA,NA,13,484753 486914 487450 486916 488550 486912 486919 486918 486909 486915 486917,11,484753 486914 487450 486916 488550 486912,6,-88.295441699999998,30.387296400000000,2024/07/23 06:56:37.481,2024/07/23 01:56:37.481,
1472,214917,A69-1604-28093,NA,2024/07/23 07:07:19.101,5046.630000000000109,5091.979999999999563,-1,2.644600000000000,NA,0.126300000000000,NA,NA,10,484753 487450 486914 486919 488550 486918 486912 486909 486915 486917,10,484753 487450 486914 486919 488550 486918,6,-88.295464800000005,30.387146399999999,2024/07/23 07:07:19.101,2024/07/23 02:07:19.101,
1473,214935,A69-1604-28093,NA,2024/07/23 07:12:29.679,5044.329999999999927,5089.359999999999673,-1,2.186400000000000,NA,0.071600000000000,NA,NA,12,484753 487450 486916 486914 486918 486912 488550 486909 486915 486917,10,484753 487450 486916 486914 486918 486912,6,-88.295488700000007,30.387122699999999,2024/07/23 07:12:29.679,2024/07/23 02:12:29.679,
1474,214955,A69-1604-28093,NA,2024/07/23 07:17:50.295,5041.229999999999563,5084.119999999999891,-1,2.047300000000000,NA,0.118600000000000,NA,NA,12,484753 487450 486916 486914 486919 486918 486912 488550 486909 486915 486917,11,484753 487450 486916 486914 486919 486918,6,-88.295520999999994,30.387075500000002,2024/07/23 07:17:50.295,2024/07/23 02:17:50.295,
1475,214987,A69-1604-28093,NA,2024/07/23 07:26:47.688,5042.640000000000327,5088.260000000000218,-1,2.145500000000000,NA,0.217800000000000,NA,NA,12,484753 487450 486916 486914 486918 486912 488550 486909 486915 486917,10,484753 487450 486916 486914 486918 486912,6,-88.295506399999994,30.387112800000001,2024/07/23 07:26:47.688,2024/07/23 02:26:47.688,
1476,214997,A69-1604-28093,NA,2024/07/23 07:29:36.211,5043.630000000000109,5088.739999999999782,-1,2.181800000000000,NA,0.184300000000000,NA,NA,12,484753 487450 486916 486914 486918 486912 488550 486915 486917,9,484753 487450 486916 486914 486918 486912,6,-88.295496000000000,30.387117100000001,2024/07/23 07:29:36.211,2024/07/23 02:29:36.211,
1477,215029,A69-1604-28093,NA,2024/07/23 07:38:14.399,5045.210000000000036,5086.890000000000327,-1,2.235000000000000,NA,0.256800000000000,NA,NA,11,484753 487450 486916 486914 486919 486918 486912 488550 486909 486915 486917,11,484753 487450 486916 486914 486919 486918,6,-88.295479599999993,30.387100499999999,2024/07/23 07:38:14.399,2024/07/23 02:38:14.399,
1478,215051,A69-1604-28093,NA,2024/07/23 07:44:12.727,5045.819999999999709,5087.000000000000000,-1,2.235800000000000,NA,0.142000000000000,NA,NA,11,484753 487450 486916 486914 486919 486918 486912 488550 486915 486917,10,484753 487450 486916 486914 486919 486918,6,-88.295473299999998,30.387101500000000,2024/07/23 07:44:12.727,2024/07/23 02:44:12.727,
1485,263563,A69-1604-28093,NA,2024/07/31 20:24:29.407,5016.329999999999927,5103.739999999999782,-1,2.400500000000000,NA,5.244200000000000,NA,NA,10,487450 486914 486912 484753 486916 488550 486918 486919 486917,9,487450 486914 486912 484753 486916 488550,6,-88.295780100000002,30.387252499999999,2024/07/31 20:24:29.407,2024/07/31 15:24:29.407,
1492,263828,A69-1604-28093,NA,2024/07/31 21:31:04.411,5054.220000000000255,5070.520000000000437,-1,5.220800000000000,NA,0.000000000000000,NA,NA,1,486919 486914 486917,3,486919 486914 486917,3,-88.295385800000005,30.386952800000000,2024/07/31 21:31:04.411,2024/07/31 16:31:04.411,
1493,263863,A69-1604-28093,NA,2024/07/31 21:38:41.810,5082.060000000000400,5080.960000000000036,-1,12.458800000000000,NA,0.082000000000000,NA,NA,7,484753 486916 486919 486909 486918 486917,6,484753 486919 486909 486918 486917,5,-88.295096200000003,30.387046999999999,2024/07/31 21:38:41.810,2024/07/31 16:38:41.810,
1494,263912,A69-1604-28093,NA,2024/07/31 21:48:02.146,5038.140000000000327,5042.960000000000036,-1,2.307200000000000,NA,0.167600000000000,NA,NA,13,486916 486918 486909 487450 484753 486917,6,486916 486918 486909 487450 484753 486917,6,-88.295553200000001,30.386704200000000,2024/07/31 21:48:02.146,2024/07/31 16:48:02.146,
1495,263932,A69-1604-28093,NA,2024/07/31 21:52:39.978,5016.460000000000036,5035.199999999999818,-1,2.221800000000000,NA,0.113500000000000,NA,NA,13,486918 486909 487450 486916 486919 486917 484753 486915 486912 486914,10,486918 486909 487450 486916 486919 486917,6,-88.295778700000000,30.386634099999998,2024/07/31 21:52:39.978,2024/07/31 16:52:39.978,
1496,263945,A69-1604-28093,NA,2024/07/31 21:55:24.268,4989.789999999999964,5012.710000000000036,-1,2.660300000000000,NA,0.073600000000000,NA,NA,11,486918 486917 486909 486915 487450 486916 486912 484753,8,486918 486917 486909 486915 487450 486916,6,-88.296056199999995,30.386431300000002,2024/07/31 21:55:24.268,2024/07/31 16:55:24.268,
1497,263983,A69-1604-28093,NA,2024/07/31 22:03:03.505,5036.710000000000036,5046.489999999999782,-1,1.874200000000000,NA,0.244800000000000,NA,NA,17,486916 486918 487450 486909 486919 484753 488568 486915 486917 486912,10,486916 486918 487450 486909 486919 484753,6,-88.295568000000003,30.386735999999999,2024/07/31 22:03:03.505,2024/07/31 17:03:03.505,
1498,264000,A69-1604-28093,NA,2024/07/31 22:05:56.711,5055.880000000000109,5045.350000000000364,-1,2.049200000000000,NA,0.096600000000000,NA,NA,11,486916 486919 484753 486909 487450 488568 486917,7,486916 486919 484753 486909 487450 488568,6,-88.295368499999995,30.386725800000001,2024/07/31 22:05:56.711,2024/07/31 17:05:56.711,
1499,264046,A69-1604-28093,NA,2024/07/31 22:15:59.904,5057.159999999999854,5040.510000000000218,-1,1.993100000000000,NA,0.068400000000000,NA,NA,15,486916 486919 486909 484753 486918 487450 486914 486917 486915,9,486916 486919 486909 484753 486918 487450,6,-88.295355200000003,30.386682100000002,2024/07/31 22:15:59.904,2024/07/31 17:15:59.904,
1500,264061,A69-1604-28093,NA,2024/07/31 22:18:31.359,5051.829999999999927,5047.010000000000218,-1,1.967800000000000,NA,0.243000000000000,NA,NA,15,486916 486919 484753 486909 487450 486918 486914 486915 486917,9,486916 486919 484753 486909 487450 486918,6,-88.295410799999999,30.386740700000001,2024/07/31 22:18:31.359,2024/07/31 17:18:31.359,
1502,264169,A69-1604-28093,NA,2024/07/31 22:39:46.682,5070.329999999999927,5025.159999999999854,-1,5.543200000000000,NA,0.276600000000000,NA,NA,7,486919 486916 486909 486918 484753 488568 487450 486914 486917 486915 486912,11,486919 486916 486909 486918 484753 488568,6,-88.295218300000002,30.386543600000000,2024/07/31 22:39:46.682,2024/07/31 17:39:46.682,
1503,264182,A69-1604-28093,NA,2024/07/31 22:42:31.917,5058.479999999999563,5016.029999999999745,-1,3.173400000000000,NA,0.214300000000000,NA,NA,14,486919 486909 486918 488568 484753 487450 486917 486915 486914 486912,10,486919 486909 486918 488568 484753 487450,6,-88.295341600000000,30.386461300000001,2024/07/31 22:42:31.917,2024/07/31 17:42:31.917,
1504,264227,A69-1604-28093,NA,2024/07/31 22:52:33.185,5064.369999999999891,5016.550000000000182,-1,5.009900000000000,NA,0.044400000000000,NA,NA,15,486919 486909 486916 486918 484753 487450 486917 486914 486912,9,486919 486909 486916 486918 484753 487450,6,-88.295280300000002,30.386465900000001,2024/07/31 22:52:33.185,2024/07/31 17:52:33.185,
1505,264239,A69-1604-28093,NA,2024/07/31 22:54:46.385,5047.630000000000109,5053.260000000000218,-1,1.939700000000000,NA,0.066900000000000,NA,NA,16,486916 484753 486919 487450 486918 486909 486914 486912 486917,9,486916 484753 486919 487450 486918 486909,6,-88.295454399999997,30.386797099999999,2024/07/31 22:54:46.385,2024/07/31 17:54:46.385,
1507,264260,A69-1604-28093,NA,2024/07/31 22:59:50.859,5001.960000000000036,5030.159999999999854,-1,2.357200000000000,NA,0.162200000000000,NA,NA,10,486918 486909 487450 486917 486915 486916 484753,7,486909 487450 486917 486915 486916,5,-88.295929599999994,30.386588700000001,2024/07/31 22:59:50.859,2024/07/31 17:59:50.859,
1508,264270,A69-1604-28093,NA,2024/07/31 23:02:10.619,4982.989999999999782,5040.710000000000036,-1,2.183100000000000,NA,0.216300000000000,NA,NA,13,486918 486915 486917 487450 486909 486916 484753 486919,8,486918 486915 486917 487450 486909 486916,6,-88.296126999999998,30.386683900000001,2024/07/31 23:02:10.619,2024/07/31 18:02:10.619,
1509,264295,A69-1604-28093,NA,2024/07/31 23:06:53.841,4958.810000000000400,5040.840000000000146,-1,4.352200000000000,NA,0.085200000000000,NA,NA,2,486915 486917 486918 486909,4,486915 486917 486918 486909,4,-88.296378599999997,30.386685000000000,2024/07/31 23:06:53.841,2024/07/31 18:06:53.841,
1510,264306,A69-1604-28093,NA,2024/07/31 23:09:05.182,4957.840000000000146,5038.229999999999563,-1,2.688300000000000,NA,0.120500000000000,NA,NA,13,486915 486917 486918 487450 486909 486916 484753,7,486915 486917 486918 487450 486909 486916,6,-88.296388600000000,30.386661499999999,2024/07/31 23:09:05.182,2024/07/31 18:09:05.182,
1511,264317,A69-1604-28093,NA,2024/07/31 23:11:24.204,4967.399999999999636,5046.310000000000400,-1,2.188600000000000,NA,0.367700000000000,NA,NA,13,486915 486918 486917 487450 486912 486909 486916 484753 486914,9,486915 486918 486917 487450 486912 486909,6,-88.296289200000004,30.386734400000002,2024/07/31 23:11:24.204,2024/07/31 18:11:24.204,
1512,264330,A69-1604-28093,NA,2024/07/31 23:13:58.690,4999.640000000000327,5052.439999999999600,-1,2.109100000000000,NA,0.160200000000000,NA,NA,12,486918 487450 486915 486909 486916 486912 486917 484753 486919 486914,10,486918 487450 486915 486909 486916 486912,6,-88.295953699999998,30.386789700000001,2024/07/31 23:13:58.690,2024/07/31 18:13:58.690,
1520,264404,A69-1604-28093,NA,2024/07/31 23:32:32.997,5028.539999999999964,5047.840000000000146,-1,1.964300000000000,NA,0.183300000000000,NA,NA,17,486918 487450 486916 486909 484753 486919 486917 486914,8,486918 487450 486916 486909 484753 486919,6,-88.295653099999996,30.386748200000000,2024/07/31 23:32:32.997,2024/07/31 18:32:32.997,
1524,264457,A69-1604-28093,NA,2024/07/31 23:45:04.563,5062.680000000000291,5080.000000000000000,-1,3.340000000000000,NA,0.472000000000000,NA,NA,8,484753 486916 487450 486919 486914 486918 486909 486917,8,484753 486916 487450 486919 486914 486918,6,-88.295297800000000,30.387038300000000,2024/07/31 23:45:04.563,2024/07/31 18:45:04.563,
1527,264680,A69-1604-28093,NA,2024/08/01 00:48:08.800,5070.760000000000218,5101.750000000000000,-1,5.667800000000000,NA,0.158400000000000,NA,NA,5,484753 486916 486914 487450 486919 486909 486917,7,486916 486914 487450 486919 486909,5,-88.295213799999999,30.387234500000002,2024/08/01 00:48:08.800,2024/07/31 19:48:08.800,
1528,264691,A69-1604-28093,NA,2024/08/01 00:51:09.020,5073.600000000000364,5106.130000000000109,-1,6.531400000000000,NA,0.100800000000000,NA,NA,5,484753 486914 486916 487450 486919 486909 486915 486917,8,486914 486916 487450 486919 486909,5,-88.295184199999994,30.387274000000001,2024/08/01 00:51:09.020,2024/07/31 19:51:09.020,
1529,264706,A69-1604-28093,NA,2024/08/01 00:54:05.718,5073.159999999999854,5105.439999999999600,-1,8.223300000000000,NA,0.170100000000000,NA,NA,4,484753 486914 486916 487450 486909 486917,6,486914 486916 487450 486909 486917,5,-88.295188800000005,30.387267800000000,2024/08/01 00:54:05.718,2024/07/31 19:54:05.718,
1530,264719,A69-1604-28093,NA,2024/08/01 00:56:55.617,5067.819999999999709,5103.069999999999709,-1,5.000100000000000,NA,0.163800000000000,NA,NA,6,484753 486914 486916 487450 486919 486918,6,486914 486916 487450 486919 486918,5,-88.295244299999993,30.387246399999999,2024/08/01 00:56:55.617,2024/07/31 19:56:55.617,
1531,264729,A69-1604-28093,NA,2024/08/01 00:59:31.981,5060.470000000000255,5093.920000000000073,-1,4.151800000000000,NA,2.417400000000000,NA,NA,3,486914 487450 486919 488550 486917,5,486914 487450 486919 488550 486917,5,-88.295320799999999,30.387163900000001,2024/08/01 00:59:31.981,2024/07/31 19:59:31.981,
1533,264756,A69-1604-28093,NA,2024/08/01 01:06:21.315,5036.890000000000327,5074.529999999999745,-1,2.059200000000000,NA,0.037700000000000,NA,NA,13,487450 484753 486916 486918 486914 486912 486915 486917,8,487450 484753 486916 486918 486914 486912,6,-88.295566100000002,30.386989000000000,2024/08/01 01:06:21.315,2024/07/31 20:06:21.315,
1534,264767,A69-1604-28093,NA,2024/08/01 01:09:08.675,5035.949999999999818,5077.359999999999673,-1,2.016600000000000,NA,0.229000000000000,NA,NA,12,487450 484753 486916 486918 486914 486919 486909 486912 486915 486917,10,487450 484753 486916 486918 486914 486919,6,-88.295575900000003,30.387014499999999,2024/08/01 01:09:08.675,2024/07/31 20:09:08.675,
1535,264790,A69-1604-28093,NA,2024/08/01 01:14:37.989,5044.789999999999964,5093.710000000000036,-1,2.247200000000000,NA,0.057900000000000,NA,NA,7,484753 487450 486916 486914 486919 486912 486918 488550 486909 486917,10,484753 487450 486916 486914 486919 486912,6,-88.295484000000002,30.387162000000000,2024/08/01 01:14:37.989,2024/07/31 20:14:37.989,
1536,264800,A69-1604-28093,NA,2024/08/01 01:17:31.184,5043.340000000000146,5094.170000000000073,-1,2.196600000000000,NA,0.115500000000000,NA,NA,7,484753 487450 486916 486914 486919 486912 486918 486909 486915,9,484753 487450 486916 486914 486919 486912,6,-88.295499000000007,30.387166100000002,2024/08/01 01:17:31.184,2024/07/31 20:17:31.184,
1537,264821,A69-1604-28093,NA,2024/08/01 01:22:35.692,5041.250000000000000,5092.510000000000218,-1,2.171900000000000,NA,0.125200000000000,NA,NA,7,484753 487450 486916 486914 486919 486912 488550,7,484753 487450 486916 486914 486919 486912,6,-88.295520800000006,30.387151200000002,2024/08/01 01:22:35.692,2024/07/31 20:22:35.692,
1538,264831,A69-1604-28093,NA,2024/08/01 01:25:15.532,5040.930000000000291,5086.119999999999891,-1,4.467000000000000,NA,0.055600000000000,NA,NA,2,486919 486918 488550 486917,4,486919 486918 488550 486917,4,-88.295524099999994,30.387093499999999,2024/08/01 01:25:15.532,2024/07/31 20:25:15.532,
1539,264841,A69-1604-28093,NA,2024/08/01 01:27:31.761,5040.140000000000327,5092.010000000000218,-1,6.256800000000000,NA,1.655100000000000,NA,NA,9,487450 486914 486912 488550 486915 486917,6,487450 486914 486912 488550 486915 486917,6,-88.295532399999999,30.387146699999999,2024/08/01 01:27:31.761,2024/07/31 20:27:31.761,
1540,264886,A69-1604-28093,NA,2024/08/01 01:35:37.639,5039.229999999999563,5093.500000000000000,-1,2.127100000000000,NA,0.107500000000000,NA,NA,7,484753 487450 486916 486914 486912 486919 486918 488550 486909 486915 486917,11,484753 487450 486916 486914 486912 486919,6,-88.295541799999995,30.387160000000002,2024/08/01 01:35:37.639,2024/07/31 20:35:37.639,
1541,264896,A69-1604-28093,NA,2024/08/01 01:38:01.350,5039.789999999999964,5091.560000000000400,-1,2.166400000000000,NA,0.044400000000000,NA,NA,7,484753 487450 486916 486914 486912 486919 486918 488550 486909 486915 486917,11,484753 487450 486916 486914 486912 486919,6,-88.295535999999998,30.387142600000001,2024/08/01 01:38:01.350,2024/07/31 20:38:01.350,
1542,264908,A69-1604-28093,NA,2024/08/01 01:40:45.172,5039.739999999999782,5093.880000000000109,-1,2.115400000000000,NA,0.070800000000000,NA,NA,8,484753 487450 486916 486914 486912 486919 486918 488550 486909 486915 486917,11,484753 487450 486916 486914 486912 486919,6,-88.295536499999997,30.387163500000000,2024/08/01 01:40:45.172,2024/07/31 20:40:45.172,
1543,264917,A69-1604-28093,NA,2024/08/01 01:43:09.113,5038.359999999999673,5093.159999999999854,-1,3.544700000000000,NA,0.326100000000000,NA,NA,10,484753 487450 486912 486919 486909 486917,6,484753 487450 486912 486919 486909 486917,6,-88.295550899999995,30.387156999999998,2024/08/01 01:43:09.113,2024/07/31 20:43:09.113,
1544,264941,A69-1604-28093,NA,2024/08/01 01:48:18.503,5031.029999999999745,5089.699999999999818,-1,2.179800000000000,NA,0.198900000000000,NA,NA,10,487450 484753 486916 486914 486912 486918 488550 486919 486909 486915 486917,11,487450 484753 486916 486914 486912 486918,6,-88.295627199999998,30.387125800000000,2024/08/01 01:48:18.503,2024/07/31 20:48:18.503,
1545,264954,A69-1604-28093,NA,2024/08/01 01:51:04.917,5033.060000000000400,5088.699999999999818,-1,2.155500000000000,NA,0.110300000000000,NA,NA,10,487450 484753 486916 486914 486912 486918 486919 488550 486909 486915 486917,11,487450 484753 486916 486914 486912 486918,6,-88.295606000000006,30.387116800000001,2024/08/01 01:51:04.917,2024/07/31 20:51:04.917,
1546,264980,A69-1604-28093,NA,2024/08/01 01:56:29.091,5036.729999999999563,5094.199999999999818,-1,2.223900000000000,NA,0.869700000000000,NA,NA,14,484753 487450 486914 486916 486912 488550 486918 486909 486915 486917,10,484753 487450 486914 486916 486912 488550,6,-88.295567800000001,30.387166400000002,2024/08/01 01:56:29.091,2024/07/31 20:56:29.091,
1547,265000,A69-1604-28093,NA,2024/08/01 02:01:43.176,5039.409999999999854,5100.439999999999600,-1,2.055400000000000,NA,0.094300000000000,NA,NA,7,484753 487450 486914 486916 486912 486919 486918 486909 486915 486917,10,484753 487450 486914 486916 486912 486919,6,-88.295539899999994,30.387222699999999,2024/08/01 02:01:43.176,2024/07/31 21:01:43.176,
1549,265026,A69-1604-28093,NA,2024/08/01 02:07:16.907,5031.550000000000182,5094.729999999999563,-1,2.082800000000000,NA,0.593700000000000,NA,NA,12,487450 484753 486914 488550 486918 486915 486917,7,487450 484753 486914 488550 486918 486915,6,-88.295621800000006,30.387171200000001,2024/08/01 02:07:16.907,2024/07/31 21:07:16.907,
1550,265046,A69-1604-28093,NA,2024/08/01 02:12:10.154,5032.489999999999782,5094.210000000000036,-1,2.240200000000000,NA,0.600900000000000,NA,NA,13,487450 484753 486914 486916 486912 488550 486918 486915 486909 486917,10,487450 484753 486914 486916 486912 488550,6,-88.295612000000006,30.387166499999999,2024/08/01 02:12:10.154,2024/07/31 21:12:10.154,
1551,265089,A69-1604-28093,NA,2024/08/01 02:23:02.019,5018.060000000000400,5112.840000000000146,-1,2.177300000000000,NA,0.079300000000000,NA,NA,17,488550 486912 484753 486915 486918 486909,6,488550 486912 484753 486915 486918 486909,6,-88.295762100000005,30.387334500000001,2024/08/01 02:23:02.019,2024/07/31 21:23:02.019,
1554,265200,A69-1604-28093,NA,2024/08/01 02:45:35.147,5007.409999999999854,5148.939999999999600,-1,4.582100000000000,NA,0.206900000000000,NA,NA,11,488550 486914 486912 487450 484753 486918,6,488550 486914 486912 487450 484753 486918,6,-88.295872900000006,30.387660100000002,2024/08/01 02:45:35.147,2024/07/31 21:45:35.147,
1582,265771,A69-1604-28093,NA,2024/08/01 04:49:40.704,5030.270000000000437,5132.760000000000218,-1,2.789300000000000,NA,0.217000000000000,NA,NA,11,486914 488550 484753 487450 486912 486916 486918 486915 486919 486909 486917,11,486914 488550 484753 487450 486912 486916,6,-88.295635000000004,30.387514299999999,2024/08/01 04:49:40.704,2024/07/31 23:49:40.704,
1605,269278,A69-1604-28093,NA,2024/08/01 18:50:40.239,5034.340000000000146,5123.350000000000364,-1,2.560800000000000,NA,0.291900000000000,NA,NA,10,486914 484753 487450 488550 486916 486918 486919 486909 486917,9,486914 484753 487450 488550 486916 486918,6,-88.295592600000006,30.387429399999998,2024/08/01 18:50:40.239,2024/08/01 13:50:40.239,
1607,269315,A69-1604-28093,NA,2024/08/01 18:59:00.458,5044.149999999999636,5092.300000000000182,-1,2.574400000000000,NA,0.515200000000000,NA,NA,7,484753 487450 486916 486914 486919 488550 486918 486912 486909 486915 486917,11,484753 487450 486916 486914 486919 488550,6,-88.295490599999994,30.387149200000000,2024/08/01 18:59:00.458,2024/08/01 13:59:00.458,
1623,270084,A69-1604-28093,NA,2024/08/01 22:54:01.002,5051.250000000000000,5068.239999999999782,-1,8.198900000000000,NA,0.165000000000000,NA,NA,1,486916 484753 486919 486909,4,484753 486919 486909,3,-88.295416700000004,30.386932200000000,2024/08/01 22:54:01.002,2024/08/01 17:54:01.002,
1624,270099,A69-1604-28093,NA,2024/08/01 22:58:21.319,5040.600000000000364,5031.039999999999964,-1,11.830399999999999,NA,0.000000000000000,NA,NA,1,486909 486918 487450,3,486909 486918 487450,3,-88.295527600000000,30.386596600000001,2024/08/01 22:58:21.319,2024/08/01 17:58:21.319,
1625,270110,A69-1604-28093,NA,2024/08/01 23:00:41.999,5013.739999999999782,5034.149999999999636,-1,2.941600000000000,NA,0.057400000000000,NA,NA,6,486918 486909 487450 486916 486917,5,486918 486909 487450 486916 486917,5,-88.295806999999996,30.386624699999999,2024/08/01 23:00:41.999,2024/08/01 18:00:41.999,
1626,270127,A69-1604-28093,NA,2024/08/01 23:05:30.829,5031.569999999999709,5022.789999999999964,-1,4.810700000000000,NA,0.000000000000000,NA,NA,1,486909 486918 486916,3,486909 486918 486916,3,-88.295621600000004,30.386522200000002,2024/08/01 23:05:30.829,2024/08/01 18:05:30.829,
1628,270145,A69-1604-28093,NA,2024/08/01 23:10:24.084,5043.460000000000036,5040.649999999999636,-1,4.660000000000000,NA,0.041300000000000,NA,NA,3,486916 486909 487450 484753,4,486916 486909 487450 484753,4,-88.295497900000001,30.386683300000001,2024/08/01 23:10:24.084,2024/08/01 18:10:24.084,
1629,270151,A69-1604-28093,NA,2024/08/01 23:12:29.074,5051.439999999999600,5062.659999999999854,-1,2.143600000000000,NA,0.106000000000000,NA,NA,14,486916 484753 487450 486919 486918 486909,6,486916 484753 487450 486919 486918 486909,6,-88.295414800000003,30.386881899999999,2024/08/01 23:12:29.074,2024/08/01 18:12:29.074,
1630,270170,A69-1604-28093,NA,2024/08/01 23:16:43.752,5019.750000000000000,5031.300000000000182,-1,4.365100000000000,NA,0.047400000000000,NA,NA,3,486918 486909 487450 486916,4,486918 486909 487450 486916,4,-88.295744499999998,30.386599000000000,2024/08/01 23:16:43.752,2024/08/01 18:16:43.752,
1631,270178,A69-1604-28093,NA,2024/08/01 23:18:56.941,5005.939999999999600,5034.140000000000327,-1,3.249000000000000,NA,0.057900000000000,NA,NA,5,486918 486909 487450 486917 486916,5,486918 486909 487450 486917 486916,5,-88.295888199999993,30.386624600000001,2024/08/01 23:18:56.941,2024/08/01 18:18:56.941,
1632,270188,A69-1604-28093,NA,2024/08/01 23:21:19.490,5068.609999999999673,5051.859999999999673,-1,3.752900000000000,NA,0.158900000000000,NA,NA,5,486916 486919 484753 486909 487450,5,486916 486919 484753 486909 487450,5,-88.295236099999997,30.386784400000000,2024/08/01 23:21:19.490,2024/08/01 18:21:19.490,
1640,270793,A69-1604-28093,NA,2024/08/02 01:54:08.581,4952.250000000000000,5063.689999999999600,-1,5.066800000000000,NA,0.172800000000000,NA,NA,7,486915 486912 486918 487450 486917 486909 484753 486916 486919,9,486912 486918 487450 486917 486909,5,-88.296446799999998,30.386891200000001,2024/08/02 01:54:08.581,2024/08/01 20:54:08.581,
1641,270816,A69-1604-28093,NA,2024/08/02 01:59:10.949,4979.189999999999600,5054.659999999999854,-1,7.395700000000000,NA,0.027400000000000,NA,NA,2,486915 486918 486917 486909,4,486915 486918 486917 486909,4,-88.296166499999998,30.386809800000002,2024/08/02 01:59:10.949,2024/08/01 20:59:10.949,
1642,270827,A69-1604-28093,NA,2024/08/02 02:01:48.222,4991.260000000000218,5062.489999999999782,-1,2.256900000000000,NA,0.335400000000000,NA,NA,10,486918 486915 486912 486909 486917 488550 486914,7,486918 486915 486912 486909 486917 488550,6,-88.296041000000002,30.386880399999999,2024/08/02 02:01:48.222,2024/08/01 21:01:48.222,
1643,270834,A69-1604-28093,NA,2024/08/02 02:03:59.284,5010.750000000000000,5059.729999999999563,-1,3.422500000000000,NA,0.163900000000000,NA,NA,11,487450 486918 486916 484753 486909 486917 486914,7,487450 486918 486916 484753 486909 486917,6,-88.295838200000006,30.386855499999999,2024/08/02 02:03:59.284,2024/08/01 21:03:59.284,
1647,270917,A69-1604-28093,NA,2024/08/02 02:20:48.052,5037.560000000000400,5077.890000000000327,-1,1.987400000000000,NA,0.127800000000000,NA,NA,13,487450 484753 486916 486918 486909 486912 488550 486917,8,487450 484753 486916 486918 486909 486912,6,-88.295559200000000,30.387019299999999,2024/08/02 02:20:48.052,2024/08/01 21:20:48.052,
1649,270946,A69-1604-28093,NA,2024/08/02 02:25:59.569,5046.979999999999563,5059.060000000000400,-1,2.011400000000000,NA,0.066600000000000,NA,NA,15,486916 484753 487450 486919 486918 486909 486914 486912 486915 486917,10,486916 484753 487450 486919 486918 486909,6,-88.295461200000005,30.386849399999999,2024/08/02 02:25:59.569,2024/08/01 21:25:59.569,
1652,270999,A69-1604-28093,NA,2024/08/02 02:37:58.845,5035.310000000000400,5078.229999999999563,-1,2.165800000000000,NA,0.097500000000000,NA,NA,11,487450 484753 486916 486918 486914 486919 486909 486912 488550 486917,10,487450 484753 486916 486918 486914 486919,6,-88.295582699999997,30.387022399999999,2024/08/02 02:37:58.845,2024/08/01 21:37:58.845,
1653,271011,A69-1604-28093,NA,2024/08/02 02:40:29.094,5031.979999999999563,5077.689999999999600,-1,2.458900000000000,NA,0.043100000000000,NA,NA,10,487450 484753 486916 486918 486914 486919 486912 486909 488550 486915 486917,11,487450 484753 486916 486918 486914 486919,6,-88.295617300000004,30.387017400000001,2024/08/02 02:40:29.094,2024/08/01 21:40:29.094,
1654,271026,A69-1604-28093,NA,2024/08/02 02:43:26.033,5028.609999999999673,5078.579999999999927,-1,2.190300000000000,NA,0.219200000000000,NA,NA,12,487450 484753 486916 486918 486914 486912 486919 486909 488550 486915 486917,11,487450 484753 486916 486918 486914 486912,6,-88.295652300000000,30.387025500000000,2024/08/02 02:43:26.033,2024/08/01 21:43:26.033,
1655,271052,A69-1604-28093,NA,2024/08/02 02:48:53.010,5031.640000000000327,5077.909999999999854,-1,2.476800000000000,NA,0.042200000000000,NA,NA,10,487450 484753 486916 486918 486914 486919 486912 486909 486917,9,487450 484753 486916 486918 486914 486919,6,-88.295620799999995,30.387019500000001,2024/08/02 02:48:53.010,2024/08/01 21:48:53.010,
1657,271071,A69-1604-28093,NA,2024/08/02 02:53:19.622,5033.770000000000437,5079.859999999999673,-1,3.731500000000000,NA,0.181700000000000,NA,NA,6,486916 486919 486912 486909 486917,5,486916 486919 486912 486909 486917,5,-88.295598699999999,30.387036999999999,2024/08/02 02:53:19.622,2024/08/01 21:53:19.622,
1658,271084,A69-1604-28093,NA,2024/08/02 02:55:48.749,5035.329999999999927,5078.609999999999673,-1,4.637400000000000,NA,0.190900000000000,NA,NA,7,486914 486918 486912 486915 486917,5,486914 486918 486912 486915 486917,5,-88.295582400000001,30.387025800000000,2024/08/02 02:55:48.749,2024/08/01 21:55:48.749,
1659,271099,A69-1604-28093,NA,2024/08/02 02:58:43.116,5032.590000000000146,5079.029999999999745,-1,2.468500000000000,NA,0.059800000000000,NA,NA,10,487450 484753 486916 486918 486914 486919 486912 486909 486915 486917,10,487450 484753 486916 486918 486914 486919,6,-88.295610900000000,30.387029500000001,2024/08/02 02:58:43.116,2024/08/01 21:58:43.116,
1660,271119,A69-1604-28093,NA,2024/08/02 03:03:54.406,5031.680000000000291,5078.270000000000437,-1,2.490900000000000,NA,0.082900000000000,NA,NA,10,487450 484753 486916 486918 486914 486919 486912 486909 488550 486915 486917,11,487450 484753 486916 486918 486914 486919,6,-88.295620400000004,30.387022699999999,2024/08/02 03:03:54.406,2024/08/01 22:03:54.406,
1661,271131,A69-1604-28093,NA,2024/08/02 03:06:43.156,5032.569999999999709,5085.840000000000146,-1,2.200800000000000,NA,0.154100000000000,NA,NA,10,487450 484753 486916 486914 486918 486912 486919 488550 486909 486917,10,487450 484753 486916 486914 486918 486912,6,-88.295611100000002,30.387091000000002,2024/08/02 03:06:43.156,2024/08/01 22:06:43.156,
1662,271140,A69-1604-28093,NA,2024/08/02 03:09:16.952,5024.449999999999818,5086.199999999999818,-1,2.426300000000000,NA,0.069100000000000,NA,NA,10,487450 484753 486916 486914 486912 486918 488550 486919 486915 486909 486917,11,487450 484753 486916 486914 486912 486918,6,-88.295695600000002,30.387094200000000,2024/08/02 03:09:16.952,2024/08/01 22:09:16.952,
1663,271149,A69-1604-28093,NA,2024/08/02 03:11:20.990,5027.989999999999782,5081.869999999999891,-1,2.382700000000000,NA,0.145300000000000,NA,NA,10,487450 484753 486916 486914 486918 486912 486919 488550 486909 486915 486917,11,487450 484753 486916 486914 486918 486912,6,-88.295658799999998,30.387055199999999,2024/08/02 03:11:20.990,2024/08/01 22:11:20.990,
1664,271160,A69-1604-28093,NA,2024/08/02 03:13:25.495,5029.359999999999673,5080.649999999999636,-1,2.161800000000000,NA,0.066700000000000,NA,NA,12,487450 484753 486916 486918 486914 486912 486919 486909 486915 486917,10,487450 484753 486916 486918 486914 486912,6,-88.295644499999995,30.387044199999998,2024/08/02 03:13:25.495,2024/08/01 22:13:25.495,
1665,271172,A69-1604-28093,NA,2024/08/02 03:15:30.953,5029.500000000000000,5081.689999999999600,-1,2.153900000000000,NA,0.048800000000000,NA,NA,12,487450 484753 486916 486914 486918 486912 486919 488550 486909 486917,10,487450 484753 486916 486914 486918 486912,6,-88.295642999999998,30.387053600000002,2024/08/02 03:15:30.953,2024/08/01 22:15:30.953,
1666,271182,A69-1604-28093,NA,2024/08/02 03:17:38.279,5030.970000000000255,5079.920000000000073,-1,9.548800000000000,NA,0.174800000000000,NA,NA,5,486918 486912 486909 486915 486917,5,486918 486912 486909 486915 486917,5,-88.295627699999997,30.387037599999999,2024/08/02 03:17:38.279,2024/08/01 22:17:38.279,
1667,271191,A69-1604-28093,NA,2024/08/02 03:19:49.132,5033.649999999999636,5077.770000000000437,-1,2.416700000000000,NA,0.069700000000000,NA,NA,10,487450 484753 486916 486918 486914 486919 486912 486909 488550 486915 486917,11,487450 484753 486916 486918 486914 486919,6,-88.295599899999999,30.387018200000000,2024/08/02 03:19:49.132,2024/08/01 22:19:49.132,
1668,271203,A69-1604-28093,NA,2024/08/02 03:22:07.237,5032.920000000000073,5087.529999999999745,-1,5.744400000000000,NA,0.010100000000000,NA,NA,1,487450 486919 488550 486917,4,486919 488550 486917,3,-88.295607500000003,30.387106200000002,2024/08/02 03:22:07.237,2024/08/01 22:22:07.237,
1670,271232,A69-1604-28093,NA,2024/08/02 03:27:40.746,5035.029999999999745,5097.310000000000400,-1,2.063200000000000,NA,0.455600000000000,NA,NA,14,487450 484753 486914 486916 488550 486912 486918 486919 486915 486909 486917,11,487450 484753 486914 486916 488550 486912,6,-88.295585500000001,30.387194500000000,2024/08/02 03:27:40.746,2024/08/01 22:27:40.746,
1671,271254,A69-1604-28093,NA,2024/08/02 03:33:33.694,5024.239999999999782,5088.180000000000291,-1,4.308100000000000,NA,0.139000000000000,NA,NA,4,484753 486912 486915 486917,4,484753 486912 486915 486917,4,-88.295697799999999,30.387112100000000,2024/08/02 03:33:33.694,2024/08/01 22:33:33.694,
1672,271268,A69-1604-28093,NA,2024/08/02 03:36:18.247,5030.529999999999745,5096.640000000000327,-1,2.070600000000000,NA,0.504200000000000,NA,NA,15,486914 488550 486918 486919 486915 486917,6,486914 488550 486918 486919 486915 486917,6,-88.295632299999994,30.387188399999999,2024/08/02 03:36:18.247,2024/08/01 22:36:18.247,
1673,271278,A69-1604-28093,NA,2024/08/02 03:38:43.844,5027.069999999999709,5101.359999999999673,-1,2.083600000000000,NA,0.763600000000000,NA,NA,14,487450 484753 486914 486916 488550 486912 486918 486915 486919 486909 486917,11,487450 484753 486914 486916 488550 486912,6,-88.295668300000003,30.387231000000000,2024/08/02 03:38:43.844,2024/08/01 22:38:43.844,
1674,271288,A69-1604-28093,NA,2024/08/02 03:41:31.430,5021.930000000000291,5094.630000000000109,-1,2.964300000000000,NA,0.435200000000000,NA,NA,11,487450 484753 486914 486912 486916 488550 486918 486915 486919 486909 486917,11,487450 484753 486914 486912 486916 488550,6,-88.295721799999995,30.387170200000000,2024/08/02 03:41:31.430,2024/08/01 22:41:31.430,
1675,271304,A69-1604-28093,NA,2024/08/02 03:44:02.858,5009.789999999999964,5089.369999999999891,-1,2.537400000000000,NA,0.085700000000000,NA,NA,9,487450 486912 484753 486914 486918 486916 488550 486915 486909 486919,10,486912 484753 486914 486918 486916,5,-88.295848100000001,30.387122800000000,2024/08/02 03:44:02.858,2024/08/01 22:44:02.858,
1676,271320,A69-1604-28093,NA,2024/08/02 03:47:02.116,4998.600000000000364,5088.090000000000146,-1,2.387400000000000,NA,0.342100000000000,NA,NA,10,487450 486912 486915 486918 484753 486909 486917 486919,8,487450 486912 486915 486918 484753 486909,6,-88.295964600000005,30.387111300000001,2024/08/02 03:47:02.116,2024/08/01 22:47:02.116,
1677,271336,A69-1604-28093,NA,2024/08/02 03:49:57.207,4986.520000000000437,5084.479999999999563,-1,3.974300000000000,NA,0.264800000000000,NA,NA,6,486912 486915 486918 486917 486909,5,486912 486915 486918 486917 486909,5,-88.296090199999995,30.387078700000000,2024/08/02 03:49:57.207,2024/08/01 22:49:57.207,
1678,271348,A69-1604-28093,NA,2024/08/02 03:52:43.630,4989.050000000000182,5084.489999999999782,-1,1.900900000000000,NA,0.387200000000000,NA,NA,13,487450 486912 486915 486918 488550 484753 486914 486916 486909,9,487450 486912 486915 486918 488550 484753,6,-88.296064000000001,30.387078800000001,2024/08/02 03:52:43.630,2024/08/01 22:52:43.630,
1679,271362,A69-1604-28093,NA,2024/08/02 03:55:12.724,4993.109999999999673,5096.939999999999600,-1,2.180000000000000,NA,0.314400000000000,NA,NA,13,487450 486912 486915 488550 484753 486914 486918 486916 486909 486919,10,487450 486912 486915 488550 484753 486914,6,-88.296021600000003,30.387191099999999,2024/08/02 03:55:12.724,2024/08/01 22:55:12.724,
1680,271376,A69-1604-28093,NA,2024/08/02 03:58:07.091,4992.090000000000146,5097.460000000000036,-1,5.779900000000000,NA,0.117900000000000,NA,NA,6,486912 486915 486918 486909 486917,5,486912 486915 486918 486909 486917,5,-88.296032299999993,30.387195800000001,2024/08/02 03:58:07.091,2024/08/01 22:58:07.091,
1681,271425,A69-1604-28093,NA,2024/08/02 04:08:40.943,4969.460000000000036,5078.859999999999673,-1,2.204700000000000,NA,0.089900000000000,NA,NA,12,486915 486912 487450 486918 486917 486916 486909,7,486915 486912 487450 486918 486917 486916,6,-88.296267799999995,30.387028000000001,2024/08/02 04:08:40.943,2024/08/01 23:08:40.943,
1682,271434,A69-1604-28093,NA,2024/08/02 04:10:44.744,4981.729999999999563,5087.680000000000291,-1,2.150000000000000,NA,0.109600000000000,NA,NA,13,486912 487450 486915 486918 484753 486914 486916 486917 486909 486919,10,486912 487450 486915 486918 484753 486914,6,-88.296140100000002,30.387107600000000,2024/08/02 04:10:44.744,2024/08/01 23:10:44.744,
1683,271456,A69-1604-28093,NA,2024/08/02 04:14:53.073,4990.710000000000036,5092.100000000000364,-1,2.379300000000000,NA,0.156900000000000,NA,NA,9,487450 486912 486915 486918 486914 486909 486917 486919,8,487450 486912 486915 486918 486914 486909,6,-88.296046599999997,30.387147500000001,2024/08/02 04:14:53.073,2024/08/01 23:14:53.073,
1684,271484,A69-1604-28093,NA,2024/08/02 04:21:13.673,4990.149999999999636,5095.350000000000364,-1,6.862500000000000,NA,0.354600000000000,NA,NA,3,486912 488550 486914 486919,4,486912 488550 486914 486919,4,-88.296052500000002,30.387176700000001,2024/08/02 04:21:13.673,2024/08/01 23:21:13.673,
1685,271497,A69-1604-28093,NA,2024/08/02 04:23:28.508,4985.149999999999636,5101.609999999999673,-1,2.572400000000000,NA,0.286800000000000,NA,NA,12,486912 487450 486915 488550 486914 484753 486918 486916 486917 486909 486919,11,486912 487450 486915 488550 486914 484753,6,-88.296104499999998,30.387233299999998,2024/08/02 04:23:28.508,2024/08/01 23:23:28.508,
1686,271513,A69-1604-28093,NA,2024/08/02 04:25:54.593,4999.579999999999927,5105.100000000000364,-1,4.864400000000000,NA,0.196700000000000,NA,NA,7,486914 486915 486918 486909 486917,5,486914 486915 486918 486909 486917,5,-88.295954399999999,30.387264699999999,2024/08/02 04:25:54.593,2024/08/01 23:25:54.593,
1687,271535,A69-1604-28093,NA,2024/08/02 04:31:15.944,5015.869999999999891,5112.520000000000437,-1,2.350900000000000,NA,0.124400000000000,NA,NA,9,486914 486912 484753 486916 486915 486919 486909,7,486914 486912 484753 486916 486915 486919,6,-88.295784900000001,30.387331600000000,2024/08/02 04:31:15.944,2024/08/01 23:31:15.944,
1688,271552,A69-1604-28093,NA,2024/08/02 04:34:18.502,5014.000000000000000,5112.869999999999891,-1,2.026200000000000,NA,0.273100000000000,NA,NA,13,487450 486914 486912 488550 484753 486916 486915 486918 486919 486909,10,487450 486914 486912 488550 484753 486916,6,-88.295804399999994,30.387334800000001,2024/08/02 04:34:18.502,2024/08/01 23:34:18.502,
1689,271563,A69-1604-28093,NA,2024/08/02 04:37:20.124,4999.520000000000437,5104.069999999999709,-1,2.050300000000000,NA,0.271700000000000,NA,NA,14,487450 486912 488550 486914 484753 486915 486918 486916 486909 486917,10,487450 486912 488550 486914 484753 486915,6,-88.295955000000006,30.387255400000001,2024/08/02 04:37:20.124,2024/08/01 23:37:20.124,
1690,271576,A69-1604-28093,NA,2024/08/02 04:40:19.618,4995.899999999999636,5107.720000000000255,-1,2.105700000000000,NA,0.303400000000000,NA,NA,14,486912 487450 488550 486914 486915 484753 486918 486916 486909 486919 486917,11,486912 487450 488550 486914 486915 484753,6,-88.295992699999999,30.387288399999999,2024/08/02 04:40:19.618,2024/08/01 23:40:19.618,
1691,271587,A69-1604-28093,NA,2024/08/02 04:43:15.154,4998.039999999999964,5111.699999999999818,-1,2.021500000000000,NA,0.270800000000000,NA,NA,14,486912 487450 488550 486914 484753 486915 486918 486916 486909 486919,10,486912 487450 488550 486914 484753 486915,6,-88.295970400000002,30.387324199999998,2024/08/02 04:43:15.154,2024/08/01 23:43:15.154,
1692,271603,A69-1604-28093,NA,2024/08/02 04:46:02.514,4989.279999999999745,5103.869999999999891,-1,2.403300000000000,NA,0.295800000000000,NA,NA,12,486912 487450 488550 486915 486914 484753 486918 486916 486909 486917 486919,11,486912 487450 488550 486915 486914 484753,6,-88.296061600000002,30.387253600000001,2024/08/02 04:46:02.514,2024/08/01 23:46:02.514,
1693,271615,A69-1604-28093,NA,2024/08/02 04:48:33.702,4983.210000000000036,5099.760000000000218,-1,2.285100000000000,NA,0.246300000000000,NA,NA,14,486912 487450 486915 488550 486914 486918 484753 486916 486917 486909 486919,11,486912 487450 486915 488550 486914 486918,6,-88.296124699999993,30.387216500000001,2024/08/02 04:48:33.702,2024/08/01 23:48:33.702,
1694,271630,A69-1604-28093,NA,2024/08/02 04:51:32.269,4998.569999999999709,5112.630000000000109,-1,3.137700000000000,NA,0.175900000000000,NA,NA,9,486912 487450 486914 484753 486915 486916 486918 486909 486917,9,486912 487450 486914 484753 486915 486916,6,-88.295964900000001,30.387332600000001,2024/08/02 04:51:32.269,2024/08/01 23:51:32.269,
1695,271648,A69-1604-28093,NA,2024/08/02 04:54:25.932,5018.819999999999709,5115.529999999999745,-1,1.962700000000000,NA,0.255100000000000,NA,NA,13,487450 486914 488550 484753 486912 486916 486915 486918 486909 486917,10,487450 486914 488550 484753 486912 486916,6,-88.295754200000005,30.387358800000001,2024/08/02 04:54:25.932,2024/08/01 23:54:25.932,
1696,271662,A69-1604-28093,NA,2024/08/02 04:57:09.545,5005.010000000000218,5119.510000000000218,-1,3.315100000000000,NA,0.160300000000000,NA,NA,13,486912 488550 486915 486918 486909 486917,6,486912 488550 486915 486918 486909 486917,6,-88.295897900000000,30.387394700000002,2024/08/02 04:57:09.545,2024/08/01 23:57:09.545,
1699,271720,A69-1604-28093,NA,2024/08/02 05:09:44.632,4998.130000000000109,5101.239999999999782,-1,2.101700000000000,NA,0.150200000000000,NA,NA,14,487450 486912 488550 486914 484753 486915 486918 486916 486909 486919,10,487450 486912 488550 486914 484753 486915,6,-88.295969499999998,30.387229900000001,2024/08/02 05:09:44.632,2024/08/02 00:09:44.632,
1700,271741,A69-1604-28093,NA,2024/08/02 05:14:42.825,5000.810000000000400,5109.729999999999563,-1,2.045900000000000,NA,0.723200000000000,NA,NA,14,487450 486912 488550 486914 484753 486915 486918 486916 486919,9,487450 486912 488550 486914 484753 486915,6,-88.295941499999998,30.387306500000001,2024/08/02 05:14:42.825,2024/08/02 00:14:42.825,
1701,271781,A69-1604-28093,NA,2024/08/02 05:23:08.673,5001.970000000000255,5114.500000000000000,-1,1.986600000000000,NA,0.324400000000000,NA,NA,14,486912 487450 488550 486914 484753 486915 486916 486918 486919 486909 486917,11,486912 487450 488550 486914 484753 486915,6,-88.295929500000000,30.387349499999999,2024/08/02 05:23:08.673,2024/08/02 00:23:08.673,
1702,271804,A69-1604-28093,NA,2024/08/02 05:28:24.186,4993.260000000000218,5109.569999999999709,-1,2.134000000000000,NA,0.273100000000000,NA,NA,14,486912 487450 488550 486914 486915 484753 486918 486916 486909 486917 486919,11,486912 487450 488550 486914 486915 484753,6,-88.296020200000001,30.387305000000001,2024/08/02 05:28:24.186,2024/08/02 00:28:24.186,
1703,271826,A69-1604-28093,NA,2024/08/02 05:34:03.601,5011.289999999999964,5122.399999999999636,-1,2.048200000000000,NA,0.276200000000000,NA,NA,14,488550 487450 486914 486912 484753 486916 486915 486918 486909,9,488550 487450 486914 486912 484753 486916,6,-88.295832500000003,30.387420800000001,2024/08/02 05:34:03.601,2024/08/02 00:34:03.601,
1704,271852,A69-1604-28093,NA,2024/08/02 05:39:18.841,5006.909999999999854,5108.090000000000146,-1,2.032800000000000,NA,0.338200000000000,NA,NA,13,487450 486912 488550 486914 486915 486918 486909,7,487450 486912 488550 486914 486915 486918,6,-88.295878099999996,30.387291699999999,2024/08/02 05:39:18.841,2024/08/02 00:39:18.841,
1705,271860,A69-1604-28093,NA,2024/08/02 05:41:53.060,5007.550000000000182,5101.460000000000036,-1,2.440600000000000,NA,0.291300000000000,NA,NA,12,487450 486912 488550 484753 486914 486916 486915 486918 486909 486919,10,487450 486912 488550 484753 486914 486916,6,-88.295871500000004,30.387231900000000,2024/08/02 05:41:53.060,2024/08/02 00:41:53.060,
1706,271884,A69-1604-28093,NA,2024/08/02 05:48:12.017,4987.659999999999854,5089.079999999999927,-1,1.860300000000000,NA,0.297400000000000,NA,NA,13,487450 486912 486915 486918 488550 484753 486914 486916 486917 486909,10,487450 486912 486915 486918 488550 484753,6,-88.296078399999999,30.387120199999998,2024/08/02 05:48:12.017,2024/08/02 00:48:12.017,
1707,271892,A69-1604-28093,NA,2024/08/02 05:50:24.959,5000.270000000000437,5097.210000000000036,-1,2.141000000000000,NA,0.201600000000000,NA,NA,13,487450 486912 488550 484753 486914 486915 486918 486916 486909 486919 486917,11,487450 486912 488550 484753 486914 486915,6,-88.295947200000001,30.387193499999999,2024/08/02 05:50:24.959,2024/08/02 00:50:24.959,
1708,271901,A69-1604-28093,NA,2024/08/02 05:52:47.277,4992.090000000000146,5097.890000000000327,-1,2.177100000000000,NA,0.269900000000000,NA,NA,13,486912 487450 486915 488550 484753 486914 486918 486916 486909,9,486912 487450 486915 488550 484753 486914,6,-88.296032299999993,30.387199700000000,2024/08/02 05:52:47.277,2024/08/02 00:52:47.277,
1709,271914,A69-1604-28093,NA,2024/08/02 05:55:28.316,4980.390000000000327,5092.279999999999745,-1,2.163200000000000,NA,0.081300000000000,NA,NA,13,486912 487450 486915 486918 484753 486914 486916 486917 486909,9,486912 487450 486915 486918 484753 486914,6,-88.296154000000001,30.387149000000001,2024/08/02 05:55:28.316,2024/08/02 00:55:28.316,
1710,271925,A69-1604-28093,NA,2024/08/02 05:57:46.638,4987.289999999999964,5103.170000000000073,-1,7.852300000000000,NA,0.083200000000000,NA,NA,2,486912 488550 486917 486909,4,486912 488550 486917 486909,4,-88.296082200000001,30.387247299999999,2024/08/02 05:57:46.638,2024/08/02 00:57:46.638,
1711,271946,A69-1604-28093,NA,2024/08/02 06:03:22.045,5000.810000000000400,5119.359999999999673,-1,1.956900000000000,NA,0.263200000000000,NA,NA,15,486912 488550 487450 486914 484753 486915 486916 486918 486909 486917,10,486912 488550 487450 486914 484753 486915,6,-88.295941600000006,30.387393400000001,2024/08/02 06:03:22.045,2024/08/02 01:03:22.045,
1714,272029,A69-1604-28093,NA,2024/08/02 06:24:55.476,4995.159999999999854,5109.949999999999818,-1,2.076400000000000,NA,0.292900000000000,NA,NA,14,486912 487450 488550 486914 486915 484753 486918 486916 486909 486919,10,486912 487450 488550 486914 486915 484753,6,-88.296000399999997,30.387308500000000,2024/08/02 06:24:55.476,2024/08/02 01:24:55.476,
1719,272163,A69-1604-28093,NA,2024/08/02 06:57:54.087,4968.760000000000218,5098.489999999999782,-1,3.085700000000000,NA,0.246800000000000,NA,NA,11,486912 486915 487450 488550 486918 486914 484753 486917 486916 486909,10,486912 486915 487450 488550 486918 486914,6,-88.296274999999994,30.387205099999999,2024/08/02 06:57:54.087,2024/08/02 01:57:54.087,
1726,272250,A69-1604-28093,NA,2024/08/02 07:19:31.438,4976.420000000000073,5106.600000000000364,-1,3.488800000000000,NA,0.165900000000000,NA,NA,10,486912 487450 486915 488550 486914 486918 484753 486916 486917 486909 486919,11,486912 487450 486915 488550 486914 486918,6,-88.296195400000002,30.387278200000001,2024/08/02 07:19:31.438,2024/08/02 02:19:31.438,
1733,272336,A69-1604-28093,NA,2024/08/02 07:40:59.490,4981.250000000000000,5109.239999999999782,-1,3.986500000000000,NA,0.249000000000000,NA,NA,11,486912 488550 486915 486918 486917 486909,6,486912 488550 486915 486918 486917 486909,6,-88.296145100000004,30.387301999999998,2024/08/02 07:40:59.490,2024/08/02 02:40:59.490,
1738,276059,A69-1604-28093,NA,2024/08/03 00:52:17.144,5001.130000000000109,5036.119999999999891,-1,5.094400000000000,NA,0.037800000000000,NA,NA,1,486918 486909 487450 486917,4,486909 487450 486917,3,-88.295938300000003,30.386642500000001,2024/08/03 00:52:17.144,2024/08/02 19:52:17.144,
1739,276067,A69-1604-28093,NA,2024/08/03 00:54:55.843,5004.270000000000437,5036.329999999999927,-1,3.277200000000000,NA,0.129000000000000,NA,NA,4,486918 486909 487450 486917 486915,5,486909 487450 486917 486915,4,-88.295905599999998,30.386644400000002,2024/08/03 00:54:55.843,2024/08/02 19:54:55.843,
1740,276079,A69-1604-28093,NA,2024/08/03 00:57:09.502,5006.859999999999673,5037.680000000000291,-1,14.580800000000000,NA,0.157200000000000,NA,NA,1,486918 487450 486917 484753,4,486918 487450 484753,3,-88.295878599999995,30.386656500000001,2024/08/03 00:57:09.502,2024/08/02 19:57:09.502,
1742,276107,A69-1604-28093,NA,2024/08/03 01:02:16.141,5004.359999999999673,5039.319999999999709,-1,2.838100000000000,NA,0.050500000000000,NA,NA,12,486918 487450 486909 486917 486916 484753,6,486918 487450 486909 486917 486916 484753,6,-88.295904600000000,30.386671400000001,2024/08/03 01:02:16.141,2024/08/02 20:02:16.141,
1743,276138,A69-1604-28093,NA,2024/08/03 01:09:38.983,5004.979999999999563,5039.069999999999709,-1,3.787200000000000,NA,0.013300000000000,NA,NA,4,486918 486909 487450 486917 484753,5,486918 486909 487450 486917 484753,5,-88.295898100000002,30.386669099999999,2024/08/03 01:09:38.983,2024/08/02 20:09:38.983,
1744,276147,A69-1604-28093,NA,2024/08/03 01:12:13.209,4998.949999999999818,5048.479999999999563,-1,6.110700000000000,NA,0.035800000000000,NA,NA,1,486918 487450 486909 486917,4,487450 486909 486917,3,-88.295961000000005,30.386754000000000,2024/08/03 01:12:13.209,2024/08/02 20:12:13.209,
1745,276173,A69-1604-28093,NA,2024/08/03 01:18:31.475,5015.710000000000036,5060.560000000000400,-1,2.083600000000000,NA,0.246900000000000,NA,NA,16,487450 486918 486916 484753 486909 486915 486917,7,487450 486918 486916 484753 486909 486915,6,-88.295786600000000,30.386863000000002,2024/08/03 01:18:31.475,2024/08/02 20:18:31.475,
1747,276205,A69-1604-28093,NA,2024/08/03 01:25:39.347,5036.539999999999964,5073.520000000000437,-1,2.121300000000000,NA,0.148900000000000,NA,NA,11,487450 484753 486916 486918 486919 486912 486915 486917,8,487450 484753 486916 486918 486919 486912,6,-88.295569799999996,30.386979900000000,2024/08/03 01:25:39.347,2024/08/02 20:25:39.347,
1748,276229,A69-1604-28093,NA,2024/08/03 01:30:01.301,5025.310000000000400,5088.609999999999673,-1,2.804600000000000,NA,0.187400000000000,NA,NA,8,487450 486916 486914 486918 488550 486919 486909 486917,8,487450 486916 486914 486918 488550 486919,6,-88.295686700000005,30.387115900000001,2024/08/03 01:30:01.301,2024/08/02 20:30:01.301,
1749,276270,A69-1604-28093,NA,2024/08/03 01:40:04.693,5035.220000000000255,5082.060000000000400,-1,2.174800000000000,NA,0.185300000000000,NA,NA,11,487450 484753 486916 486914 486918 486919 486909 488550 486917,9,487450 484753 486916 486914 486918 486919,6,-88.295583600000001,30.387056800000000,2024/08/03 01:40:04.693,2024/08/02 20:40:04.693,
1750,276280,A69-1604-28093,NA,2024/08/03 01:42:16.012,5027.210000000000036,5079.680000000000291,-1,2.401900000000000,NA,0.392600000000000,NA,NA,10,487450 484753 486916 486918 486914 486912 486919 486909 488550 486915 486917,11,487450 484753 486916 486918 486914 486912,6,-88.295666900000001,30.387035399999998,2024/08/03 01:42:16.012,2024/08/02 20:42:16.012,
1751,276289,A69-1604-28093,NA,2024/08/03 01:44:35.039,5029.979999999999563,5078.569999999999709,-1,2.516300000000000,NA,0.211900000000000,NA,NA,10,487450 484753 486916 486918 486914 486919 486912 486909 488550 486917,10,487450 484753 486916 486918 486914 486919,6,-88.295637999999997,30.387025399999999,2024/08/03 01:44:35.039,2024/08/02 20:44:35.039,
1752,276303,A69-1604-28093,NA,2024/08/03 01:47:09.502,5036.859999999999673,5074.310000000000400,-1,2.001300000000000,NA,0.172900000000000,NA,NA,12,487450 484753 486916 486918 486919 486914 486909 486912 488550 486915 486917,11,487450 484753 486916 486918 486919 486914,6,-88.295566399999998,30.386987000000001,2024/08/03 01:47:09.502,2024/08/02 20:47:09.502,
1756,276374,A69-1604-28093,NA,2024/08/03 02:04:11.903,5027.079999999999927,5087.250000000000000,-1,2.960400000000000,NA,0.133000000000000,NA,NA,6,486916 488550 486919 486909 486917,5,486916 488550 486919 486909 486917,5,-88.295668300000003,30.387103700000001,2024/08/03 02:04:11.903,2024/08/02 21:04:11.903,
1757,276385,A69-1604-28093,NA,2024/08/03 02:06:53.899,5026.710000000000036,5081.579999999999927,-1,2.391800000000000,NA,0.292600000000000,NA,NA,10,487450 484753 486916 486918 486914 486912 486919 488550 486909 486917,10,487450 484753 486916 486918 486914 486912,6,-88.295672100000004,30.387052499999999,2024/08/03 02:06:53.899,2024/08/02 21:06:53.899,
1758,276394,A69-1604-28093,NA,2024/08/03 02:09:14.369,5019.470000000000255,5079.859999999999673,-1,2.409400000000000,NA,0.252800000000000,NA,NA,10,487450 484753 486916 486918 486912 486914 488550 486909 486917,9,487450 484753 486916 486918 486912 486914,6,-88.295747399999996,30.387036999999999,2024/08/03 02:09:14.369,2024/08/02 21:09:14.369,
1760,276436,A69-1604-28093,NA,2024/08/03 02:18:50.369,5009.899999999999636,5071.890000000000327,-1,3.170800000000000,NA,0.177400000000000,NA,NA,9,487450 484753 486916 486912 486915 486914 488550 486917,8,484753 486916 486912 486915 486914,5,-88.295846999999995,30.386965199999999,2024/08/03 02:18:50.369,2024/08/02 21:18:50.369,
1761,276450,A69-1604-28093,NA,2024/08/03 02:21:48.463,5026.319999999999709,5079.029999999999745,-1,2.416600000000000,NA,0.172200000000000,NA,NA,12,486918 486919 486909 488550 486915 486917,6,486918 486919 486909 488550 486915 486917,6,-88.295676200000003,30.387029500000001,2024/08/03 02:21:48.463,2024/08/02 21:21:48.463,
1762,276465,A69-1604-28093,NA,2024/08/03 02:24:41.181,5030.770000000000437,5082.000000000000000,-1,2.141300000000000,NA,0.153900000000000,NA,NA,12,487450 484753 486916 486914 486918 486912 486919 488550 486909 486915 486917,11,487450 484753 486916 486914 486918 486912,6,-88.295629800000000,30.387056399999999,2024/08/03 02:24:41.181,2024/08/02 21:24:41.181,
1763,276481,A69-1604-28093,NA,2024/08/03 02:29:43.577,5020.409999999999854,5085.029999999999745,-1,2.437500000000000,NA,0.061300000000000,NA,NA,10,487450 484753 486916 486912 486914 486918 488550 486915 486919 486909 486917,11,487450 484753 486916 486912 486914 486918,6,-88.295737599999995,30.387083700000002,2024/08/03 02:29:43.577,2024/08/02 21:29:43.577,
1764,276497,A69-1604-28093,NA,2024/08/03 02:32:20.849,5028.270000000000437,5084.770000000000437,-1,2.174500000000000,NA,0.126700000000000,NA,NA,11,487450 484753 486916 486914 486918 486912 488550 486919 486909 486915 486917,11,487450 484753 486916 486914 486918 486912,6,-88.295655800000006,30.387081299999998,2024/08/03 02:32:20.849,2024/08/02 21:32:20.849,
1765,276523,A69-1604-28093,NA,2024/08/03 02:36:49.634,5035.880000000000109,5094.039999999999964,-1,2.184700000000000,NA,0.559600000000000,NA,NA,13,487450 484753 486916 486914 488550 486912 486918 486915 486917,9,487450 484753 486916 486914 488550 486912,6,-88.295576699999998,30.387165000000000,2024/08/03 02:36:49.634,2024/08/02 21:36:49.634,
1766,276554,A69-1604-28093,NA,2024/08/03 02:42:21.718,5027.979999999999563,5083.960000000000036,-1,2.203800000000000,NA,0.169500000000000,NA,NA,11,487450 484753 486916 486914 486918 486912 488550 486919 486909 486915 486917,11,487450 484753 486916 486914 486918 486912,6,-88.295658799999998,30.387073999999998,2024/08/03 02:42:21.718,2024/08/02 21:42:21.718,
1767,276583,A69-1604-28093,NA,2024/08/03 02:48:08.347,5031.689999999999600,5074.960000000000036,-1,2.327300000000000,NA,0.087500000000000,NA,NA,15,487450 484753 486916 486918 486919 486909 488550 486915 486917,9,487450 484753 486916 486918 486919 486909,6,-88.295620299999996,30.386992899999999,2024/08/03 02:48:08.347,2024/08/02 21:48:08.347,
1768,276610,A69-1604-28093,NA,2024/08/03 02:52:53.677,5028.020000000000437,5089.289999999999964,-1,2.211600000000000,NA,0.095000000000000,NA,NA,10,487450 484753 486916 486914 486912 486918 488550 486915 486909 486917,10,487450 484753 486916 486914 486912 486918,6,-88.295658500000002,30.387122099999999,2024/08/03 02:52:53.677,2024/08/02 21:52:53.677,
1769,276627,A69-1604-28093,NA,2024/08/03 02:57:32.917,5027.220000000000255,5098.829999999999927,-1,2.089800000000000,NA,0.483700000000000,NA,NA,14,487450 484753 486914 486916 486912 488550 486918 486919 486915 486909 486917,11,487450 484753 486914 486916 486912 488550,6,-88.295666699999998,30.387208099999999,2024/08/03 02:57:32.917,2024/08/02 21:57:32.917,
1770,276636,A69-1604-28093,NA,2024/08/03 03:00:18.862,5012.939999999999600,5104.550000000000182,-1,4.910300000000000,NA,0.217900000000000,NA,NA,4,486914 488550 486918 486909,4,486914 488550 486918 486909,4,-88.295815300000001,30.387259799999999,2024/08/03 03:00:18.862,2024/08/02 22:00:18.862,
1771,276645,A69-1604-28093,NA,2024/08/03 03:02:47.019,5011.689999999999600,5111.739999999999782,-1,2.059000000000000,NA,0.487200000000000,NA,NA,14,487450 486912 488550 486914 484753 486916 486915 486918 486909 486917,10,487450 486912 488550 486914 484753 486916,6,-88.295828400000005,30.387324599999999,2024/08/03 03:02:47.019,2024/08/02 22:02:47.019,
1772,276656,A69-1604-28093,NA,2024/08/03 03:05:39.494,5006.470000000000255,5102.989999999999782,-1,2.395100000000000,NA,0.406600000000000,NA,NA,10,487450 488550 486914 484753 486915 486916 486918 486909 486919,9,487450 488550 486914 484753 486915 486916,6,-88.295882700000007,30.387245700000001,2024/08/03 03:05:39.494,2024/08/02 22:05:39.494,
1773,276670,A69-1604-28093,NA,2024/08/03 03:08:20.762,5005.960000000000036,5094.090000000000146,-1,2.318200000000000,NA,0.552600000000000,NA,NA,12,487450 486912 484753 488550 486914 486918 486915 486916 486909 486919 486917,11,487450 486912 484753 488550 486914 486918,6,-88.295888000000005,30.387165400000001,2024/08/03 03:08:20.762,2024/08/02 22:08:20.762,
1774,276682,A69-1604-28093,NA,2024/08/03 03:10:39.562,4996.239999999999782,5090.390000000000327,-1,2.184800000000000,NA,0.174100000000000,NA,NA,12,487450 486912 486915 484753 486918 486914 486916 486909 486917 486919,10,487450 486912 486915 484753 486918 486914,6,-88.295989100000000,30.387132099999999,2024/08/03 03:10:39.562,2024/08/02 22:10:39.562,
1775,276694,A69-1604-28093,NA,2024/08/03 03:13:13.552,4988.890000000000327,5084.810000000000400,-1,1.896300000000000,NA,0.391300000000000,NA,NA,13,487450 486912 486915 486918 488550 484753 486914 486916 486909 486917 486919,11,487450 486912 486915 486918 488550 484753,6,-88.296065600000006,30.387081700000000,2024/08/03 03:13:13.552,2024/08/02 22:13:13.552,
1776,276704,A69-1604-28093,NA,2024/08/03 03:15:18.076,4989.560000000000400,5074.630000000000109,-1,2.081200000000000,NA,0.032600000000000,NA,NA,13,487450 486915 486912 486918 484753 486916 488550 486909 486914 486919,10,487450 486915 486912 486918 484753 486916,6,-88.296058599999995,30.386989900000000,2024/08/03 03:15:18.076,2024/08/02 22:15:18.076,
1777,276713,A69-1604-28093,NA,2024/08/03 03:17:23.273,4977.069999999999709,5074.960000000000036,-1,2.116300000000000,NA,0.386400000000000,NA,NA,13,486915 487450 486912 486918 486917 488550 484753 486916 486909 486914 486919,11,486915 487450 486912 486918 486917 488550,6,-88.296188599999994,30.386992800000002,2024/08/03 03:17:23.273,2024/08/02 22:17:23.273,
1778,276723,A69-1604-28093,NA,2024/08/03 03:19:29.898,4970.970000000000255,5064.649999999999636,-1,2.187500000000000,NA,0.154700000000000,NA,NA,12,486915 487450 486918 486912 486917 484753 486916 486914 486919,9,486915 487450 486918 486912 486917 484753,6,-88.296251999999996,30.386899900000000,2024/08/03 03:19:29.898,2024/08/02 22:19:29.898,
1779,276733,A69-1604-28093,NA,2024/08/03 03:21:39.574,4964.189999999999600,5069.039999999999964,-1,3.003300000000000,NA,0.141000000000000,NA,NA,12,486915 486912 487450 486918 486917 486909 484753 486916 486914 486919,10,486915 486912 487450 486918 486917 486909,6,-88.296322599999996,30.386939399999999,2024/08/03 03:21:39.574,2024/08/02 22:21:39.574,
1780,276747,A69-1604-28093,NA,2024/08/03 03:23:55.087,4967.859999999999673,5076.100000000000364,-1,2.263900000000000,NA,0.068200000000000,NA,NA,12,486915 486912 487450 486918 486917 484753 486909 486916 486914 486919,10,486915 486912 487450 486918 486917 484753,6,-88.296284400000005,30.387003199999999,2024/08/03 03:23:55.087,2024/08/02 22:23:55.087,
1781,276760,A69-1604-28093,NA,2024/08/03 03:26:22.550,4980.970000000000255,5079.739999999999782,-1,1.991700000000000,NA,0.156800000000000,NA,NA,13,487450 486912 486915 486918 484753 486917 486916 486914 486909,9,487450 486912 486915 486918 484753 486917,6,-88.296148000000002,30.387035999999998,2024/08/03 03:26:22.550,2024/08/02 22:26:22.550,
1782,276771,A69-1604-28093,NA,2024/08/03 03:29:13.843,4979.409999999999854,5073.449999999999818,-1,2.011200000000000,NA,0.046900000000000,NA,NA,13,486915 487450 486912 486918 486917 484753 486916 486909 486914 486919,10,486915 487450 486912 486918 486917 484753,6,-88.296164300000001,30.386979199999999,2024/08/03 03:29:13.843,2024/08/02 22:29:13.843,
1783,276815,A69-1604-28093,NA,2024/08/03 03:39:18.902,4946.989999999999782,5063.270000000000437,-1,5.731300000000000,NA,0.168100000000000,NA,NA,7,486915 486912 486917 486918 487450 486909 484753 486916 486914,9,486912 486917 486918 487450 486909,5,-88.296501500000005,30.386887399999999,2024/08/03 03:39:18.902,2024/08/02 22:39:18.902,
1784,276842,A69-1604-28093,NA,2024/08/03 03:44:43.799,4959.619999999999891,5069.680000000000291,-1,3.356000000000000,NA,0.121100000000000,NA,NA,10,486915 486912 487450 486918 486917 486909 484753 486916 486914 486919,10,486915 486912 487450 486918 486917 486909,6,-88.296370199999998,30.386945200000000,2024/08/03 03:44:43.799,2024/08/02 22:44:43.799,
1785,276894,A69-1604-28093,NA,2024/08/03 03:55:45.710,4952.130000000000109,5068.750000000000000,-1,4.645000000000000,NA,0.394000000000000,NA,NA,8,486915 486912 487450 486918 486917 486909 484753 486916,8,486915 486912 487450 486918 486917 486909,6,-88.296447999999998,30.386936800000001,2024/08/03 03:55:45.710,2024/08/02 22:55:45.710,
1786,276904,A69-1604-28093,NA,2024/08/03 03:58:19.535,4970.729999999999563,5080.350000000000364,-1,2.528900000000000,NA,0.220800000000000,NA,NA,11,486915 486912 487450 486918 486917 486914 486916 486909,8,486915 486912 487450 486918 486917 486914,6,-88.296254500000003,30.387041499999999,2024/08/03 03:58:19.535,2024/08/02 22:58:19.535,
1787,276910,A69-1604-28093,NA,2024/08/03 04:00:23.352,4985.199999999999818,5083.520000000000437,-1,2.122300000000000,NA,0.101700000000000,NA,NA,13,487450 486912 486915 486918 484753 486914 486916 486917 486909 486919,10,487450 486912 486915 486918 484753 486914,6,-88.296104000000000,30.387070099999999,2024/08/03 04:00:23.352,2024/08/02 23:00:23.352,
1788,276919,A69-1604-28093,NA,2024/08/03 04:02:27.160,4999.090000000000146,5086.770000000000437,-1,2.163500000000000,NA,0.305800000000000,NA,NA,11,487450 486912 486915 486918 484753 488550 486914 486916 486909,9,487450 486912 486915 486918 484753 488550,6,-88.295959400000001,30.387099400000000,2024/08/03 04:02:27.160,2024/08/02 23:02:27.160,
1789,276930,A69-1604-28093,NA,2024/08/03 04:04:31.200,4993.210000000000036,5114.560000000000400,-1,2.062700000000000,NA,0.276200000000000,NA,NA,14,486912 487450 488550 486914 486915 484753 486918 486916 486909 486917,10,486912 487450 488550 486914 486915 484753,6,-88.296020600000006,30.387350099999999,2024/08/03 04:04:31.200,2024/08/02 23:04:31.200,
1790,276938,A69-1604-28093,NA,2024/08/03 04:06:35.731,4998.119999999999891,5110.060000000000400,-1,2.028800000000000,NA,0.289300000000000,NA,NA,14,486912 487450 488550 486914 484753 486915 486918 486916 486919,9,486912 487450 488550 486914 484753 486915,6,-88.295969499999998,30.387309500000001,2024/08/03 04:06:35.731,2024/08/02 23:06:35.731,
1791,276953,A69-1604-28093,NA,2024/08/03 04:10:47.577,4985.420000000000073,5107.310000000000400,-1,2.483300000000000,NA,0.280000000000000,NA,NA,12,486912 487450 488550 486915 486914 484753 486918 486916 486909 486919,10,486912 487450 488550 486915 486914 484753,6,-88.296101699999994,30.387284699999999,2024/08/03 04:10:47.577,2024/08/02 23:10:47.577,
1792,276967,A69-1604-28093,NA,2024/08/03 04:12:57.267,4978.409999999999854,5096.100000000000364,-1,2.678100000000000,NA,0.206800000000000,NA,NA,11,486912 487450 486915 486918 486914 486917 486909,7,486912 487450 486915 486918 486914 486917,6,-88.296174699999995,30.387183499999999,2024/08/03 04:12:57.267,2024/08/02 23:12:57.267,
1793,276975,A69-1604-28093,NA,2024/08/03 04:15:13.017,4968.850000000000364,5086.750000000000000,-1,2.391600000000000,NA,0.106000000000000,NA,NA,11,486912 486915 487450 486918 486917 484753 486914 486916 486909 486919,10,486912 486915 487450 486918 486917 484753,6,-88.296274100000005,30.387099200000002,2024/08/03 04:15:13.017,2024/08/02 23:15:13.017,
1794,276998,A69-1604-28093,NA,2024/08/03 04:20:32.987,4952.699999999999818,5074.949999999999818,-1,4.640100000000000,NA,0.191700000000000,NA,NA,9,486915 486912 487450 486918 486917 486909 484753 486914 486916 486919,10,486915 486912 487450 486918 486917 486909,6,-88.296442200000001,30.386992700000000,2024/08/03 04:20:32.987,2024/08/02 23:20:32.987,
1795,277012,A69-1604-28093,NA,2024/08/03 04:23:13.530,4965.729999999999563,5075.909999999999854,-1,2.338900000000000,NA,0.050100000000000,NA,NA,13,486915 486912 486918 486917 484753 486909 486914,7,486915 486912 486918 486917 484753 486909,6,-88.296306500000000,30.387001399999999,2024/08/03 04:23:13.530,2024/08/02 23:23:13.530,
1796,277021,A69-1604-28093,NA,2024/08/03 04:25:31.152,4976.569999999999709,5080.470000000000255,-1,4.327900000000000,NA,0.176900000000000,NA,NA,3,486915 486912 486917 486909,4,486915 486912 486917 486909,4,-88.296193700000003,30.387042500000000,2024/08/03 04:25:31.152,2024/08/02 23:25:31.152,
1797,277031,A69-1604-28093,NA,2024/08/03 04:28:02.825,4982.380000000000109,5087.930000000000291,-1,2.055900000000000,NA,0.253000000000000,NA,NA,13,486912 487450 486915 486918 484753 486916 486917 486909,8,486912 487450 486915 486918 484753 486916,6,-88.296133400000002,30.387109800000001,2024/08/03 04:28:02.825,2024/08/02 23:28:02.825,
1798,277060,A69-1604-28093,NA,2024/08/03 04:36:45.242,4960.369999999999891,5077.409999999999854,-1,2.805300000000000,NA,0.102000000000000,NA,NA,11,486915 486912 487450 486918 486917 484753 486914 486916,8,486915 486912 487450 486918 486917 484753,6,-88.296362299999998,30.387014900000000,2024/08/03 04:36:45.242,2024/08/02 23:36:45.242,
1799,277068,A69-1604-28093,NA,2024/08/03 04:39:16.207,4948.670000000000073,5072.390000000000327,-1,5.417300000000000,NA,0.148900000000000,NA,NA,8,486915 486912 487450 486918 486917 486909 484753 486916 486914,9,486915 486912 487450 486918 486917 486909,6,-88.296484100000001,30.386969600000000,2024/08/03 04:39:16.207,2024/08/02 23:39:16.207,
1800,277080,A69-1604-28093,NA,2024/08/03 04:42:14.570,4960.380000000000109,5076.609999999999673,-1,2.773200000000000,NA,0.092900000000000,NA,NA,11,486915 486912 487450 486918 486917 484753 486909 486916 486914,9,486915 486912 487450 486918 486917 484753,6,-88.296362299999998,30.387007700000002,2024/08/03 04:42:14.570,2024/08/02 23:42:14.570,
1801,277088,A69-1604-28093,NA,2024/08/03 04:45:07.754,4965.020000000000437,5085.569999999999709,-1,5.066000000000000,NA,0.216300000000000,NA,NA,7,486915 487450 486918 486917 486914 486909 486919,7,486915 487450 486918 486917 486914 486909,6,-88.296313900000001,30.387088500000001,2024/08/03 04:45:07.754,2024/08/02 23:45:07.754,
1802,277098,A69-1604-28093,NA,2024/08/03 04:47:50.452,4962.800000000000182,5083.430000000000291,-1,5.991000000000000,NA,0.719700000000000,NA,NA,3,486915 486918 486917 486914 486909,5,486915 486918 486917 486914 486909,5,-88.296336999999994,30.387069300000000,2024/08/03 04:47:50.452,2024/08/02 23:47:50.452,
1803,277106,A69-1604-28093,NA,2024/08/03 04:50:12.299,4962.079999999999927,5077.109999999999673,-1,4.245000000000000,NA,0.188700000000000,NA,NA,4,486915 486912 486918 486917 486914,5,486915 486912 486918 486917 486914,5,-88.296344500000004,30.387012299999999,2024/08/03 04:50:12.299,2024/08/02 23:50:12.299,
1804,277119,A69-1604-28093,NA,2024/08/03 04:52:52.401,4950.149999999999636,5071.840000000000146,-1,5.149600000000000,NA,0.255600000000000,NA,NA,8,486915 486912 487450 486918 486917 486909 484753 486916,8,486915 486912 487450 486918 486917 486909,6,-88.296468700000005,30.386964700000000,2024/08/03 04:52:52.401,2024/08/02 23:52:52.401,
1805,277136,A69-1604-28093,NA,2024/08/03 04:57:38.924,4968.520000000000437,5087.609999999999673,-1,2.943500000000000,NA,0.624900000000000,NA,NA,9,486912 486915 487450 486918 486917 486914 486916 486909,8,486912 486915 487450 486918 486917 486914,6,-88.296277500000002,30.387107000000000,2024/08/03 04:57:38.924,2024/08/02 23:57:38.924,
1806,277163,A69-1604-28093,NA,2024/08/03 05:05:57.007,4947.739999999999782,5079.420000000000073,-1,13.326700000000001,NA,0.222300000000000,NA,NA,1,486915 486912 486918 486917,4,486912 486918 486917,3,-88.296493699999999,30.387033100000000,2024/08/03 05:05:57.007,2024/08/03 00:05:57.007,
1807,277191,A69-1604-28093,NA,2024/08/03 05:12:03.052,4979.029999999999745,5094.930000000000291,-1,2.318400000000000,NA,0.157000000000000,NA,NA,12,486912 487450 486915 486918 486914 484753 486916 486909 486919,9,486912 487450 486915 486918 486914 484753,6,-88.296168100000003,30.387173000000001,2024/08/03 05:12:03.052,2024/08/03 00:12:03.052,
1808,277203,A69-1604-28093,NA,2024/08/03 05:15:04.890,4984.109999999999673,5111.279999999999745,-1,2.506500000000000,NA,0.448800000000000,NA,NA,13,486912 487450 488550 486915 486914 484753 486918 486916 486917 486909 486919,11,486912 487450 488550 486915 486914 484753,6,-88.296115299999997,30.387320500000001,2024/08/03 05:15:04.890,2024/08/03 00:15:04.890,
1809,277220,A69-1604-28093,NA,2024/08/03 05:21:02.049,5007.329999999999927,5107.909999999999854,-1,1.935400000000000,NA,0.239200000000000,NA,NA,15,487450 486912 488550 486914 484753 486915 486916 486918 486917,9,487450 486912 488550 486914 484753 486915,6,-88.295873700000001,30.387290100000001,2024/08/03 05:21:02.049,2024/08/03 00:21:02.049,
1810,277231,A69-1604-28093,NA,2024/08/03 05:23:52.436,5022.939999999999600,5121.289999999999964,-1,1.977200000000000,NA,0.153500000000000,NA,NA,14,486914 487450 488550 484753 486912 486916 486918 486915 486909 486917,10,486914 487450 488550 484753 486912 486916,6,-88.295711299999994,30.387410800000001,2024/08/03 05:23:52.436,2024/08/03 00:23:52.436,
1811,277242,A69-1604-28093,NA,2024/08/03 05:26:29.722,5027.569999999999709,5120.649999999999636,-1,2.049500000000000,NA,0.210800000000000,NA,NA,13,486914 487450 488550 484753 486912 486916 486918 486915 486919 486909 486917,11,486914 487450 488550 484753 486912 486916,6,-88.295663099999999,30.387405000000001,2024/08/03 05:26:29.722,2024/08/03 00:26:29.722,
1812,277252,A69-1604-28093,NA,2024/08/03 05:28:40.796,5027.270000000000437,5112.800000000000182,-1,2.020900000000000,NA,0.250000000000000,NA,NA,12,487450 486914 484753 488550 486912 486916 486918 486915 486919 486909 486917,11,487450 486914 484753 488550 486912 486916,6,-88.295666299999993,30.387334200000002,2024/08/03 05:28:40.796,2024/08/03 00:28:40.796,
1813,277260,A69-1604-28093,NA,2024/08/03 05:30:59.366,5018.500000000000000,5123.069999999999709,-1,2.011500000000000,NA,0.307000000000000,NA,NA,14,486914 488550 487450 486912 484753 486916 486915 486918 486919 486909 486917,11,486914 488550 487450 486912 484753 486916,6,-88.295757499999993,30.387426800000000,2024/08/03 05:30:59.366,2024/08/03 00:30:59.366,
1819,277352,A69-1604-28093,NA,2024/08/03 05:55:06.226,5006.340000000000146,5116.909999999999854,-1,1.928200000000000,NA,0.286100000000000,NA,NA,15,487450 486912 488550 486914 484753 486915 486916 486918 486919 486909 486917,11,487450 486912 488550 486914 484753 486915,6,-88.295884099999995,30.387371300000002,2024/08/03 05:55:06.226,2024/08/03 00:55:06.226,
1821,277373,A69-1604-28093,NA,2024/08/03 05:59:23.685,4990.920000000000073,5111.869999999999891,-1,2.148100000000000,NA,0.252500000000000,NA,NA,14,486912 487450 488550 486914 486915 484753 486918 486916 486909 486917,10,486912 487450 488550 486914 486915 484753,6,-88.296044499999994,30.387325799999999,2024/08/03 05:59:23.685,2024/08/03 00:59:23.685,
1822,277392,A69-1604-28093,NA,2024/08/03 06:04:10.607,5003.300000000000182,5117.359999999999673,-1,2.019000000000000,NA,0.166200000000000,NA,NA,16,486912 488550 486914 486915 486918 486909 486917,7,486912 488550 486914 486915 486918 486909,6,-88.295915699999995,30.387375299999999,2024/08/03 06:04:10.607,2024/08/03 01:04:10.607,
1833,277522,A69-1604-28093,NA,2024/08/03 06:34:22.023,5004.420000000000073,5119.029999999999745,-1,2.033700000000000,NA,0.376700000000000,NA,NA,16,486912 488550 486914 486915 486918 486909 486917,7,486912 488550 486914 486915 486918 486909,6,-88.295903999999993,30.387390400000001,2024/08/03 06:34:22.023,2024/08/03 01:34:22.023,
1834,277530,A69-1604-28093,NA,2024/08/03 06:36:40.844,5013.859999999999673,5115.100000000000364,-1,2.022700000000000,NA,0.296900000000000,NA,NA,13,487450 486914 488550 486912 484753 486916 486915 486918 486919 486909 486917,11,487450 486914 488550 486912 484753 486916,6,-88.295805799999997,30.387354899999998,2024/08/03 06:36:40.844,2024/08/03 01:36:40.844,
1838,277600,A69-1604-28093,NA,2024/08/03 06:51:58.397,4978.260000000000218,5107.979999999999563,-1,3.635900000000000,NA,0.154000000000000,NA,NA,8,486912 487450 488550 486915 486914 484753 486918 486909,8,486912 487450 488550 486915 486914 484753,6,-88.296176200000005,30.387290700000001,2024/08/03 06:51:58.397,2024/08/03 01:51:58.397,
1839,277612,A69-1604-28093,NA,2024/08/03 06:54:24.455,4973.829999999999927,5099.340000000000146,-1,2.968500000000000,NA,0.256400000000000,NA,NA,13,486912 486915 488550 486914 484753 486909 486919,7,486912 486915 488550 486914 484753 486909,6,-88.296222299999997,30.387212699999999,2024/08/03 06:54:24.455,2024/08/03 01:54:24.455,
1841,277648,A69-1604-28093,NA,2024/08/03 07:02:47.717,4977.090000000000146,5107.300000000000182,-1,3.468500000000000,NA,0.275800000000000,NA,NA,10,486912 487450 488550 486915 486914 486918 484753 486916 486909,9,486912 487450 488550 486915 486914 486918,6,-88.296188400000005,30.387284500000000,2024/08/03 07:02:47.717,2024/08/03 02:02:47.717,
1846,277722,A69-1604-28093,NA,2024/08/03 07:21:48.816,5003.020000000000437,5157.680000000000291,-1,14.919800000000000,NA,0.278200000000000,NA,NA,6,488550 486914 486912 487450 484753 486915 486916 486918,8,486914 486912 487450 484753 486915,5,-88.295918499999999,30.387739100000001,2024/08/03 07:21:48.816,2024/08/03 02:21:48.816,
1857,281356,A69-1604-28093,NA,2024/08/03 23:03:13.780,5066.119999999999891,5089.760000000000218,-1,5.229900000000000,NA,0.370400000000000,NA,NA,17,486914 486918 488550 486909 486912 486915 486917,7,486914 486918 488550 486909 486912 486915,6,-88.295261999999994,30.387126299999998,2024/08/03 23:03:13.780,2024/08/03 18:03:13.780,
1860,281391,A69-1604-28093,NA,2024/08/03 23:11:32.727,4996.939999999999600,5041.510000000000218,-1,2.125000000000000,NA,0.333400000000000,NA,NA,12,486918 487450 486915 486909 486917 486916 486912 484753 486919 486914 488550,11,486918 487450 486915 486909 486917 486916,6,-88.295981800000007,30.386691100000000,2024/08/03 23:11:32.727,2024/08/03 18:11:32.727,
1868,281541,A69-1604-28093,NA,2024/08/03 23:48:28.399,5039.739999999999782,5124.899999999999636,-1,3.559500000000000,NA,0.093900000000000,NA,NA,6,486914 484753 488550 487450 486916 486919 486918 486915 486909 486917,10,486914 484753 488550 487450 486916 486919,6,-88.295536499999997,30.387443399999999,2024/08/03 23:48:28.399,2024/08/03 18:48:28.399,
1869,281667,A69-1604-28093,NA,2024/08/04 00:17:32.144,5036.819999999999709,5128.560000000000400,-1,3.038000000000000,NA,0.199300000000000,NA,NA,11,486914 488550 484753 487450 486912 486916 486918 486915 486909 486917,10,486914 488550 484753 487450 486912 486916,6,-88.295566899999997,30.387476400000001,2024/08/04 00:17:32.144,2024/08/03 19:17:32.144,
1870,281682,A69-1604-28093,NA,2024/08/04 00:20:35.657,5062.300000000000182,5103.670000000000073,-1,4.980400000000000,NA,0.250800000000000,NA,NA,3,484753 486914 486916 487450 486919 488550 486909 486915,8,486914 486916 487450 486919 488550,5,-88.295301699999996,30.387251899999999,2024/08/04 00:20:35.657,2024/08/03 19:20:35.657,
1871,281706,A69-1604-28093,NA,2024/08/04 00:26:42.720,5000.520000000000437,5097.149999999999636,-1,2.130000000000000,NA,0.312500000000000,NA,NA,13,487450 486912 488550 484753 486914 486915 486918 486916 486909 486919 486917,11,487450 486912 488550 484753 486914 486915,6,-88.295944599999999,30.387193000000000,2024/08/04 00:26:42.720,2024/08/03 19:26:42.720,
1880,282685,A69-1604-28093,NA,2024/08/04 03:49:10.210,4924.890000000000327,5079.439999999999600,-1,11.896800000000001,NA,0.130500000000000,NA,NA,6,486915 486912 486917 486918 486909 486916 486919,7,486912 486917 486918 486909 486916,5,-88.296731500000007,30.387033200000001,2024/08/04 03:49:10.210,2024/08/03 22:49:10.210,
1882,282757,A69-1604-28093,NA,2024/08/04 04:05:01.079,4971.149999999999636,5090.359999999999673,-1,2.225800000000000,NA,0.244500000000000,NA,NA,11,486912 486915 487450 488550 486918 484753 486914 486917 486916 486909,10,486912 486915 487450 488550 486918 484753,6,-88.296250200000003,30.387131700000001,2024/08/04 04:05:01.079,2024/08/03 23:05:01.079,
1911,287779,A69-1604-28093,NA,2024/08/05 01:33:55.173,4951.590000000000146,5087.810000000000400,-1,5.354700000000000,NA,0.218000000000000,NA,NA,10,486915 486912 487450 486918 488550 486914 484753 486909 486916,9,486915 486912 487450 486918 488550 486914,6,-88.296453700000001,30.387108699999999,2024/08/05 01:33:55.173,2024/08/04 20:33:55.173,
1913,287807,A69-1604-28093,NA,2024/08/05 01:39:29.831,4947.260000000000218,5085.380000000000109,-1,5.177100000000000,NA,0.216300000000000,NA,NA,9,486915 486912 487450 486918 488550 486917 484753 486914 486909 486916,10,486915 486912 487450 486918 488550 486917,6,-88.296498799999995,30.387086799999999,2024/08/05 01:39:29.831,2024/08/04 20:39:29.831,
1936,288221,A69-1604-28093,NA,2024/08/05 03:07:16.624,5011.359999999999673,5153.920000000000073,-1,7.625100000000000,NA,0.157200000000000,NA,NA,11,488550 486914 486912 487450 484753 486916 486915 486918 486919 486909,10,488550 486914 486912 487450 484753 486916,6,-88.295831800000002,30.387705100000002,2024/08/05 03:07:16.624,2024/08/04 22:07:16.624,
1948,304532,A69-1604-28093,NA,2024/08/08 00:38:11.930,5007.000000000000000,5145.930000000000291,-1,3.852900000000000,NA,0.176200000000000,NA,NA,12,488550 486914 486912 487450 484753 486916 486909,7,488550 486914 486912 487450 484753 486916,6,-88.295877099999998,30.387633099999999,2024/08/08 00:38:11.930,2024/08/07 19:38:11.930,
1950,305136,A69-1604-28093,NA,2024/08/08 02:50:44.901,5009.579999999999927,5153.090000000000146,-1,9.148500000000000,NA,0.132000000000000,NA,NA,10,488550 486914 486912 487450 484753 486916 486909,7,488550 486914 486912 487450 484753 486916,6,-88.295850299999998,30.387697599999999,2024/08/08 02:50:44.901,2024/08/07 21:50:44.901,
1954,305220,A69-1604-28093,NA,2024/08/08 03:07:47.991,4996.520000000000437,5116.170000000000073,-1,2.018000000000000,NA,0.054900000000000,NA,NA,14,486912 487450 488550 486914 484753 486915 486916 486918 486909 486919 486917,11,486912 487450 488550 486914 484753 486915,6,-88.295986200000002,30.387364600000002,2024/08/08 03:07:47.991,2024/08/07 22:07:47.991,
1966,305512,A69-1604-28093,NA,2024/08/08 04:04:31.628,5002.369999999999891,5151.380000000000109,-1,13.487600000000000,NA,0.215200000000000,NA,NA,4,488550 486914 486912 484753 486915 486916,6,486914 486912 484753 486915 486916,5,-88.295925400000002,30.387682200000000,2024/08/08 04:04:31.628,2024/08/07 23:04:31.628,
1967,305534,A69-1604-28093,NA,2024/08/08 04:08:48.639,4999.720000000000255,5150.039999999999964,-1,10.491000000000000,NA,0.293800000000000,NA,NA,7,488550 486912 486914 487450 484753 486915 486916,7,488550 486912 486914 487450 484753 486915,6,-88.295952900000003,30.387670100000001,2024/08/08 04:08:48.639,2024/08/07 23:08:48.639,
1970,305604,A69-1604-28093,NA,2024/08/08 04:21:43.371,5005.800000000000182,5151.819999999999709,-1,10.031900000000000,NA,0.451200000000000,NA,NA,6,488550 486914 486912 484753 486915 486916,6,488550 486914 486912 484753 486915 486916,6,-88.295889700000004,30.387686200000001,2024/08/08 04:21:43.371,2024/08/07 23:21:43.371,
1983,337321,A69-1604-28093,NA,2024/08/14 03:39:18.858,5016.229999999999563,5153.470000000000255,-1,7.936200000000000,NA,0.278200000000000,NA,NA,6,488550 486914 486912 487450 484753 486916 486915 486918 486919 486909 486917,11,488550 486914 486912 487450 484753 486916,6,-88.295781099999999,30.387701000000000,2024/08/14 03:39:18.858,2024/08/13 22:39:18.858,
1987,351892,A69-1604-28093,NA,2024/08/16 20:36:03.233,5084.180000000000291,5104.800000000000182,-1,10.770500000000000,NA,0.107700000000000,NA,NA,2,484753 486916 486914 487450 486919,5,486916 486914 487450 486919,4,-88.295074200000002,30.387262100000001,2024/08/16 20:36:03.233,2024/08/16 15:36:03.233,
1991,352607,A69-1604-28093,NA,2024/08/17 00:35:33.933,5060.670000000000073,5088.159999999999854,-1,3.863900000000000,NA,0.081000000000000,NA,NA,5,484753 486916 487450 486914 486919 486918 486912 486915,8,486916 487450 486914 486919 486918,5,-88.295318699999996,30.387111900000001,2024/08/17 00:35:33.933,2024/08/16 19:35:33.933,
1993,352638,A69-1604-28093,NA,2024/08/17 00:46:35.120,5052.840000000000146,5100.369999999999891,-1,2.874300000000000,NA,0.076900000000000,NA,NA,8,484753 486914 486916 487450 486919 486918 486909 486915,8,484753 486914 486916 487450 486919 486918,6,-88.295400200000003,30.387222099999999,2024/08/17 00:46:35.120,2024/08/16 19:46:35.120,
1995,352663,A69-1604-28093,NA,2024/08/17 00:54:22.506,5056.619999999999891,5103.630000000000109,-1,4.401500000000002,NA,0.140800000000000,NA,NA,5,484753 486914 486916 487450 486919 486909 486915,7,486914 486916 487450 486919 486909,5,-88.295360900000006,30.387251400000000,2024/08/17 00:54:22.506,2024/08/16 19:54:22.506,
1996,352672,A69-1604-28093,NA,2024/08/17 00:57:16.405,5056.850000000000364,5103.449999999999818,-1,4.742900000000000,NA,0.128500000000000,NA,NA,2,484753 486914 486916 486919 486915,5,486914 486916 486919 486915,4,-88.295358399999998,30.387249900000000,2024/08/17 00:57:16.405,2024/08/16 19:57:16.405,
1997,352681,A69-1604-28093,NA,2024/08/17 01:00:00.688,5060.180000000000291,5111.600000000000364,-1,4.247900000000000,NA,0.134500000000000,NA,NA,7,484753 486914 486916 487450 486919 486912 486909 486915,8,484753 486914 486916 487450 486919 486912,6,-88.295323900000000,30.387323299999998,2024/08/17 01:00:00.688,2024/08/16 20:00:00.688,
2011,356393,A69-1604-28093,NA,2024/08/17 19:10:19.365,5046.699999999999818,5118.329999999999927,-1,3.336800000000000,NA,2.468800000000000,NA,NA,5,486914 484753 487450 486916 488550 486919 486918 486909,8,486914 484753 487450 486916 488550 486919,6,-88.295464100000004,30.387384099999998,2024/08/17 19:10:19.365,2024/08/17 14:10:19.365,
2013,356437,A69-1604-28093,NA,2024/08/17 19:23:53.494,5085.310000000000400,5103.760000000000218,-1,8.909100000000000,NA,0.144100000000000,NA,NA,5,484753 486916 486914 486919 487450 486909,6,486916 486914 486919 487450 486909,5,-88.295062400000006,30.387252700000001,2024/08/17 19:23:53.494,2024/08/17 14:23:53.494,
2021,357619,A69-1604-28093,NA,2024/08/18 02:14:27.273,5051.100000000000364,5128.439999999999600,-1,11.689900000000000,NA,0.000000000000000,NA,NA,1,486914 484753 487450,3,486914 484753 487450,3,-88.295418400000003,30.387475299999998,2024/08/18 02:14:27.273,2024/08/17 21:14:27.273,
2022,357641,A69-1604-28093,NA,2024/08/18 02:20:04.111,5012.319999999999709,5119.479999999999563,-1,2.004500000000000,NA,0.630100000000000,NA,NA,14,487450 486914 488550 486912 484753 486916 486915 486918 486909,9,487450 486914 488550 486912 484753 486916,6,-88.295821799999999,30.387394400000002,2024/08/18 02:20:04.111,2024/08/17 21:20:04.111,
2023,357654,A69-1604-28093,NA,2024/08/18 02:22:27.124,5007.579999999999927,5139.750000000000000,-1,10.579900000000000,NA,0.000000000000000,NA,NA,1,488550 487450 484753,3,488550 487450 484753,3,-88.295871199999993,30.387577300000000,2024/08/18 02:22:27.124,2024/08/17 21:22:27.124,
2067,524549,A69-1604-28093,NA,2024/09/20 11:30:21.845,5016.000000000000000,5120.460000000000036,-1,1.876200000000000,NA,0.108900000000000,NA,NA,14,486914 488550 486912 484753 486916 486915 486918 486919 486917,9,486914 488550 486912 484753 486916 486915,6,-88.295783499999999,30.387403299999999,2024/09/20 11:30:21.845,2024/09/20 06:30:21.845,
2071,524952,A69-1604-28093,NA,2024/09/20 13:17:48.572,5068.479999999999563,5113.880000000000109,-1,6.821500000000000,NA,0.119600000000000,NA,NA,9,484753 486914 486916 488550 486912 486915,6,484753 486914 486916 488550 486912 486915,6,-88.295237499999999,30.387343900000001,2024/09/20 13:17:48.572,2024/09/20 08:17:48.572,
2072,524965,A69-1604-28093,NA,2024/09/20 13:20:30.776,5047.500000000000000,5090.090000000000146,-1,3.073500000000000,NA,0.147500000000000,NA,NA,8,484753 486916 486914 486919 486918 488550 486912 486915 486917,9,484753 486916 486914 486919 486918 488550,6,-88.295455700000005,30.387129300000002,2024/09/20 13:20:30.776,2024/09/20 08:20:30.776,
2073,524973,A69-1604-28093,NA,2024/09/20 13:22:51.697,5043.000000000000000,5084.250000000000000,-1,2.479800000000000,NA,0.127200000000000,NA,NA,15,484753 486916 486918 486912 486915 486917,6,484753 486916 486918 486912 486915 486917,6,-88.295502600000006,30.387076700000001,2024/09/20 13:22:51.697,2024/09/20 08:22:51.697,
2075,525011,A69-1604-28093,NA,2024/09/20 13:32:40.833,5035.609999999999673,5072.090000000000146,-1,2.025500000000000,NA,0.060800000000000,NA,NA,12,484753 486916 486918 486919 486914 486912 486915 488550 486917,9,484753 486916 486918 486919 486914 486912,6,-88.295579399999994,30.386966999999999,2024/09/20 13:32:40.833,2024/09/20 08:32:40.833,
2076,525034,A69-1604-28093,NA,2024/09/20 13:39:52.217,5045.750000000000000,5090.489999999999782,-1,8.127900000000000,NA,0.286400000000000,NA,NA,4,484753 486919 486918 486915 486917,5,484753 486919 486918 486915 486917,5,-88.295473900000005,30.387132900000001,2024/09/20 13:39:52.217,2024/09/20 08:39:52.217,
2077,525042,A69-1604-28093,NA,2024/09/20 13:42:05.165,5049.600000000000364,5091.350000000000364,-1,3.291600000000000,NA,0.418200000000000,NA,NA,7,484753 486916 486914 486919 486918 488550 486912 486915 486917,9,484753 486916 486914 486919 486918 488550,6,-88.295433900000006,30.387140700000000,2024/09/20 13:42:05.165,2024/09/20 08:42:05.165,
2079,525057,A69-1604-28093,NA,2024/09/20 13:47:08.489,5045.229999999999563,5091.159999999999854,-1,3.002900000000000,NA,0.090100000000000,NA,NA,8,484753 486916 486914 486919 486918 488550 486912 486915 486917,9,484753 486916 486914 486919 486918 488550,6,-88.295479400000005,30.387139000000001,2024/09/20 13:47:08.489,2024/09/20 08:47:08.489,
2080,525074,A69-1604-28093,NA,2024/09/20 13:52:00.366,5043.380000000000109,5088.579999999999927,-1,2.314200000000000,NA,0.091100000000000,NA,NA,15,484753 486916 486914 486918 486912 488550 486915,7,484753 486916 486914 486918 486912 488550,6,-88.295498600000002,30.387115699999999,2024/09/20 13:52:00.366,2024/09/20 08:52:00.366,
2081,525095,A69-1604-28093,NA,2024/09/20 13:58:05.960,5044.340000000000146,5090.689999999999600,-1,2.357700000000000,NA,0.126500000000000,NA,NA,15,484753 486916 486914 486918 486912 488550 486915,7,484753 486916 486914 486918 486912 488550,6,-88.295488599999999,30.387134799999998,2024/09/20 13:58:05.960,2024/09/20 08:58:05.960,
2082,525108,A69-1604-28093,NA,2024/09/20 14:01:07.359,5048.310000000000400,5088.880000000000109,-1,3.060000000000000,NA,0.105800000000000,NA,NA,8,484753 486916 486914 486919 486918 488550 486912 486915 486917,9,484753 486916 486914 486919 486918 488550,6,-88.295447400000000,30.387118399999999,2024/09/20 14:01:07.359,2024/09/20 09:01:07.359,
2083,525120,A69-1604-28093,NA,2024/09/20 14:04:06.422,5046.979999999999563,5088.819999999999709,-1,2.444200000000000,NA,0.100500000000000,NA,NA,15,484753 486916 486914 486918 486912 488550 486915,7,484753 486916 486914 486918 486912 488550,6,-88.295461200000005,30.387117900000000,2024/09/20 14:04:06.422,2024/09/20 09:04:06.422,
2084,525135,A69-1604-28093,NA,2024/09/20 14:07:01.044,5048.300000000000182,5095.829999999999927,-1,8.894399999999999,NA,0.087100000000000,NA,NA,4,486919 486912 486915 486917,4,486919 486912 486915 486917,4,-88.295447400000000,30.387181099999999,2024/09/20 14:07:01.044,2024/09/20 09:07:01.044,
2085,525147,A69-1604-28093,NA,2024/09/20 14:09:46.539,5046.270000000000437,5095.350000000000364,-1,2.966600000000000,NA,0.176400000000000,NA,NA,8,484753 486916 486914 486919 488550 486912 486918 486915 486917,9,484753 486916 486914 486919 488550 486912,6,-88.295468600000007,30.387176799999999,2024/09/20 14:09:46.539,2024/09/20 09:09:46.539,
2086,525155,A69-1604-28093,NA,2024/09/20 14:12:13.770,5047.369999999999891,5089.699999999999818,-1,3.035600000000000,NA,0.112800000000000,NA,NA,8,484753 486916 486914 486919 486918 488550 486912 486915 486917,9,484753 486916 486914 486919 486918 488550,6,-88.295457099999993,30.387125800000000,2024/09/20 14:12:13.770,2024/09/20 09:12:13.770,
2087,525166,A69-1604-28093,NA,2024/09/20 14:15:04.620,5045.460000000000036,5090.909999999999854,-1,2.407600000000000,NA,0.197400000000000,NA,NA,15,484753 486916 486914 486918 486912 488550 486915,7,484753 486916 486914 486918 486912 488550,6,-88.295477000000005,30.387136699999999,2024/09/20 14:15:04.620,2024/09/20 09:15:04.620,
2088,525179,A69-1604-28093,NA,2024/09/20 14:17:42.847,5044.430000000000291,5091.000000000000000,-1,2.352600000000000,NA,0.117400000000000,NA,NA,15,484753 486916 486914 486918 486912 488550 486915 486917,8,484753 486916 486914 486918 486912 488550,6,-88.295487699999995,30.387137500000001,2024/09/20 14:17:42.847,2024/09/20 09:17:42.847,
2089,525190,A69-1604-28093,NA,2024/09/20 14:19:55.827,5045.100000000000364,5087.020000000000437,-1,2.350300000000000,NA,0.034200000000000,NA,NA,15,484753 486916 486914 486918 486912 488550 486915 486917,8,484753 486916 486914 486918 486912 488550,6,-88.295480800000007,30.387101699999999,2024/09/20 14:19:55.827,2024/09/20 09:19:55.827,
2090,525199,A69-1604-28093,NA,2024/09/20 14:22:18.146,5042.789999999999964,5085.449999999999818,-1,2.162400000000000,NA,0.075100000000000,NA,NA,11,484753 486916 486914 486919 486918 486912 488550 486915 486917,9,484753 486916 486914 486919 486918 486912,6,-88.295504699999995,30.387087399999999,2024/09/20 14:22:18.146,2024/09/20 09:22:18.146,
2091,525222,A69-1604-28093,NA,2024/09/20 14:27:17.012,5042.310000000000400,5087.079999999999927,-1,2.172800000000000,NA,0.070900000000000,NA,NA,11,484753 486916 486914 486919 486918 486912 488550 486915 486917,9,484753 486916 486914 486919 486918 486912,6,-88.295509800000005,30.387102200000001,2024/09/20 14:27:17.012,2024/09/20 09:27:17.012,
2092,525231,A69-1604-28093,NA,2024/09/20 14:29:49.398,5040.800000000000182,5087.119999999999891,-1,2.162800000000000,NA,0.122300000000000,NA,NA,11,484753 486916 486914 486919 486918 486912 488550 486915 486917,9,484753 486916 486914 486919 486918 486912,6,-88.295525499999997,30.387102500000001,2024/09/20 14:29:49.398,2024/09/20 09:29:49.398,
2093,525243,A69-1604-28093,NA,2024/09/20 14:32:50.546,5041.890000000000327,5086.750000000000000,-1,3.115500000000000,NA,0.032100000000000,NA,NA,9,484753 486916 486914 486919 486912 488550 486915 486917,8,484753 486916 486914 486919 486912 488550,6,-88.295514200000000,30.387099200000002,2024/09/20 14:32:50.546,2024/09/20 09:32:50.546,
2094,525256,A69-1604-28093,NA,2024/09/20 14:35:49.362,5041.100000000000364,5086.029999999999745,-1,2.830900000000000,NA,0.176400000000000,NA,NA,13,484753 486916 486919 486918 486912 486915 486917,7,484753 486916 486919 486918 486912 486915,6,-88.295522300000002,30.387092700000000,2024/09/20 14:35:49.362,2024/09/20 09:35:49.362,
2095,525266,A69-1604-28093,NA,2024/09/20 14:38:43.483,5043.279999999999745,5081.760000000000218,-1,2.145700000000000,NA,0.146100000000000,NA,NA,11,484753 486916 486914 486919 486918 486912 488550 486915,8,484753 486916 486914 486919 486918 486912,6,-88.295499699999993,30.387054100000000,2024/09/20 14:38:43.483,2024/09/20 09:38:43.483,
2096,525277,A69-1604-28093,NA,2024/09/20 14:41:28.027,5046.500000000000000,5089.869999999999891,-1,2.326000000000000,NA,0.022000000000000,NA,NA,10,484753 486916 486914 486919 486918 486912 488550 486915 486917,9,484753 486916 486914 486919 486918 486912,6,-88.295466200000007,30.387127400000001,2024/09/20 14:41:28.027,2024/09/20 09:41:28.027,
2098,525309,A69-1604-28093,NA,2024/09/20 14:49:12.137,5041.279999999999745,5080.140000000000327,-1,2.140800000000000,NA,0.406500000000000,NA,NA,11,484753 486916 486914 486919 486918 486912 488550 486915 486917,9,484753 486916 486914 486919 486918 486912,6,-88.295520499999995,30.387039600000001,2024/09/20 14:49:12.137,2024/09/20 09:49:12.137,
2099,525319,A69-1604-28093,NA,2024/09/20 14:52:10.960,5044.010000000000218,5083.229999999999563,-1,2.152300000000000,NA,0.081200000000000,NA,NA,11,484753 486916 486914 486919 486918 486912 488550 486915,8,484753 486916 486914 486919 486918 486912,6,-88.295492100000004,30.387067399999999,2024/09/20 14:52:10.960,2024/09/20 09:52:10.960,
2105,525418,A69-1604-28093,NA,2024/09/20 15:20:08.450,5041.899999999999636,5085.859999999999673,-1,8.675000000000002,NA,0.049600000000000,NA,NA,4,486914 488550 486915 486917,4,486914 488550 486915 486917,4,-88.295513999999997,30.387091099999999,2024/09/20 15:20:08.450,2024/09/20 10:20:08.450,
2107,525438,A69-1604-28093,NA,2024/09/20 15:27:38.509,5043.779999999999745,5088.340000000000146,-1,6.301900000000000,NA,0.066200000000000,NA,NA,8,486914 486912 488550 486915 486917,5,486914 486912 488550 486915 486917,5,-88.295494500000004,30.387113500000002,2024/09/20 15:27:38.509,2024/09/20 10:27:38.509,
2108,525448,A69-1604-28093,NA,2024/09/20 15:30:12.280,5043.539999999999964,5088.859999999999673,-1,2.379100000000000,NA,0.063000000000000,NA,NA,14,484753 486916 486914 486912 488550 486915 486917,7,484753 486916 486914 486912 488550 486915,6,-88.295496999999997,30.387118200000000,2024/09/20 15:30:12.280,2024/09/20 10:30:12.280,
2109,525457,A69-1604-28093,NA,2024/09/20 15:32:16.314,5042.000000000000000,5087.609999999999673,-1,2.187200000000000,NA,0.143600000000000,NA,NA,11,484753 486916 486914 486919 486918 486912 488550 486915 486917,9,484753 486916 486914 486919 486918 486912,6,-88.295513000000000,30.387107000000000,2024/09/20 15:32:16.314,2024/09/20 10:32:16.314,
2110,525464,A69-1604-28093,NA,2024/09/20 15:34:20.833,5042.079999999999927,5088.760000000000218,-1,2.331600000000000,NA,0.063200000000000,NA,NA,14,484753 486916 486914 486912 488550 486915 486917,7,484753 486916 486914 486912 488550 486915,6,-88.295512200000005,30.387117300000000,2024/09/20 15:34:20.833,2024/09/20 10:34:20.833,
2113,525491,A69-1604-28093,NA,2024/09/20 15:40:42.363,5043.159999999999854,5088.130000000000109,-1,2.196400000000000,NA,0.030300000000000,NA,NA,11,484753 486916 486914 486919 486918 486912 488550 486915 486917,9,484753 486916 486914 486919 486918 486912,6,-88.295500899999993,30.387111600000001,2024/09/20 15:40:42.363,2024/09/20 10:40:42.363,
2114,525509,A69-1604-28093,NA,2024/09/20 15:45:25.302,5050.239999999999782,5119.060000000000400,-1,3.909300000000000,NA,0.115200000000000,NA,NA,9,486914 484753 486916 488550 486912 486917,6,486914 484753 486916 488550 486912 486917,6,-88.295427200000006,30.387390600000000,2024/09/20 15:45:25.302,2024/09/20 10:45:25.302,
2146,529895,A69-1604-28093,NA,2024/09/21 11:56:09.479,5040.869999999999891,5085.390000000000327,-1,10.128900000000000,NA,0.000000000000000,NA,NA,1,486919 486912 488550,3,486919 486912 488550,3,-88.295524799999995,30.387086900000000,2024/09/21 11:56:09.479,2024/09/21 06:56:09.479,
